date,brand,sku,price,listed,days_to_sell,observed_days
2026-08-28,Hermès,1720181,14750,2025-09-21,341,1
2026-08-28,Hermès,1777366,22500,2025-12-17,254,1
2026-08-28,Hermès,1780614,22500,2026-02-17,192,1
2026-08-28,Hermès,1784881,16955,2025-12-31,240,1
2026-08-28,Hermès,1791731,13995,2026-01-13,227,1
2026-08-28,Hermès,1809992,2325,2026-02-21,188,1
2026-08-28,Hermès,1815193,20695,2026-02-13,196,1
2026-08-28,Hermès,1818534,26995,2026-02-28,181,1
2026-08-28,Hermès,1856084,4995,2026-04-22,128,1
2026-08-28,Hermès,1864644,14720,2026-04-28,122,1
2026-08-28,Hermès,1876258,3415,2026-05-11,109,1
2026-08-28,Hermès,1878850,2495,2026-05-13,107,1
2026-08-28,Hermès,1879787,3550,2026-08-26,2,1
2026-08-28,Hermès,1880123,10160,2026-05-11,109,1
2026-08-28,Hermès,1881763,2290,2026-05-14,106,1
2026-08-28,Hermès,1885863,3895,2026-05-27,93,1
2026-08-28,Hermès,1888765,16500,2026-05-29,91,1
2026-08-28,Hermès,1906206,3195,2026-06-18,71,1
2026-08-28,Hermès,1908284,15995,2026-06-20,69,1
2026-08-28,Hermès,1910520,3195,2026-06-26,63,1
2026-08-28,Hermès,1911113,4495,2026-06-15,74,1
2026-08-28,Hermès,1912086,14995,2026-06-20,69,1
2026-08-28,Hermès,1917047,22495,2026-07-08,51,1
2026-08-28,Hermès,1918577,9780,2026-07-08,51,1
2026-08-28,Hermès,1919318,2995,2026-07-16,43,1
2026-08-28,Hermès,1920798,5125,2026-07-04,55,1
2026-08-28,Hermès,1927226,3605,2026-07-24,35,1
2026-08-28,Hermès,1938629,8545,2026-07-25,34,1
2026-08-28,Hermès,1939546,11350,2026-07-28,31,1
2026-08-28,Hermès,1941880,2845,2026-07-29,30,1
2026-08-28,Hermès,1945219,2450,2026-08-18,10,1
2026-08-28,Hermès,1947896,5395,2026-08-19,9,1
2026-08-28,Hermès,1948398,20950,2026-08-13,15,1
2026-08-28,Hermès,1948988,4095,2026-08-11,17,1
2026-08-28,Hermès,1949433,3995,2026-08-11,17,1
2026-08-28,Hermès,1949554,2995,2026-08-19,9,1
2026-08-28,Hermès,1949623,15995,2026-08-19,9,1
2026-08-28,Hermès,1949754,20995,2026-08-07,21,1
2026-08-28,Hermès,1952249,11995,2026-08-25,3,1
2026-08-28,Hermès,1952271,2350,2026-08-12,16,1
2026-08-28,Hermès,1953716,10950,2026-08-26,2,1
2026-08-28,Hermès,1956926,3795,2026-08-26,2,1
2026-08-28,Hermès,1957012,18995,2026-08-19,9,1
2026-08-28,Hermès,1961588,7095,2026-08-27,1,1
2026-08-28,Hermès,1962088,3195,2026-08-27,1,1
2026-08-28,Hermès,1963228,6995,2026-08-27,1,1
2026-08-28,Chanel,1707437,2450,2026-08-11,17,1
2026-08-28,Chanel,1717485,3180,2025-09-17,345,1
2026-08-28,Chanel,1745095,4490,2025-11-20,281,1
2026-08-28,Chanel,1751723,2620,2025-11-08,293,1
2026-08-28,Chanel,1773789,3705,2026-06-09,80,1
2026-08-28,Chanel,1783950,4495,2026-02-16,193,1
2026-08-28,Chanel,1784501,8580,2025-12-29,242,1
2026-08-28,Chanel,1796820,1480,2026-01-19,221,1
2026-08-28,Chanel,1796912,2280,2026-05-08,112,1
2026-08-28,Chanel,1796986,3915,2026-08-06,22,1
2026-08-28,Chanel,1797085,2895,2026-02-05,204,1
2026-08-28,Chanel,1810145,9020,2026-02-12,197,1
2026-08-28,Chanel,1814450,2750,2026-02-20,189,1
2026-08-28,Chanel,1814842,5295,2026-03-10,171,1
2026-08-28,Chanel,1815054,2325,2026-02-18,191,1
2026-08-28,Chanel,1818497,3175,2026-02-20,189,1
2026-08-28,Chanel,1831253,4500,2026-03-12,169,1
2026-08-28,Chanel,1834737,4590,2026-03-12,169,1
2026-08-28,Chanel,1835526,2855,2026-03-13,168,1
2026-08-28,Chanel,1836805,1930,2026-04-02,148,1
2026-08-28,Chanel,1843586,4495,2026-07-18,41,1
2026-08-28,Chanel,1851320,4595,2026-04-11,139,1
2026-08-28,Chanel,1855233,3795,2026-04-16,134,1
2026-08-28,Chanel,1858047,2000,2026-04-30,120,1
2026-08-28,Chanel,1860349,4195,2026-04-15,135,1
2026-08-28,Chanel,1861544,3195,2026-04-17,133,1
2026-08-28,Chanel,1863093,3995,2026-04-24,126,1
2026-08-28,Chanel,1865217,1985,2026-05-06,114,1
2026-08-28,Chanel,1866126,3250,2026-04-25,125,1
2026-08-28,Chanel,1868158,2450,2026-05-18,102,1
2026-08-28,Chanel,1869952,5200,2026-05-20,100,1
2026-08-28,Chanel,1872448,4895,2026-05-02,118,1
2026-08-28,Chanel,1872470,4595,2026-05-02,118,1
2026-08-28,Chanel,1877093,2065,2026-06-30,59,1
2026-08-28,Chanel,1877281,3395,2026-05-12,108,1
2026-08-28,Chanel,1879357,4695,2026-05-20,100,1
2026-08-28,Chanel,1880140,4495,2026-08-12,16,1
2026-08-28,Chanel,1881015,8495,2026-05-20,100,1
2026-08-28,Chanel,1882210,4195,2026-05-21,99,1
2026-08-28,Chanel,1883164,1995,2026-08-21,7,1
2026-08-28,Chanel,1884197,4295,2026-05-23,97,1
2026-08-28,Chanel,1885426,4295,2026-05-20,100,1
2026-08-28,Chanel,1885453,11295,2026-05-16,104,1
2026-08-28,Chanel,1885674,2075,2026-05-20,100,1
2026-08-28,Chanel,1887683,3905,2026-06-18,71,1
2026-08-28,Chanel,1888708,3895,2026-05-21,99,1
2026-08-28,Chanel,1889589,5675,2026-05-26,94,1
2026-08-28,Chanel,1889735,4395,2026-06-03,86,1
2026-08-28,Chanel,1890518,4095,2026-06-02,87,1
2026-08-28,Chanel,1892249,5520,2026-06-11,78,1
2026-08-28,Chanel,1892572,4395,2026-06-04,85,1
2026-08-28,Chanel,1893680,3905,2026-06-06,83,1
2026-08-28,Chanel,1894523,2120,2026-06-06,83,1
2026-08-28,Chanel,1895376,3055,2026-06-08,81,1
2026-08-28,Chanel,1901867,2250,2026-06-18,71,1
2026-08-28,Chanel,1902236,4395,2026-06-10,79,1
2026-08-28,Chanel,1902396,1075,2026-06-17,72,1
2026-08-28,Chanel,1903301,2395,2026-06-24,65,1
2026-08-28,Chanel,1903331,7645,2026-06-11,78,1
2026-08-28,Chanel,1903918,7650,2026-06-02,87,1
2026-08-28,Chanel,1906308,2895,2026-06-23,66,1
2026-08-28,Chanel,1906335,4195,2026-06-20,69,1
2026-08-28,Chanel,1908539,3235,2026-06-25,64,1
2026-08-28,Chanel,1908609,4100,2026-06-18,71,1
2026-08-28,Chanel,1908964,4135,2026-07-02,57,1
2026-08-28,Chanel,1909255,3495,2026-06-19,70,1
2026-08-28,Chanel,1909558,2995,2026-06-25,64,1
2026-08-28,Chanel,1909764,4635,2026-07-01,58,1
2026-08-28,Chanel,1909926,7120,2026-06-22,67,1
2026-08-28,Chanel,1910412,4595,2026-06-23,66,1
2026-08-28,Chanel,1912423,3395,2026-06-22,67,1
2026-08-28,Chanel,1912503,4295,2026-06-23,66,1
2026-08-28,Chanel,1912943,7595,2026-06-24,65,1
2026-08-28,Chanel,1913278,4490,2026-07-15,44,1
2026-08-28,Chanel,1913543,4650,2026-06-22,67,1
2026-08-28,Chanel,1914489,4695,2026-07-14,45,1
2026-08-28,Chanel,1914727,4035,2026-07-23,36,1
2026-08-28,Chanel,1914899,3865,2026-07-02,57,1
2026-08-28,Chanel,1917783,2065,2026-07-11,48,1
2026-08-28,Chanel,1918567,11695,2026-07-08,51,1
2026-08-28,Chanel,1919099,4765,2026-07-09,50,1
2026-08-28,Chanel,1919265,4595,2026-07-14,45,1
2026-08-28,Chanel,1919948,2695,2026-07-08,51,1
2026-08-28,Chanel,1920900,5125,2026-07-15,44,1
2026-08-28,Chanel,1921189,3620,2026-07-10,49,1
2026-08-28,Chanel,1921496,3995,2026-07-08,51,1
2026-08-28,Chanel,1923428,2275,2026-07-23,36,1
2026-08-28,Chanel,1923555,4035,2026-07-23,36,1
2026-08-28,Chanel,1923588,4270,2026-07-29,30,1
2026-08-28,Chanel,1923726,4405,2026-07-08,51,1
2026-08-28,Chanel,1924316,3395,2026-07-17,42,1
2026-08-28,Chanel,1924736,4585,2026-07-09,50,1
2026-08-28,Chanel,1926043,1995,2026-08-04,24,1
2026-08-28,Chanel,1926550,5315,2026-07-16,43,1
2026-08-28,Chanel,1927421,2920,2026-07-23,36,1
2026-08-28,Chanel,1927588,2650,2026-07-23,36,1
2026-08-28,Chanel,1928057,3635,2026-07-21,38,1
2026-08-28,Chanel,1928265,7785,2026-07-18,41,1
2026-08-28,Chanel,1928391,4460,2026-07-18,41,1
2026-08-28,Chanel,1928774,1695,2026-08-12,16,1
2026-08-28,Chanel,1929021,3415,2026-07-18,41,1
2026-08-28,Chanel,1934850,4365,2026-07-18,41,1
2026-08-28,Chanel,1934901,5195,2026-07-24,35,1
2026-08-28,Chanel,1935334,3795,2026-07-20,39,1
2026-08-28,Chanel,1935438,2750,2026-07-28,31,1
2026-08-28,Chanel,1935532,4365,2026-07-24,35,1
2026-08-28,Chanel,1936059,3995,2026-08-15,13,1
2026-08-28,Chanel,1936734,2465,2026-07-20,39,1
2026-08-28,Chanel,1936830,3595,2026-08-14,14,1
2026-08-28,Chanel,1937702,4365,2026-07-23,36,1
2026-08-28,Chanel,1937868,2560,2026-07-23,36,1
2026-08-28,Chanel,1937903,4695,2026-07-22,37,1
2026-08-28,Chanel,1937916,4460,2026-07-22,37,1
2026-08-28,Chanel,1937923,2180,2026-07-22,37,1
2026-08-28,Chanel,1938357,3415,2026-07-24,35,1
2026-08-28,Chanel,1939517,4365,2026-07-25,34,1
2026-08-28,Chanel,1939600,4365,2026-07-24,35,1
2026-08-28,Chanel,1940302,2515,2026-07-30,29,1
2026-08-28,Chanel,1940483,4080,2026-07-25,34,1
2026-08-28,Chanel,1941444,3895,2026-07-31,28,1
2026-08-28,Chanel,1941703,7690,2026-07-29,30,1
2026-08-28,Chanel,1941994,2595,2026-08-11,17,1
2026-08-28,Chanel,1944071,5795,2026-08-25,3,1
2026-08-28,Chanel,1944626,4365,2026-07-31,28,1
2026-08-28,Chanel,1944837,4890,2026-08-01,27,1
2026-08-28,Chanel,1949900,2395,2026-08-05,23,1
2026-08-28,Chanel,1949955,9295,2026-08-07,21,1
2026-08-28,Chanel,1951957,3995,2026-08-08,20,1
2026-08-28,Chanel,1952146,2995,2026-08-21,7,1
2026-08-28,Chanel,1952813,15995,2026-08-10,18,1
2026-08-28,Chanel,1953671,4995,2026-08-18,10,1
2026-08-28,Chanel,1953817,3195,2026-08-27,1,1
2026-08-28,Chanel,1954113,3395,2026-08-13,15,1
2026-08-28,Chanel,1954364,5750,2026-08-20,8,1
2026-08-28,Chanel,1954575,3850,2026-08-25,3,1
2026-08-28,Chanel,1955069,3595,2026-08-21,7,1
2026-08-28,Chanel,1956555,7495,2026-08-18,10,1
2026-08-28,Chanel,1956597,2195,2026-08-26,2,1
2026-08-28,Chanel,1957779,9500,2026-08-26,2,1
2026-08-28,Chanel,1957844,7790,2026-08-24,4,1
2026-08-28,Chanel,1958094,4095,2026-08-24,4,1
2026-08-28,Chanel,1958392,4295,2026-08-25,3,1
2026-08-28,Chanel,1959601,3595,2026-08-24,4,1
2026-08-28,Chanel,1959874,4995,2026-08-26,2,1
2026-08-28,Chanel,1960260,3595,2026-08-27,1,1
2026-08-28,Chanel,1960319,7500,2026-08-27,1,1
2026-08-28,Chanel,1960349,8595,2026-08-24,4,1
2026-08-28,Chanel,1960536,3595,2026-08-26,2,1
2026-08-28,Chanel,1960781,4295,2026-08-19,9,1
2026-08-28,Chanel,1961510,6595,2026-08-26,2,1
2026-08-28,Chanel,1961736,10995,2026-08-24,4,1
2026-08-28,Chanel,1962588,1395,2026-08-27,1,1
2026-08-28,Chanel,1962594,1795,2026-08-26,2,1
2026-08-28,Chanel,1963490,8595,2026-08-26,2,1
2026-08-28,Louis Vuitton,1677994,1395,2025-07-26,398,1
2026-08-28,Louis Vuitton,1683323,1295,2025-08-09,384,1
2026-08-28,Louis Vuitton,1722064,1650,2025-09-24,338,1
2026-08-28,Louis Vuitton,1806242,630,2026-07-31,28,1
2026-08-28,Louis Vuitton,1811026,1645,2026-08-06,22,1
2026-08-28,Louis Vuitton,1817846,985,2026-02-25,184,1
2026-08-28,Louis Vuitton,1830143,2325,2026-07-18,41,1
2026-08-28,Louis Vuitton,1831045,1615,2026-03-06,175,1
2026-08-28,Louis Vuitton,1836268,5955,2026-03-24,157,1
2026-08-28,Louis Vuitton,1839080,1785,2026-03-21,160,1
2026-08-28,Louis Vuitton,1845252,1880,2026-04-08,142,1
2026-08-28,Louis Vuitton,1845679,1880,2026-04-02,148,1
2026-08-28,Louis Vuitton,1848093,2050,2026-04-08,142,1
2026-08-28,Louis Vuitton,1849262,510,2026-04-04,146,1
2026-08-28,Louis Vuitton,1849857,765,2026-07-07,52,1
2026-08-28,Louis Vuitton,1850353,675,2026-04-09,141,1
2026-08-28,Louis Vuitton,1852930,3970,2026-05-05,115,1
2026-08-28,Louis Vuitton,1859025,735,2026-07-06,53,1
2026-08-28,Louis Vuitton,1860312,3295,2026-04-14,136,1
2026-08-28,Louis Vuitton,1861729,1225,2026-04-24,126,1
2026-08-28,Louis Vuitton,1865551,1550,2026-08-21,7,1
2026-08-28,Louis Vuitton,1867381,1645,2026-04-29,121,1
2026-08-28,Louis Vuitton,1867919,4270,2026-04-27,123,1
2026-08-28,Louis Vuitton,1868299,3995,2026-05-02,118,1
2026-08-28,Louis Vuitton,1870214,1850,2026-04-30,120,1
2026-08-28,Louis Vuitton,1870944,920,2026-05-08,112,1
2026-08-28,Louis Vuitton,1878068,1355,2026-05-11,109,1
2026-08-28,Louis Vuitton,1879793,1350,2026-05-14,106,1
2026-08-28,Louis Vuitton,1880331,1795,2026-05-28,92,1
2026-08-28,Louis Vuitton,1880338,4120,2026-05-15,105,1
2026-08-28,Louis Vuitton,1882611,740,2026-05-14,106,1
2026-08-28,Louis Vuitton,1883447,1645,2026-05-14,106,1
2026-08-28,Louis Vuitton,1883926,1165,2026-05-18,102,1
2026-08-28,Louis Vuitton,1884040,2475,2026-05-27,93,1
2026-08-28,Louis Vuitton,1885061,715,2026-05-29,91,1
2026-08-28,Louis Vuitton,1887809,1080,2026-05-28,92,1
2026-08-28,Louis Vuitton,1888184,795,2026-05-29,91,1
2026-08-28,Louis Vuitton,1888913,975,2026-05-30,90,1
2026-08-28,Louis Vuitton,1889499,2925,2026-05-23,97,1
2026-08-28,Louis Vuitton,1889694,840,2026-05-23,97,1
2026-08-28,Louis Vuitton,1889969,875,2026-05-23,97,1
2026-08-28,Louis Vuitton,1890125,1545,2026-05-27,93,1
2026-08-28,Louis Vuitton,1890217,2795,2026-06-02,87,1
2026-08-28,Louis Vuitton,1890840,4095,2026-06-01,88,1
2026-08-28,Louis Vuitton,1895716,2290,2026-06-08,81,1
2026-08-28,Louis Vuitton,1901874,2965,2026-06-11,78,1
2026-08-28,Louis Vuitton,1902089,1525,2026-06-10,79,1
2026-08-28,Louis Vuitton,1904161,3095,2026-06-22,67,1
2026-08-28,Louis Vuitton,1905044,1350,2026-06-17,72,1
2026-08-28,Louis Vuitton,1908176,1400,2026-06-17,72,1
2026-08-28,Louis Vuitton,1908200,1825,2026-06-18,71,1
2026-08-28,Louis Vuitton,1908279,805,2026-06-23,66,1
2026-08-28,Louis Vuitton,1908705,1150,2026-06-17,72,1
2026-08-28,Louis Vuitton,1908781,2605,2026-06-24,65,1
2026-08-28,Louis Vuitton,1909706,1950,2026-06-22,67,1
2026-08-28,Louis Vuitton,1909765,1250,2026-06-25,64,1
2026-08-28,Louis Vuitton,1911393,1400,2026-06-19,70,1
2026-08-28,Louis Vuitton,1912439,4405,2026-06-27,62,1
2026-08-28,Louis Vuitton,1913096,1885,2026-07-01,58,1
2026-08-28,Louis Vuitton,1914026,1935,2026-07-08,51,1
2026-08-28,Louis Vuitton,1914054,3915,2026-06-27,62,1
2026-08-28,Louis Vuitton,1914084,1865,2026-06-22,67,1
2026-08-28,Louis Vuitton,1914116,3495,2026-06-27,62,1
2026-08-28,Louis Vuitton,1916539,2595,2026-06-27,62,1
2026-08-28,Louis Vuitton,1917581,1375,2026-07-04,55,1
2026-08-28,Louis Vuitton,1917584,765,2026-07-01,58,1
2026-08-28,Louis Vuitton,1919121,1795,2026-07-01,58,1
2026-08-28,Louis Vuitton,1919489,3015,2026-07-16,43,1
2026-08-28,Louis Vuitton,1920348,3795,2026-07-08,51,1
2026-08-28,Louis Vuitton,1921360,1575,2026-07-11,48,1
2026-08-28,Louis Vuitton,1922078,660,2026-07-31,28,1
2026-08-28,Louis Vuitton,1922297,850,2026-07-14,45,1
2026-08-28,Louis Vuitton,1922372,1795,2026-07-04,55,1
2026-08-28,Louis Vuitton,1923082,2180,2026-07-17,42,1
2026-08-28,Louis Vuitton,1924116,2275,2026-07-18,41,1
2026-08-28,Louis Vuitton,1924809,2085,2026-07-21,38,1
2026-08-28,Louis Vuitton,1924934,1610,2026-07-15,44,1
2026-08-28,Louis Vuitton,1925396,2195,2026-07-23,36,1
2026-08-28,Louis Vuitton,1926684,1945,2026-07-16,43,1
2026-08-28,Louis Vuitton,1927516,2295,2026-07-17,42,1
2026-08-28,Louis Vuitton,1927519,825,2026-07-17,42,1
2026-08-28,Louis Vuitton,1927925,615,2026-07-31,28,1
2026-08-28,Louis Vuitton,1928566,1090,2026-07-18,41,1
2026-08-28,Louis Vuitton,1928916,2845,2026-07-24,35,1
2026-08-28,Louis Vuitton,1928996,1195,2026-08-06,22,1
2026-08-28,Louis Vuitton,1934958,2150,2026-08-04,24,1
2026-08-28,Louis Vuitton,1936191,1495,2026-08-25,3,1
2026-08-28,Louis Vuitton,1936449,1135,2026-07-25,34,1
2026-08-28,Louis Vuitton,1936505,475,2026-07-23,36,1
2026-08-28,Louis Vuitton,1937446,4365,2026-07-28,31,1
2026-08-28,Louis Vuitton,1938981,1990,2026-07-22,37,1
2026-08-28,Louis Vuitton,1939216,650,2026-07-29,30,1
2026-08-28,Louis Vuitton,1939518,2845,2026-07-25,34,1
2026-08-28,Louis Vuitton,1939951,2180,2026-07-25,34,1
2026-08-28,Louis Vuitton,1941072,625,2026-08-19,9,1
2026-08-28,Louis Vuitton,1941530,1895,2026-07-28,31,1
2026-08-28,Louis Vuitton,1941779,2135,2026-07-28,31,1
2026-08-28,Louis Vuitton,1941782,2295,2026-07-28,31,1
2026-08-28,Louis Vuitton,1942446,595,2026-08-01,27,1
2026-08-28,Louis Vuitton,1942894,1895,2026-07-31,28,1
2026-08-28,Louis Vuitton,1943057,2150,2026-08-18,10,1
2026-08-28,Louis Vuitton,1943535,565,2026-07-29,30,1
2026-08-28,Louis Vuitton,1944144,2395,2026-08-13,15,1
2026-08-28,Louis Vuitton,1944146,795,2026-08-13,15,1
2026-08-28,Louis Vuitton,1944327,12995,2026-08-21,7,1
2026-08-28,Louis Vuitton,1946261,475,2026-08-18,10,1
2026-08-28,Louis Vuitton,1946417,875,2026-08-05,23,1
2026-08-28,Louis Vuitton,1947019,4195,2026-08-07,21,1
2026-08-28,Louis Vuitton,1947032,1495,2026-08-05,23,1
2026-08-28,Louis Vuitton,1947048,2150,2026-08-05,23,1
2026-08-28,Louis Vuitton,1947419,2095,2026-08-20,8,1
2026-08-28,Louis Vuitton,1948395,695,2026-08-11,17,1
2026-08-28,Louis Vuitton,1950258,3425,2026-08-19,9,1
2026-08-28,Louis Vuitton,1950621,1395,2026-08-18,10,1
2026-08-28,Louis Vuitton,1950697,1095,2026-08-13,15,1
2026-08-28,Louis Vuitton,1950863,4195,2026-08-06,22,1
2026-08-28,Louis Vuitton,1950938,1750,2026-08-07,21,1
2026-08-28,Louis Vuitton,1951384,3295,2026-08-13,15,1
2026-08-28,Louis Vuitton,1952416,2595,2026-08-13,15,1
2026-08-28,Louis Vuitton,1952511,2695,2026-08-14,14,1
2026-08-28,Louis Vuitton,1952654,995,2026-08-22,6,1
2026-08-28,Louis Vuitton,1953475,2795,2026-08-19,9,1
2026-08-28,Louis Vuitton,1953556,2895,2026-08-18,10,1
2026-08-28,Louis Vuitton,1953704,1595,2026-08-21,7,1
2026-08-28,Louis Vuitton,1954178,550,2026-08-21,7,1
2026-08-28,Louis Vuitton,1954249,1995,2026-08-18,10,1
2026-08-28,Louis Vuitton,1954268,1495,2026-08-27,1,1
2026-08-28,Louis Vuitton,1954611,1895,2026-08-13,15,1
2026-08-28,Louis Vuitton,1954915,2595,2026-08-20,8,1
2026-08-28,Louis Vuitton,1955129,1250,2026-08-24,4,1
2026-08-28,Louis Vuitton,1955800,1050,2026-08-14,14,1
2026-08-28,Louis Vuitton,1956358,1050,2026-08-26,2,1
2026-08-28,Louis Vuitton,1956438,895,2026-08-21,7,1
2026-08-28,Louis Vuitton,1956460,1995,2026-08-25,3,1
2026-08-28,Louis Vuitton,1956687,1695,2026-08-22,6,1
2026-08-28,Louis Vuitton,1956721,3995,2026-08-20,8,1
2026-08-28,Louis Vuitton,1956735,3450,2026-08-18,10,1
2026-08-28,Louis Vuitton,1956777,1095,2026-08-21,7,1
2026-08-28,Louis Vuitton,1956982,1695,2026-08-20,8,1
2026-08-28,Louis Vuitton,1957198,1750,2026-08-24,4,1
2026-08-28,Louis Vuitton,1957330,2095,2026-08-24,4,1
2026-08-28,Louis Vuitton,1957490,1695,2026-08-25,3,1
2026-08-28,Louis Vuitton,1957593,1695,2026-08-25,3,1
2026-08-28,Louis Vuitton,1957630,1395,2026-08-27,1,1
2026-08-28,Louis Vuitton,1957809,2995,2026-08-27,1,1
2026-08-28,Louis Vuitton,1958118,2895,2026-08-26,2,1
2026-08-28,Louis Vuitton,1958119,1095,2026-08-26,2,1
2026-08-28,Louis Vuitton,1958120,1095,2026-08-25,3,1
2026-08-28,Louis Vuitton,1958241,1150,2026-08-25,3,1
2026-08-28,Louis Vuitton,1958871,3095,2026-08-25,3,1
2026-08-28,Louis Vuitton,1958967,1150,2026-08-27,1,1
2026-08-28,Louis Vuitton,1959134,1350,2026-08-26,2,1
2026-08-28,Louis Vuitton,1959141,1350,2026-08-25,3,1
2026-08-28,Louis Vuitton,1959143,895,2026-08-24,4,1
2026-08-28,Louis Vuitton,1959256,1395,2026-08-27,1,1
2026-08-28,Louis Vuitton,1959277,1350,2026-08-22,6,1
2026-08-28,Louis Vuitton,1959291,650,2026-08-27,1,1
2026-08-28,Louis Vuitton,1959658,1350,2026-08-25,3,1
2026-08-28,Louis Vuitton,1959747,1950,2026-08-25,3,1
2026-08-28,Louis Vuitton,1959901,1950,2026-08-22,6,1
2026-08-28,Louis Vuitton,1960493,1450,2026-08-25,3,1
2026-08-28,Louis Vuitton,1960545,2595,2026-08-24,4,1
2026-08-28,Louis Vuitton,1960550,2995,2026-08-24,4,1
2026-08-28,Louis Vuitton,1960567,1895,2026-08-27,1,1
2026-08-28,Louis Vuitton,1960650,2250,2026-08-24,4,1
2026-08-28,Louis Vuitton,1960669,2095,2026-08-24,4,1
2026-08-28,Louis Vuitton,1960718,2995,2026-08-24,4,1
2026-08-28,Louis Vuitton,1960786,1895,2026-08-27,1,1
2026-08-28,Louis Vuitton,1960831,1695,2026-08-24,4,1
2026-08-28,Louis Vuitton,1960964,1795,2026-08-27,1,1
2026-08-28,Louis Vuitton,1961155,8595,2026-08-27,1,1
2026-08-28,Louis Vuitton,1961182,1395,2026-08-25,3,1
2026-08-28,Louis Vuitton,1961390,1850,2026-08-25,3,1
2026-08-28,Louis Vuitton,1961409,2195,2026-08-24,4,1
2026-08-28,Louis Vuitton,1961803,8595,2026-08-27,1,1
2026-08-28,Louis Vuitton,1961859,2695,2026-08-27,1,1
2026-08-28,Louis Vuitton,1962593,1095,2026-08-27,1,1
2026-08-28,Louis Vuitton,1962741,4295,2026-08-25,3,1
2026-08-28,Louis Vuitton,1963101,1195,2026-08-27,1,1
2026-08-28,Louis Vuitton,1963103,1395,2026-08-27,1,1
2026-08-28,Louis Vuitton,1963389,1095,2026-08-26,2,1
2026-08-28,Louis Vuitton,1963853,1425,2026-08-26,2,1
2026-08-28,Goyard,1857252,2475,2026-05-08,112,1
2026-08-28,Goyard,1889796,3115,2026-05-22,98,1
2026-08-28,Goyard,1927188,3700,2026-07-16,43,1
2026-08-28,Goyard,1945126,2990,2026-07-31,28,1
2026-08-28,Goyard,1949171,4795,2026-08-05,23,1
2026-08-28,Goyard,1953144,1595,2026-08-26,2,1
2026-08-28,Goyard,1961691,2595,2026-08-27,1,1
2026-08-28,Dior,1696696,395,2025-09-19,343,1
2026-08-28,Dior,1736831,995,2025-10-18,314,1
2026-08-28,Dior,1762611,1160,2025-12-09,262,1
2026-08-28,Dior,1764305,2515,2026-06-22,67,1
2026-08-28,Dior,1798575,2410,2026-02-06,203,1
2026-08-28,Dior,1828248,2190,2026-03-05,176,1
2026-08-28,Dior,1836618,3195,2026-03-19,162,1
2026-08-28,Dior,1857689,2795,2026-04-11,139,1
2026-08-28,Dior,1866334,2595,2026-05-05,115,1
2026-08-28,Dior,1875773,3980,2026-05-11,109,1
2026-08-28,Dior,1889724,3775,2026-08-26,2,1
2026-08-28,Dior,1904282,3995,2026-06-13,76,1
2026-08-28,Dior,1909800,2795,2026-06-19,70,1
2026-08-28,Dior,1912179,2695,2026-07-01,58,1
2026-08-28,Dior,1916734,3325,2026-07-08,51,1
2026-08-28,Dior,1916876,1230,2026-06-26,63,1
2026-08-28,Dior,1922881,2065,2026-07-10,49,1
2026-08-28,Dior,1922927,3495,2026-07-16,43,1
2026-08-28,Dior,1926887,595,2026-07-21,38,1
2026-08-28,Dior,1926969,2785,2026-07-11,48,1
2026-08-28,Dior,1934847,3320,2026-07-18,41,1
2026-08-28,Dior,1934946,2180,2026-07-31,28,1
2026-08-28,Dior,1935421,4555,2026-07-22,37,1
2026-08-28,Dior,1935746,3795,2026-07-22,37,1
2026-08-28,Dior,1939027,3595,2026-08-20,8,1
2026-08-28,Dior,1943483,3650,2026-08-04,24,1
2026-08-28,Dior,1949798,1750,2026-08-13,15,1
2026-08-28,Dior,1953201,3595,2026-08-13,15,1
2026-08-28,Dior,1953503,5895,2026-08-12,16,1
2026-08-28,Dior,1955706,1450,2026-08-27,1,1
2026-08-28,Dior,1957235,1695,2026-08-26,2,1
2026-08-28,Dior,1957618,2995,2026-08-25,3,1
2026-08-28,Dior,1958189,3450,2026-08-25,3,1
2026-08-28,Dior,1958361,950,2026-08-27,1,1
2026-08-28,Dior,1958433,1150,2026-08-27,1,1
2026-08-28,Dior,1958656,3495,2026-08-25,3,1
2026-08-28,Dior,1959495,550,2026-08-26,2,1
2026-08-28,Dior,1959783,3650,2026-08-27,1,1
2026-08-28,Dior,1960785,3495,2026-08-25,3,1
2026-08-28,Fendi,1801426,900,2026-01-30,210,1
2026-08-28,Fendi,1820760,2385,2026-07-20,39,1
2026-08-28,Fendi,1846837,705,2026-04-04,146,1
2026-08-28,Fendi,1863312,1570,2026-04-17,133,1
2026-08-28,Fendi,1863526,1195,2026-05-01,119,1
2026-08-28,Fendi,1885281,3890,2026-05-30,90,1
2026-08-28,Fendi,1888339,2295,2026-06-03,86,1
2026-08-28,Fendi,1890181,2595,2026-05-20,100,1
2026-08-28,Fendi,1902877,2995,2026-06-16,73,1
2026-08-28,Fendi,1911161,2595,2026-07-01,58,1
2026-08-28,Fendi,1927028,3130,2026-07-16,43,1
2026-08-28,Fendi,1937282,2020,2026-07-20,39,1
2026-08-28,Fendi,1939595,1090,2026-07-24,35,1
2026-08-28,Fendi,1941229,1050,2026-08-04,24,1
2026-08-28,Fendi,1946745,2495,2026-08-13,15,1
2026-08-28,Fendi,1952961,450,2026-08-12,16,1
2026-08-28,Fendi,1955816,1350,2026-08-25,3,1
2026-08-28,Fendi,1958813,1895,2026-08-25,3,1
2026-08-28,The Row,1911818,4675,2026-07-01,58,1
2026-08-28,The Row,1938593,3130,2026-07-28,31,1
2026-08-28,The Row,1943140,3995,2026-08-06,22,1
2026-08-28,The Row,1943144,3995,2026-08-04,24,1
2026-08-28,The Row,1948976,5495,2026-08-19,9,1
2026-08-28,The Row,1949164,4295,2026-08-06,22,1
2026-08-28,The Row,1957271,1995,2026-08-27,1,1
2026-08-28,The Row,1959270,2095,2026-08-27,1,1
2026-08-28,Cartier,1855684,3675,2026-04-23,127,1
2026-08-28,Cartier,1889949,1525,2026-06-12,77,1
2026-08-28,Cartier,1891006,6795,2026-06-12,77,1
2026-08-28,Cartier,1895633,895,2026-06-13,76,1
2026-08-28,Cartier,1905198,2205,2026-06-20,69,1
2026-08-28,Cartier,1906178,950,2026-06-25,64,1
2026-08-28,Cartier,1910346,1090,2026-07-02,57,1
2026-08-28,Cartier,1928439,2550,2026-08-11,17,1
2026-08-28,Cartier,1935034,2295,2026-08-11,17,1
2026-08-28,Cartier,1935585,1250,2026-08-04,24,1
2026-08-28,Cartier,1937096,995,2026-07-30,29,1
2026-08-28,Cartier,1937917,2250,2026-07-29,30,1
2026-08-28,Cartier,1938955,3995,2026-08-21,7,1
2026-08-28,Cartier,1949683,3595,2026-08-20,8,1
2026-08-28,Cartier,1949694,3495,2026-08-21,7,1
2026-08-28,Cartier,1950002,6095,2026-08-21,7,1
2026-08-28,Cartier,1954044,1650,2026-08-24,4,1
2026-08-29,Hermès,1806499,2290,2026-02-05,205,2
2026-08-29,Hermès,1840042,8120,2026-03-28,154,2
2026-08-29,Hermès,1841865,6795,2026-03-26,156,2
2026-08-29,Hermès,1850966,1015,2026-04-14,137,2
2026-08-29,Hermès,1866267,3445,2026-05-05,116,2
2026-08-29,Hermès,1879849,2995,2026-05-08,113,2
2026-08-29,Hermès,1892519,13495,2026-06-05,85,2
2026-08-29,Hermès,1901574,7995,2026-06-09,81,2
2026-08-29,Hermès,1901613,8250,2026-06-09,81,2
2026-08-29,Hermès,1912030,17095,2026-06-25,65,1
2026-08-29,Hermès,1917098,6265,2026-06-26,64,2
2026-08-29,Hermès,1923817,3595,2026-07-11,49,2
2026-08-29,Hermès,1925802,5980,2026-07-15,45,2
2026-08-29,Hermès,1938437,7785,2026-07-31,29,2
2026-08-29,Hermès,1942314,9995,2026-08-07,22,2
2026-08-29,Hermès,1942395,785,2026-08-01,28,2
2026-08-29,Hermès,1944129,6795,2026-08-27,2,2
2026-08-29,Hermès,1945144,24695,2026-07-31,29,2
2026-08-29,Hermès,1948230,2895,2026-08-12,17,2
2026-08-29,Hermès,1949791,14995,2026-08-07,22,2
2026-08-29,Hermès,1950326,2895,2026-08-07,22,2
2026-08-29,Hermès,1952802,31995,2026-08-20,9,2
2026-08-29,Hermès,1956535,30995,2026-08-21,8,2
2026-08-29,Hermès,1956808,2495,2026-08-20,9,2
2026-08-29,Hermès,1956856,19995,2026-08-24,5,2
2026-08-29,Hermès,1958929,10950,2026-08-26,3,2
2026-08-29,Hermès,1960128,2795,2026-08-28,1,1
2026-08-29,Chanel,1675290,3250,2025-09-19,344,2
2026-08-29,Chanel,1736409,3395,2026-06-16,74,1
2026-08-29,Chanel,1739398,4510,2025-10-21,312,2
2026-08-29,Chanel,1769750,2190,2025-12-02,270,2
2026-08-29,Chanel,1782738,2500,2025-12-26,246,1
2026-08-29,Chanel,1795750,2855,2026-01-14,227,2
2026-08-29,Chanel,1811242,3250,2026-02-10,200,2
2026-08-29,Chanel,1826540,3150,2026-03-04,178,2
2026-08-29,Chanel,1826938,3595,2026-03-27,155,2
2026-08-29,Chanel,1834046,2300,2026-03-10,172,2
2026-08-29,Chanel,1837526,1995,2026-04-07,144,2
2026-08-29,Chanel,1844280,1255,2026-06-09,81,2
2026-08-29,Chanel,1848661,2800,2026-03-31,151,1
2026-08-29,Chanel,1849295,4250,2026-04-04,147,2
2026-08-29,Chanel,1852241,1780,2026-04-05,146,2
2026-08-29,Chanel,1856884,3595,2026-04-10,141,2
2026-08-29,Chanel,1860105,1605,2026-04-23,128,2
2026-08-29,Chanel,1863991,2550,2026-04-18,133,2
2026-08-29,Chanel,1872164,5690,2026-05-02,119,2
2026-08-29,Chanel,1872720,3610,2026-06-06,84,2
2026-08-29,Chanel,1876573,3795,2026-05-09,112,2
2026-08-29,Chanel,1876575,4875,2026-05-09,112,2
2026-08-29,Chanel,1876842,4345,2026-05-11,110,2
2026-08-29,Chanel,1879414,9195,2026-05-16,105,2
2026-08-29,Chanel,1881864,6385,2026-06-30,60,2
2026-08-29,Chanel,1882139,1795,2026-05-29,92,2
2026-08-29,Chanel,1882604,3670,2026-05-13,108,2
2026-08-29,Chanel,1882915,2850,2026-05-29,92,2
2026-08-29,Chanel,1884151,2795,2026-05-20,101,2
2026-08-29,Chanel,1885849,2250,2026-06-04,86,1
2026-08-29,Chanel,1886597,5515,2026-07-29,31,2
2026-08-29,Chanel,1887180,3395,2026-05-23,98,2
2026-08-29,Chanel,1887223,1995,2026-05-22,99,2
2026-08-29,Chanel,1887491,5085,2026-05-21,100,2
2026-08-29,Chanel,1887708,2940,2026-07-16,44,2
2026-08-29,Chanel,1895309,3095,2026-06-08,82,2
2026-08-29,Chanel,1897191,1610,2026-06-16,74,2
2026-08-29,Chanel,1901205,2035,2026-06-12,78,2
2026-08-29,Chanel,1904710,3055,2026-06-13,77,2
2026-08-29,Chanel,1905473,6265,2026-06-23,67,2
2026-08-29,Chanel,1906796,5520,2026-06-16,74,2
2026-08-29,Chanel,1906926,6995,2026-06-16,74,2
2026-08-29,Chanel,1906987,5595,2026-06-16,74,2
2026-08-29,Chanel,1909330,3595,2026-06-23,67,2
2026-08-29,Chanel,1909438,2795,2026-06-25,65,2
2026-08-29,Chanel,1911233,2995,2026-06-27,63,2
2026-08-29,Chanel,1911828,10350,2026-07-02,58,2
2026-08-29,Chanel,1916843,3995,2026-07-01,59,2
2026-08-29,Chanel,1917744,3055,2026-06-26,64,2
2026-08-29,Chanel,1917822,2875,2026-06-30,60,2
2026-08-29,Chanel,1917970,1990,2026-07-08,52,2
2026-08-29,Chanel,1920792,2940,2026-07-17,43,2
2026-08-29,Chanel,1924576,2040,2026-07-11,49,2
2026-08-29,Chanel,1925587,1995,2026-07-16,44,2
2026-08-29,Chanel,1926058,2995,2026-07-31,29,2
2026-08-29,Chanel,1926250,2850,2026-07-16,44,1
2026-08-29,Chanel,1927316,11500,2026-07-22,38,2
2026-08-29,Chanel,1927329,2325,2026-07-22,38,2
2026-08-29,Chanel,1927765,7595,2026-07-22,38,2
2026-08-29,Chanel,1928098,6740,2026-07-21,39,2
2026-08-29,Chanel,1928197,9495,2026-07-20,40,2
2026-08-29,Chanel,1928641,8545,2026-07-18,42,2
2026-08-29,Chanel,1932772,8070,2026-07-23,37,2
2026-08-29,Chanel,1934848,2095,2026-07-18,42,2
2026-08-29,Chanel,1940524,5030,2026-07-25,35,2
2026-08-29,Chanel,1941304,5410,2026-08-01,28,2
2026-08-29,Chanel,1942142,3350,2026-08-04,25,2
2026-08-29,Chanel,1942243,4295,2026-08-05,24,2
2026-08-29,Chanel,1942283,14995,2026-07-27,33,1
2026-08-29,Chanel,1942729,1995,2026-08-01,28,2
2026-08-29,Chanel,1944064,4895,2026-08-25,4,2
2026-08-29,Chanel,1944621,4365,2026-07-31,29,2
2026-08-29,Chanel,1945726,3295,2026-08-04,25,2
2026-08-29,Chanel,1946289,14500,2026-08-04,25,2
2026-08-29,Chanel,1946876,5895,2026-08-07,22,2
2026-08-29,Chanel,1947689,6595,2026-08-11,18,2
2026-08-29,Chanel,1947793,4295,2026-08-05,24,2
2026-08-29,Chanel,1948299,3295,2026-08-18,11,2
2026-08-29,Chanel,1948864,9995,2026-08-05,24,2
2026-08-29,Chanel,1948963,8995,2026-08-21,8,2
2026-08-29,Chanel,1951568,15995,2026-08-19,10,2
2026-08-29,Chanel,1951583,3795,2026-08-20,9,2
2026-08-29,Chanel,1951757,3595,2026-08-12,17,2
2026-08-29,Chanel,1954184,2895,2026-08-13,16,2
2026-08-29,Chanel,1954402,2025,2026-08-22,7,1
2026-08-29,Chanel,1955034,3895,2026-08-24,5,2
2026-08-29,Chanel,1955324,5195,2026-08-15,14,2
2026-08-29,Chanel,1956974,4895,2026-08-24,5,2
2026-08-29,Chanel,1957598,2475,2026-08-21,8,2
2026-08-29,Chanel,1958376,7995,2026-08-27,2,2
2026-08-29,Chanel,1959090,9095,2026-08-26,3,2
2026-08-29,Chanel,1960378,3595,2026-08-22,7,2
2026-08-29,Chanel,1960538,5595,2026-08-27,2,2
2026-08-29,Chanel,1960696,6425,2026-08-27,2,2
2026-08-29,Chanel,1960841,2295,2026-08-27,2,2
2026-08-29,Chanel,1961442,5695,2026-08-24,5,2
2026-08-29,Chanel,1961484,1995,2026-08-25,4,2
2026-08-29,Chanel,1962106,4150,2026-08-28,1,1
2026-08-29,Chanel,1963796,5995,2026-08-28,1,1
2026-08-29,Chanel,1965140,9295,2026-08-28,1,1
2026-08-29,Louis Vuitton,1763821,515,2025-12-01,271,2
2026-08-29,Louis Vuitton,1766208,1825,2025-11-28,274,2
2026-08-29,Louis Vuitton,1767753,525,2025-12-01,271,2
2026-08-29,Louis Vuitton,1786026,3105,2026-02-11,199,2
2026-08-29,Louis Vuitton,1794329,890,2026-01-14,227,2
2026-08-29,Louis Vuitton,1804909,595,2026-06-04,86,2
2026-08-29,Louis Vuitton,1806331,1305,2026-07-18,42,2
2026-08-29,Louis Vuitton,1816678,585,2026-06-09,81,2
2026-08-29,Louis Vuitton,1817058,1590,2026-03-24,158,2
2026-08-29,Louis Vuitton,1826106,1250,2026-02-28,182,2
2026-08-29,Louis Vuitton,1827690,4870,2026-03-04,178,2
2026-08-29,Louis Vuitton,1841366,2020,2026-03-31,151,2
2026-08-29,Louis Vuitton,1848392,1185,2026-04-16,135,2
2026-08-29,Louis Vuitton,1860266,1325,2026-04-24,127,2
2026-08-29,Louis Vuitton,1862823,495,2026-04-28,123,2
2026-08-29,Louis Vuitton,1866102,2395,2026-05-01,120,2
2026-08-29,Louis Vuitton,1869933,3595,2026-05-13,108,2
2026-08-29,Louis Vuitton,1876093,495,2026-05-09,112,2
2026-08-29,Louis Vuitton,1879024,2180,2026-07-31,29,2
2026-08-29,Louis Vuitton,1885102,795,2026-05-29,92,2
2026-08-29,Louis Vuitton,1887044,1295,2026-05-20,101,2
2026-08-29,Louis Vuitton,1892960,1250,2026-06-18,72,2
2026-08-29,Louis Vuitton,1893726,2035,2026-06-17,73,2
2026-08-29,Louis Vuitton,1903302,2205,2026-06-11,79,2
2026-08-29,Louis Vuitton,1904363,1595,2026-06-03,87,2
2026-08-29,Louis Vuitton,1905289,2460,2026-06-15,75,2
2026-08-29,Louis Vuitton,1905807,2085,2026-06-18,72,2
2026-08-29,Louis Vuitton,1906653,930,2026-06-18,72,2
2026-08-29,Louis Vuitton,1908426,1255,2026-07-01,59,2
2026-08-29,Louis Vuitton,1909179,1125,2026-06-19,71,2
2026-08-29,Louis Vuitton,1909487,760,2026-06-19,71,2
2026-08-29,Louis Vuitton,1911108,2695,2026-06-19,71,2
2026-08-29,Louis Vuitton,1913804,565,2026-07-17,43,2
2026-08-29,Louis Vuitton,1916147,2785,2026-07-02,58,2
2026-08-29,Louis Vuitton,1916620,595,2026-07-30,30,2
2026-08-29,Louis Vuitton,1916957,1345,2026-06-26,64,2
2026-08-29,Louis Vuitton,1918562,4460,2026-07-02,58,2
2026-08-29,Louis Vuitton,1918935,3395,2026-07-01,59,2
2026-08-29,Louis Vuitton,1921915,1515,2026-07-14,46,2
2026-08-29,Louis Vuitton,1922501,3235,2026-07-04,56,2
2026-08-29,Louis Vuitton,1922540,895,2026-07-11,49,2
2026-08-29,Louis Vuitton,1925413,985,2026-07-11,49,2
2026-08-29,Louis Vuitton,1925438,1215,2026-07-11,49,2
2026-08-29,Louis Vuitton,1925519,535,2026-07-11,49,2
2026-08-29,Louis Vuitton,1925608,805,2026-07-14,46,2
2026-08-29,Louis Vuitton,1926048,850,2026-07-31,29,2
2026-08-29,Louis Vuitton,1926618,2085,2026-07-16,44,2
2026-08-29,Louis Vuitton,1927684,675,2026-07-11,49,2
2026-08-29,Louis Vuitton,1927918,805,2026-07-31,29,2
2026-08-29,Louis Vuitton,1927939,1325,2026-07-17,43,2
2026-08-29,Louis Vuitton,1936154,550,2026-07-30,30,2
2026-08-29,Louis Vuitton,1936879,520,2026-07-21,39,2
2026-08-29,Louis Vuitton,1937705,4035,2026-07-22,38,2
2026-08-29,Louis Vuitton,1937793,1595,2026-07-30,30,2
2026-08-29,Louis Vuitton,1938343,805,2026-07-24,36,2
2026-08-29,Louis Vuitton,1938765,4270,2026-07-29,31,2
2026-08-29,Louis Vuitton,1939899,1375,2026-08-01,28,1
2026-08-29,Louis Vuitton,1940937,1895,2026-07-25,35,2
2026-08-29,Louis Vuitton,1942110,3605,2026-07-29,31,2
2026-08-29,Louis Vuitton,1943223,550,2026-07-31,29,2
2026-08-29,Louis Vuitton,1944037,1595,2026-08-21,8,2
2026-08-29,Louis Vuitton,1944051,1450,2026-08-25,4,2
2026-08-29,Louis Vuitton,1944156,1295,2026-08-19,10,2
2026-08-29,Louis Vuitton,1945396,1025,2026-08-04,25,2
2026-08-29,Louis Vuitton,1946521,695,2026-08-11,18,2
2026-08-29,Louis Vuitton,1946522,895,2026-08-19,10,2
2026-08-29,Louis Vuitton,1947858,1375,2026-08-14,15,2
2026-08-29,Louis Vuitton,1947951,2550,2026-08-21,8,2
2026-08-29,Louis Vuitton,1949018,2750,2026-08-25,4,2
2026-08-29,Louis Vuitton,1949234,895,2026-08-11,18,2
2026-08-29,Louis Vuitton,1949820,2395,2026-08-06,23,1
2026-08-29,Louis Vuitton,1951735,2195,2026-08-14,15,2
2026-08-29,Louis Vuitton,1952532,2595,2026-08-12,17,2
2026-08-29,Louis Vuitton,1952784,1495,2026-08-14,15,2
2026-08-29,Louis Vuitton,1953281,3095,2026-08-26,3,2
2026-08-29,Louis Vuitton,1955103,1795,2026-08-21,8,2
2026-08-29,Louis Vuitton,1955360,3295,2026-08-22,7,2
2026-08-29,Louis Vuitton,1955850,1195,2026-08-25,4,2
2026-08-29,Louis Vuitton,1955888,1695,2026-08-22,7,2
2026-08-29,Louis Vuitton,1955922,1395,2026-08-20,9,2
2026-08-29,Louis Vuitton,1955930,1750,2026-08-20,9,2
2026-08-29,Louis Vuitton,1955945,1150,2026-08-21,8,2
2026-08-29,Louis Vuitton,1956019,1895,2026-08-21,8,2
2026-08-29,Louis Vuitton,1956241,1595,2026-08-19,10,2
2026-08-29,Louis Vuitton,1956846,1250,2026-08-24,5,2
2026-08-29,Louis Vuitton,1956964,1795,2026-08-18,11,2
2026-08-29,Louis Vuitton,1957732,1750,2026-08-27,2,2
2026-08-29,Louis Vuitton,1957823,9595,2026-08-18,11,2
2026-08-29,Louis Vuitton,1957865,550,2026-08-24,5,2
2026-08-29,Louis Vuitton,1957970,825,2026-08-26,3,2
2026-08-29,Louis Vuitton,1958411,495,2026-08-25,4,2
2026-08-29,Louis Vuitton,1958503,1750,2026-08-27,2,2
2026-08-29,Louis Vuitton,1958989,4095,2026-08-27,2,2
2026-08-29,Louis Vuitton,1959312,2195,2026-08-24,5,2
2026-08-29,Louis Vuitton,1959353,1750,2026-08-26,3,2
2026-08-29,Louis Vuitton,1959584,1250,2026-08-25,4,2
2026-08-29,Louis Vuitton,1960323,1095,2026-08-26,3,2
2026-08-29,Louis Vuitton,1960337,525,2026-08-26,3,2
2026-08-29,Louis Vuitton,1960703,1895,2026-08-27,2,2
2026-08-29,Louis Vuitton,1961223,2595,2026-08-25,4,2
2026-08-29,Louis Vuitton,1961379,1495,2026-08-28,1,1
2026-08-29,Louis Vuitton,1961600,2950,2026-08-28,1,1
2026-08-29,Louis Vuitton,1961715,1595,2026-08-28,1,1
2026-08-29,Louis Vuitton,1961829,1295,2026-08-27,2,2
2026-08-29,Louis Vuitton,1961833,1725,2026-08-28,1,1
2026-08-29,Louis Vuitton,1961910,2750,2026-08-28,1,1
2026-08-29,Louis Vuitton,1962067,1750,2026-08-26,3,2
2026-08-29,Louis Vuitton,1962212,1550,2026-08-27,2,2
2026-08-29,Louis Vuitton,1962472,650,2026-08-26,3,2
2026-08-29,Louis Vuitton,1962486,1395,2026-08-27,2,2
2026-08-29,Louis Vuitton,1962489,895,2026-08-28,1,1
2026-08-29,Louis Vuitton,1962689,1225,2026-08-27,2,2
2026-08-29,Louis Vuitton,1963041,1695,2026-08-28,1,1
2026-08-29,Louis Vuitton,1963800,895,2026-08-28,1,1
2026-08-29,Louis Vuitton,1964040,2695,2026-08-28,1,1
2026-08-29,Louis Vuitton,1965061,1295,2026-08-28,1,1
2026-08-29,Louis Vuitton,1967320,495,2026-08-28,1,1
2026-08-29,Goyard,1819217,2625,2026-02-18,192,2
2026-08-29,Goyard,1923868,4405,2026-07-10,50,2
2026-08-29,Goyard,1925772,2250,2026-07-11,49,2
2026-08-29,Goyard,1953288,3895,2026-08-13,16,2
2026-08-29,Goyard,1960848,2695,2026-08-28,1,1
2026-08-29,Goyard,1961007,2150,2026-08-25,4,2
2026-08-29,Dior,1749596,575,2025-11-04,298,2
2026-08-29,Dior,1840137,2495,2026-04-16,135,2
2026-08-29,Dior,1865026,1085,2026-04-22,129,2
2026-08-29,Dior,1875989,1420,2026-05-11,110,2
2026-08-29,Dior,1879193,995,2026-05-23,98,2
2026-08-29,Dior,1888070,2235,2026-05-23,98,2
2026-08-29,Dior,1893711,2080,2026-06-05,85,2
2026-08-29,Dior,1917174,3225,2026-07-15,45,2
2026-08-29,Dior,1917889,3085,2026-07-28,32,2
2026-08-29,Dior,1939370,2295,2026-08-04,25,2
2026-08-29,Dior,1941906,3875,2026-08-01,28,2
2026-08-29,Dior,1948813,3550,2026-08-07,22,2
2026-08-29,Dior,1961512,3995,2026-08-28,1,1
2026-08-29,Dior,1962695,3895,2026-08-26,3,2
2026-08-29,Dior,1962717,1395,2026-08-26,3,2
2026-08-29,Fendi,1825771,2050,2026-02-27,183,2
2026-08-29,Fendi,1885393,590,2026-06-02,88,2
2026-08-29,Fendi,1887462,1675,2026-05-23,98,2
2026-08-29,Fendi,1888520,2465,2026-05-29,92,2
2026-08-29,Fendi,1893289,1185,2026-06-06,84,2
2026-08-29,Fendi,1912163,1095,2026-06-27,63,1
2026-08-29,Fendi,1939245,565,2026-07-29,31,2
2026-08-29,Fendi,1949130,1995,2026-08-05,24,1
2026-08-29,Fendi,1955838,2950,2026-08-24,5,2
2026-08-29,Fendi,1959546,1095,2026-08-21,8,2
2026-08-29,Fendi,1961820,3695,2026-08-28,1,1
2026-08-29,The Row,1910553,6495,2026-06-24,66,2
2026-08-29,The Row,1947097,1550,2026-08-27,2,2
2026-08-29,The Row,1959126,1595,2026-08-28,1,1
2026-08-29,The Row,1960564,4195,2026-08-25,4,2
2026-08-29,Cartier,1890701,1990,2026-06-12,78,2
2026-08-29,Cartier,1902462,1050,2026-06-25,65,2
2026-08-29,Cartier,1904507,925,2026-06-17,73,2
2026-08-29,Cartier,1911069,6995,2026-06-26,64,1
2026-08-29,Cartier,1922702,3850,2026-07-28,32,2
2026-08-29,Cartier,1936799,9495,2026-08-19,10,2
2026-08-29,Cartier,1952139,3500,2026-08-20,9,2
2026-08-29,Cartier,1952303,1050,2026-08-21,8,2
2026-08-30,Hermès,1749623,2895,2025-11-05,298,3
2026-08-30,Hermès,1777356,12320,2026-01-02,240,3
2026-08-30,Hermès,1807993,3995,2026-02-18,193,3
2026-08-30,Hermès,1812868,3810,2026-06-17,74,3
2026-08-30,Hermès,1835958,815,2026-03-24,159,3
2026-08-30,Hermès,1872781,15195,2026-06-01,90,3
2026-08-30,Hermès,1877918,14595,2026-05-19,103,3
2026-08-30,Hermès,1879663,7295,2026-05-12,110,3
2026-08-30,Hermès,1881218,2600,2026-05-20,102,3
2026-08-30,Hermès,1882005,11195,2026-05-16,106,3
2026-08-30,Hermès,1884913,18550,2026-05-28,94,2
2026-08-30,Hermès,1887355,15495,2026-05-29,93,3
2026-08-30,Hermès,1890169,3000,2026-05-30,92,3
2026-08-30,Hermès,1890861,9675,2026-06-03,88,3
2026-08-30,Hermès,1912428,7295,2026-06-25,66,2
2026-08-30,Hermès,1916653,2335,2026-07-04,57,3
2026-08-30,Hermès,1926228,22320,2026-07-24,37,3
2026-08-30,Hermès,1928479,17950,2026-08-14,16,3
2026-08-30,Hermès,1938031,4995,2026-08-04,26,3
2026-08-30,Hermès,1938077,6750,2026-08-05,25,3
2026-08-30,Hermès,1942336,12500,2026-08-27,3,3
2026-08-30,Hermès,1942999,12500,2026-08-19,11,3
2026-08-30,Hermès,1943105,13950,2026-08-19,11,3
2026-08-30,Hermès,1946192,12950,2026-08-29,1,1
2026-08-30,Hermès,1946324,5795,2026-08-05,25,3
2026-08-30,Hermès,1947332,11995,2026-08-08,22,3
2026-08-30,Hermès,1947988,17950,2026-08-08,22,3
2026-08-30,Hermès,1948113,2995,2026-08-27,3,3
2026-08-30,Hermès,1949172,4695,2026-08-07,23,3
2026-08-30,Hermès,1952033,15395,2026-08-15,15,3
2026-08-30,Hermès,1952174,3995,2026-08-12,18,3
2026-08-30,Hermès,1953713,13995,2026-08-24,6,3
2026-08-30,Hermès,1954294,19995,2026-08-21,9,3
2026-08-30,Hermès,1956977,4450,2026-08-27,3,3
2026-08-30,Hermès,1957119,2095,2026-08-18,12,3
2026-08-30,Hermès,1957197,2895,2026-08-25,5,3
2026-08-30,Hermès,1958847,2795,2026-08-24,6,3
2026-08-30,Hermès,1958893,19950,2026-08-25,5,3
2026-08-30,Hermès,1960616,11395,2026-08-29,1,1
2026-08-30,Hermès,1960762,4595,2026-08-24,6,3
2026-08-30,Hermès,1961581,3595,2026-08-29,1,1
2026-08-30,Hermès,1961586,2850,2026-08-29,1,1
2026-08-30,Hermès,1963381,2695,2026-08-27,3,3
2026-08-30,Hermès,1964960,2850,2026-08-29,1,1
2026-08-30,Chanel,1714701,1495,2025-09-19,345,3
2026-08-30,Chanel,1718997,3095,2026-07-09,52,3
2026-08-30,Chanel,1750651,1995,2025-11-25,278,3
2026-08-30,Chanel,1799783,8655,2026-01-21,221,3
2026-08-30,Chanel,1802327,1495,2026-02-02,209,3
2026-08-30,Chanel,1805674,2500,2026-03-16,167,3
2026-08-30,Chanel,1806850,3295,2026-02-02,209,3
2026-08-30,Chanel,1831257,3495,2026-03-10,173,3
2026-08-30,Chanel,1836514,2850,2026-07-30,31,2
2026-08-30,Chanel,1845254,2995,2026-04-03,149,3
2026-08-30,Chanel,1854076,1465,2026-04-16,136,3
2026-08-30,Chanel,1857765,1605,2026-04-14,138,3
2026-08-30,Chanel,1860403,2795,2026-04-13,139,3
2026-08-30,Chanel,1862867,5395,2026-04-21,131,3
2026-08-30,Chanel,1866221,4450,2026-05-06,116,3
2026-08-30,Chanel,1868007,5520,2026-05-07,115,3
2026-08-30,Chanel,1868110,2155,2026-05-11,111,3
2026-08-30,Chanel,1870384,2250,2026-05-01,121,3
2026-08-30,Chanel,1871097,5470,2026-05-06,116,3
2026-08-30,Chanel,1871267,4195,2026-05-06,116,3
2026-08-30,Chanel,1879947,1835,2026-05-11,111,3
2026-08-30,Chanel,1880793,1675,2026-05-22,100,3
2026-08-30,Chanel,1883821,1575,2026-05-20,102,3
2026-08-30,Chanel,1886918,7195,2026-05-20,102,3
2026-08-30,Chanel,1891674,3720,2026-06-05,86,3
2026-08-30,Chanel,1891788,4495,2026-06-26,65,3
2026-08-30,Chanel,1892548,7220,2026-06-09,82,3
2026-08-30,Chanel,1892551,6455,2026-06-05,86,3
2026-08-30,Chanel,1892984,2290,2026-06-06,85,3
2026-08-30,Chanel,1901266,7645,2026-06-23,68,3
2026-08-30,Chanel,1905508,1950,2026-06-15,76,3
2026-08-30,Chanel,1906795,3225,2026-06-16,75,3
2026-08-30,Chanel,1907631,2610,2026-06-16,75,1
2026-08-30,Chanel,1908173,3055,2026-07-02,59,3
2026-08-30,Chanel,1910348,4020,2026-07-01,60,3
2026-08-30,Chanel,1913465,5095,2026-06-22,69,3
2026-08-30,Chanel,1915476,3055,2026-06-24,67,3
2026-08-30,Chanel,1915796,2515,2026-06-24,67,3
2026-08-30,Chanel,1916367,2595,2026-06-26,65,1
2026-08-30,Chanel,1916587,7645,2026-06-27,64,3
2026-08-30,Chanel,1917687,3850,2026-07-07,54,3
2026-08-30,Chanel,1918406,4495,2026-07-02,59,3
2026-08-30,Chanel,1919124,2605,2026-07-01,60,3
2026-08-30,Chanel,1919425,6475,2026-07-14,47,3
2026-08-30,Chanel,1919852,7835,2026-07-07,54,3
2026-08-30,Chanel,1926194,2940,2026-07-22,39,3
2026-08-30,Chanel,1929064,4080,2026-07-24,37,3
2026-08-30,Chanel,1934931,5315,2026-07-18,43,3
2026-08-30,Chanel,1939428,4535,2026-07-31,30,3
2026-08-30,Chanel,1939748,3895,2026-08-14,16,3
2026-08-30,Chanel,1941307,3225,2026-07-25,36,3
2026-08-30,Chanel,1945062,2795,2026-08-05,25,3
2026-08-30,Chanel,1945541,2595,2026-08-12,18,3
2026-08-30,Chanel,1946629,2750,2026-08-13,17,3
2026-08-30,Chanel,1946695,2395,2026-08-11,19,3
2026-08-30,Chanel,1947923,3295,2026-08-05,25,3
2026-08-30,Chanel,1948261,2595,2026-08-05,25,3
2026-08-30,Chanel,1949347,3595,2026-08-27,3,3
2026-08-30,Chanel,1950242,9500,2026-08-27,3,3
2026-08-30,Chanel,1951276,4795,2026-08-07,23,3
2026-08-30,Chanel,1952638,7995,2026-08-20,10,3
2026-08-30,Chanel,1955257,2250,2026-08-25,5,3
2026-08-30,Chanel,1955397,6350,2026-08-22,8,3
2026-08-30,Chanel,1955962,3295,2026-08-21,9,3
2026-08-30,Chanel,1955999,1995,2026-08-22,8,1
2026-08-30,Chanel,1956586,1795,2026-08-20,10,3
2026-08-30,Chanel,1956706,2125,2026-08-18,12,3
2026-08-30,Chanel,1956920,3825,2026-08-29,1,1
2026-08-30,Chanel,1957252,3895,2026-08-25,5,3
2026-08-30,Chanel,1958469,7995,2026-08-26,4,3
2026-08-30,Chanel,1958642,2150,2026-08-29,1,1
2026-08-30,Chanel,1958954,2795,2026-08-20,10,3
2026-08-30,Chanel,1958994,3495,2026-08-26,4,3
2026-08-30,Chanel,1959772,2850,2026-08-28,2,2
2026-08-30,Chanel,1962022,8995,2026-08-27,3,3
2026-08-30,Chanel,1962034,4495,2026-08-24,6,3
2026-08-30,Chanel,1962399,1995,2026-08-26,4,3
2026-08-30,Chanel,1962680,5295,2026-08-26,4,3
2026-08-30,Chanel,1963529,2795,2026-08-28,2,2
2026-08-30,Chanel,1964000,4095,2026-08-29,1,1
2026-08-30,Louis Vuitton,1807734,875,2026-02-05,206,3
2026-08-30,Louis Vuitton,1826228,495,2026-03-18,165,3
2026-08-30,Louis Vuitton,1826778,4100,2026-03-12,171,3
2026-08-30,Louis Vuitton,1827261,1125,2026-03-04,179,3
2026-08-30,Louis Vuitton,1829794,1165,2026-03-25,158,3
2026-08-30,Louis Vuitton,1834658,1375,2026-03-13,170,3
2026-08-30,Louis Vuitton,1852930,5295,2026-05-05,117,1
2026-08-30,Louis Vuitton,1856324,1695,2026-04-15,137,3
2026-08-30,Louis Vuitton,1856453,2205,2026-04-13,139,3
2026-08-30,Louis Vuitton,1862640,535,2026-04-18,134,3
2026-08-30,Louis Vuitton,1872551,1295,2026-05-06,116,2
2026-08-30,Louis Vuitton,1876215,1160,2026-05-15,107,3
2026-08-30,Louis Vuitton,1876279,4045,2026-05-09,113,3
2026-08-30,Louis Vuitton,1879622,1115,2026-05-13,109,3
2026-08-30,Louis Vuitton,1881567,1355,2026-05-15,107,3
2026-08-30,Louis Vuitton,1885309,2080,2026-05-18,104,3
2026-08-30,Louis Vuitton,1888457,875,2026-05-27,95,3
2026-08-30,Louis Vuitton,1889591,2050,2026-05-30,92,3
2026-08-30,Louis Vuitton,1901660,930,2026-06-09,82,3
2026-08-30,Louis Vuitton,1902702,2850,2026-06-10,81,1
2026-08-30,Louis Vuitton,1904251,490,2026-06-17,74,3
2026-08-30,Louis Vuitton,1904472,1975,2026-06-30,61,3
2026-08-30,Louis Vuitton,1906627,795,2026-06-16,75,3
2026-08-30,Louis Vuitton,1908414,1075,2026-07-01,60,3
2026-08-30,Louis Vuitton,1909422,1705,2026-06-25,66,3
2026-08-30,Louis Vuitton,1910525,1795,2026-06-25,66,3
2026-08-30,Louis Vuitton,1911015,2795,2026-06-23,68,2
2026-08-30,Louis Vuitton,1911899,1435,2026-06-30,61,3
2026-08-30,Louis Vuitton,1911900,1015,2026-06-22,69,3
2026-08-30,Louis Vuitton,1913038,750,2026-07-30,31,3
2026-08-30,Louis Vuitton,1913495,530,2026-06-23,68,3
2026-08-30,Louis Vuitton,1913989,1695,2026-06-22,69,3
2026-08-30,Louis Vuitton,1915020,1400,2026-06-23,68,3
2026-08-30,Louis Vuitton,1915284,1525,2026-07-09,52,3
2026-08-30,Louis Vuitton,1916166,855,2026-06-26,65,3
2026-08-30,Louis Vuitton,1916259,850,2026-06-27,64,3
2026-08-30,Louis Vuitton,1918316,525,2026-06-27,64,3
2026-08-30,Louis Vuitton,1920707,1050,2026-07-15,46,3
2026-08-30,Louis Vuitton,1921214,3505,2026-07-10,51,3
2026-08-30,Louis Vuitton,1921698,1295,2026-07-06,55,3
2026-08-30,Louis Vuitton,1921961,2270,2026-07-08,53,3
2026-08-30,Louis Vuitton,1922027,690,2026-07-28,33,3
2026-08-30,Louis Vuitton,1922215,1325,2026-07-31,30,3
2026-08-30,Louis Vuitton,1922717,2065,2026-07-04,57,3
2026-08-30,Louis Vuitton,1923015,2250,2026-07-11,50,3
2026-08-30,Louis Vuitton,1923725,3225,2026-07-09,52,3
2026-08-30,Louis Vuitton,1925603,1995,2026-07-15,46,2
2026-08-30,Louis Vuitton,1926360,8100,2026-07-17,44,3
2026-08-30,Louis Vuitton,1927347,1325,2026-07-21,40,3
2026-08-30,Louis Vuitton,1927495,1375,2026-07-23,38,3
2026-08-30,Louis Vuitton,1927901,1950,2026-07-17,44,3
2026-08-30,Louis Vuitton,1928739,1995,2026-08-07,23,3
2026-08-30,Louis Vuitton,1935977,2560,2026-07-20,41,3
2026-08-30,Louis Vuitton,1936333,2040,2026-07-20,41,3
2026-08-30,Louis Vuitton,1937526,1470,2026-07-25,36,3
2026-08-30,Louis Vuitton,1938694,895,2026-07-22,39,1
2026-08-30,Louis Vuitton,1938833,1800,2026-07-22,39,3
2026-08-30,Louis Vuitton,1938912,650,2026-08-07,23,3
2026-08-30,Louis Vuitton,1938973,995,2026-08-01,29,3
2026-08-30,Louis Vuitton,1940207,1295,2026-08-04,26,3
2026-08-30,Louis Vuitton,1940229,1195,2026-08-01,29,2
2026-08-30,Louis Vuitton,1940246,4175,2026-07-28,33,3
2026-08-30,Louis Vuitton,1940763,470,2026-07-25,36,3
2026-08-30,Louis Vuitton,1941068,1350,2026-08-19,11,3
2026-08-30,Louis Vuitton,1941076,1295,2026-08-11,19,3
2026-08-30,Louis Vuitton,1941116,825,2026-08-25,5,3
2026-08-30,Louis Vuitton,1941381,1095,2026-08-04,26,3
2026-08-30,Louis Vuitton,1941900,850,2026-07-29,32,3
2026-08-30,Louis Vuitton,1943354,1325,2026-08-04,26,3
2026-08-30,Louis Vuitton,1943419,2180,2026-07-28,33,3
2026-08-30,Louis Vuitton,1944044,1650,2026-08-25,5,3
2026-08-30,Louis Vuitton,1944124,750,2026-08-13,17,3
2026-08-30,Louis Vuitton,1945170,1610,2026-07-31,30,3
2026-08-30,Louis Vuitton,1945505,1095,2026-08-05,25,3
2026-08-30,Louis Vuitton,1946513,895,2026-08-11,19,3
2026-08-30,Louis Vuitton,1947992,2095,2026-08-12,18,3
2026-08-30,Louis Vuitton,1948595,1195,2026-08-07,23,3
2026-08-30,Louis Vuitton,1948792,1095,2026-08-14,16,3
2026-08-30,Louis Vuitton,1949117,750,2026-08-14,16,3
2026-08-30,Louis Vuitton,1949502,695,2026-08-12,18,3
2026-08-30,Louis Vuitton,1950365,3495,2026-08-18,12,3
2026-08-30,Louis Vuitton,1951071,2095,2026-08-13,17,3
2026-08-30,Louis Vuitton,1951260,1995,2026-08-08,22,3
2026-08-30,Louis Vuitton,1951328,2295,2026-08-06,24,1
2026-08-30,Louis Vuitton,1951439,2695,2026-08-13,17,3
2026-08-30,Louis Vuitton,1952324,1550,2026-08-18,12,3
2026-08-30,Louis Vuitton,1952476,2495,2026-08-19,11,3
2026-08-30,Louis Vuitton,1952490,1195,2026-08-25,5,3
2026-08-30,Louis Vuitton,1952607,1395,2026-08-26,4,3
2026-08-30,Louis Vuitton,1952667,1350,2026-08-12,18,3
2026-08-30,Louis Vuitton,1952792,1695,2026-08-13,17,3
2026-08-30,Louis Vuitton,1952938,1595,2026-08-20,10,3
2026-08-30,Louis Vuitton,1954191,1850,2026-08-12,18,3
2026-08-30,Louis Vuitton,1954343,850,2026-08-18,12,3
2026-08-30,Louis Vuitton,1956085,450,2026-08-22,8,3
2026-08-30,Louis Vuitton,1956100,1325,2026-08-19,11,2
2026-08-30,Louis Vuitton,1956187,995,2026-08-20,10,3
2026-08-30,Louis Vuitton,1956295,995,2026-08-24,6,1
2026-08-30,Louis Vuitton,1956842,1595,2026-08-19,11,3
2026-08-30,Louis Vuitton,1957156,2250,2026-08-28,2,2
2026-08-30,Louis Vuitton,1957665,1695,2026-08-28,2,2
2026-08-30,Louis Vuitton,1957892,1095,2026-08-25,5,3
2026-08-30,Louis Vuitton,1958294,1650,2026-08-29,1,1
2026-08-30,Louis Vuitton,1958420,1495,2026-08-24,6,3
2026-08-30,Louis Vuitton,1958455,2350,2026-08-26,4,3
2026-08-30,Louis Vuitton,1958625,4595,2026-08-25,5,3
2026-08-30,Louis Vuitton,1958651,1675,2026-08-25,5,3
2026-08-30,Louis Vuitton,1958724,1195,2026-08-27,3,3
2026-08-30,Louis Vuitton,1958756,2450,2026-08-25,5,2
2026-08-30,Louis Vuitton,1959005,1550,2026-08-29,1,1
2026-08-30,Louis Vuitton,1959511,2695,2026-08-21,9,3
2026-08-30,Louis Vuitton,1959770,1150,2026-08-24,6,3
2026-08-30,Louis Vuitton,1959796,1550,2026-08-27,3,3
2026-08-30,Louis Vuitton,1960125,2095,2026-08-27,3,3
2026-08-30,Louis Vuitton,1960958,1895,2026-08-26,4,3
2026-08-30,Louis Vuitton,1961192,1695,2026-08-25,5,3
2026-08-30,Louis Vuitton,1961803,8595,2026-08-27,3,1
2026-08-30,Louis Vuitton,1961995,1095,2026-08-27,3,3
2026-08-30,Louis Vuitton,1962776,1895,2026-08-27,3,3
2026-08-30,Louis Vuitton,1963068,750,2026-08-29,1,1
2026-08-30,Louis Vuitton,1963092,1550,2026-08-27,3,3
2026-08-30,Louis Vuitton,1963152,495,2026-08-29,1,1
2026-08-30,Louis Vuitton,1963627,1995,2026-08-28,2,2
2026-08-30,Louis Vuitton,1963822,1895,2026-08-29,1,1
2026-08-30,Louis Vuitton,1963875,1095,2026-08-29,1,1
2026-08-30,Louis Vuitton,1964604,1695,2026-08-29,1,1
2026-08-30,Louis Vuitton,1965671,1095,2026-08-29,1,1
2026-08-30,Louis Vuitton,1967234,2750,2026-08-28,2,2
2026-08-30,Goyard,1724065,2790,2025-09-25,339,3
2026-08-30,Goyard,1913830,2065,2026-07-01,60,3
2026-08-30,Goyard,1950718,2150,2026-08-08,22,3
2026-08-30,Goyard,1953593,2650,2026-08-20,10,3
2026-08-30,Goyard,1959500,2695,2026-08-25,5,3
2026-08-30,Dior,1819381,1160,2026-03-06,177,3
2026-08-30,Dior,1866960,2335,2026-04-27,125,3
2026-08-30,Dior,1880996,2075,2026-05-28,94,3
2026-08-30,Dior,1887135,19995,2026-05-23,99,3
2026-08-30,Dior,1914386,650,2026-06-23,68,3
2026-08-30,Dior,1928071,3795,2026-07-20,41,3
2026-08-30,Dior,1939687,1850,2026-08-04,26,3
2026-08-30,Dior,1943671,1995,2026-08-14,16,3
2026-08-30,Dior,1951747,5195,2026-08-21,9,2
2026-08-30,Dior,1958021,1895,2026-08-26,4,3
2026-08-30,Dior,1960614,1550,2026-08-24,6,3
2026-08-30,Fendi,1750175,975,2025-11-04,299,3
2026-08-30,Fendi,1915862,945,2026-07-07,54,3
2026-08-30,Fendi,1918157,2595,2026-06-30,61,3
2026-08-30,Fendi,1924575,945,2026-07-14,47,3
2026-08-30,Fendi,1938028,650,2026-08-27,3,3
2026-08-30,Fendi,1942228,1250,2026-08-04,26,3
2026-08-30,Fendi,1947812,825,2026-08-18,12,3
2026-08-30,Fendi,1951744,2295,2026-08-12,18,3
2026-08-30,Fendi,1951746,1750,2026-08-12,18,3
2026-08-30,Fendi,1956611,1850,2026-08-20,10,3
2026-08-30,Fendi,1956694,1095,2026-08-24,6,3
2026-08-30,Fendi,1964958,1295,2026-08-29,1,1
2026-08-30,Fendi,1965574,750,2026-08-29,1,1
2026-08-30,The Row,1845181,1250,2026-06-18,73,3
2026-08-30,The Row,1938809,995,2026-07-31,30,2
2026-08-30,The Row,1963562,5750,2026-08-28,2,2
2026-08-30,Cartier,1866540,1450,2026-05-01,121,3
2026-08-30,Cartier,1907067,895,2026-07-04,57,3
2026-08-30,Cartier,1918573,8545,2026-07-24,37,1
2026-08-30,Cartier,1926598,3415,2026-07-29,32,3
2026-08-30,Cartier,1941407,3295,2026-08-18,12,3
2026-08-30,Cartier,1942485,6495,2026-08-20,10,3
2026-08-30,Cartier,1944441,895,2026-08-21,9,3
2026-08-30,Cartier,1955140,750,2026-08-24,6,3
2026-08-31,Hermès,1781519,10020,2025-12-22,252,4
2026-08-31,Hermès,1786122,10500,2026-01-27,216,4
2026-08-31,Hermès,1800222,13295,2026-06-30,62,4
2026-08-31,Hermès,1820990,11655,2026-02-24,188,3
2026-08-31,Hermès,1826807,3750,2026-03-26,158,4
2026-08-31,Hermès,1841228,12595,2026-03-25,159,4
2026-08-31,Hermès,1850802,3845,2026-04-14,139,4
2026-08-31,Hermès,1861519,12995,2026-04-30,123,4
2026-08-31,Hermès,1877909,4195,2026-05-05,118,4
2026-08-31,Hermès,1887012,14245,2026-05-22,101,4
2026-08-31,Hermès,1914223,6595,2026-07-04,58,4
2026-08-31,Hermès,1914659,20895,2026-07-21,41,4
2026-08-31,Hermès,1914954,15495,2026-07-02,60,1
2026-08-31,Hermès,1923011,2425,2026-07-11,51,4
2026-08-31,Hermès,1926050,19945,2026-07-30,32,4
2026-08-31,Hermès,1935391,26595,2026-07-18,44,4
2026-08-31,Hermès,1937037,3940,2026-07-20,42,4
2026-08-31,Hermès,1942018,11995,2026-08-04,27,4
2026-08-31,Hermès,1942193,19500,2026-08-04,27,4
2026-08-31,Hermès,1945401,6595,2026-08-05,26,3
2026-08-31,Hermès,1947966,12295,2026-08-11,20,4
2026-08-31,Hermès,1948031,3195,2026-08-08,23,4
2026-08-31,Hermès,1948961,13500,2026-08-18,13,4
2026-08-31,Hermès,1951695,8250,2026-08-28,3,3
2026-08-31,Hermès,1952854,9550,2026-08-13,18,4
2026-08-31,Hermès,1954140,20995,2026-08-18,13,4
2026-08-31,Hermès,1955300,9395,2026-08-14,17,4
2026-08-31,Hermès,1955637,3695,2026-08-21,10,4
2026-08-31,Hermès,1956760,11095,2026-08-20,11,4
2026-08-31,Hermès,1957126,6095,2026-08-20,11,4
2026-08-31,Hermès,1957541,3595,2026-08-24,7,1
2026-08-31,Hermès,1957961,5795,2026-08-22,9,3
2026-08-31,Hermès,1958166,2695,2026-08-24,7,4
2026-08-31,Hermès,1958930,8995,2026-08-25,6,4
2026-08-31,Hermès,1959000,22995,2026-08-20,11,4
2026-08-31,Hermès,1959873,21995,2026-08-29,2,2
2026-08-31,Hermès,1961368,9095,2026-08-25,6,4
2026-08-31,Chanel,1781430,2060,2025-12-30,244,4
2026-08-31,Chanel,1824891,4045,2026-03-10,174,4
2026-08-31,Chanel,1826203,2550,2026-03-04,180,4
2026-08-31,Chanel,1827002,3795,2026-03-25,159,4
2026-08-31,Chanel,1842450,2595,2026-04-23,130,4
2026-08-31,Chanel,1844062,2305,2026-04-07,146,4
2026-08-31,Chanel,1844107,3895,2026-03-26,158,4
2026-08-31,Chanel,1853670,6745,2026-04-10,143,4
2026-08-31,Chanel,1854710,2170,2026-04-23,130,4
2026-08-31,Chanel,1859006,1925,2026-04-13,140,4
2026-08-31,Chanel,1859719,3495,2026-04-21,132,3
2026-08-31,Chanel,1859780,7750,2026-04-15,138,4
2026-08-31,Chanel,1863827,1420,2026-05-11,112,4
2026-08-31,Chanel,1864429,9995,2026-04-22,131,4
2026-08-31,Chanel,1864648,2205,2026-04-29,124,4
2026-08-31,Chanel,1868155,3250,2026-05-18,105,1
2026-08-31,Chanel,1884629,6395,2026-05-29,94,4
2026-08-31,Chanel,1886004,3150,2026-05-21,102,4
2026-08-31,Chanel,1887484,8500,2026-05-18,105,4
2026-08-31,Chanel,1888128,3995,2026-05-21,102,4
2026-08-31,Chanel,1891296,4995,2026-06-04,88,4
2026-08-31,Chanel,1891785,1995,2026-06-03,89,4
2026-08-31,Chanel,1895330,3225,2026-06-16,76,4
2026-08-31,Chanel,1903152,3150,2026-06-16,76,4
2026-08-31,Chanel,1907146,5035,2026-06-23,69,4
2026-08-31,Chanel,1910158,3895,2026-06-19,73,4
2026-08-31,Chanel,1910967,7560,2026-06-19,73,4
2026-08-31,Chanel,1911744,14500,2026-06-20,72,4
2026-08-31,Chanel,1914018,5485,2026-07-04,58,4
2026-08-31,Chanel,1916807,1495,2026-07-04,58,4
2026-08-31,Chanel,1918358,4995,2026-06-30,62,3
2026-08-31,Chanel,1922337,4495,2026-07-04,58,4
2026-08-31,Chanel,1923361,4295,2026-07-07,55,4
2026-08-31,Chanel,1925341,2605,2026-07-09,53,4
2026-08-31,Chanel,1925557,4365,2026-07-15,47,4
2026-08-31,Chanel,1926221,8830,2026-07-21,41,4
2026-08-31,Chanel,1927316,11500,2026-07-22,40,1
2026-08-31,Chanel,1927898,5030,2026-07-17,45,4
2026-08-31,Chanel,1928519,4745,2026-07-18,44,4
2026-08-31,Chanel,1930875,4745,2026-07-18,44,4
2026-08-31,Chanel,1935454,2180,2026-07-22,40,4
2026-08-31,Chanel,1936864,4270,2026-07-24,38,4
2026-08-31,Chanel,1937823,5595,2026-08-06,25,4
2026-08-31,Chanel,1938581,4840,2026-07-24,38,4
2026-08-31,Chanel,1939059,7995,2026-07-31,31,4
2026-08-31,Chanel,1939924,7500,2026-08-01,30,4
2026-08-31,Chanel,1940291,3320,2026-07-25,37,4
2026-08-31,Chanel,1940729,4295,2026-07-31,31,4
2026-08-31,Chanel,1941721,5095,2026-08-11,20,4
2026-08-31,Chanel,1942744,14950,2026-08-05,26,4
2026-08-31,Chanel,1943135,9125,2026-08-04,27,4
2026-08-31,Chanel,1943220,4995,2026-07-30,32,4
2026-08-31,Chanel,1945058,7995,2026-08-01,30,4
2026-08-31,Chanel,1947016,7650,2026-08-05,26,4
2026-08-31,Chanel,1947754,5095,2026-08-05,26,4
2026-08-31,Chanel,1947957,7995,2026-08-24,7,4
2026-08-31,Chanel,1948115,9250,2026-08-20,11,4
2026-08-31,Chanel,1950414,2295,2026-08-20,11,4
2026-08-31,Chanel,1950418,5595,2026-08-19,12,4
2026-08-31,Chanel,1950611,2450,2026-08-12,19,4
2026-08-31,Chanel,1951620,3895,2026-08-12,19,4
2026-08-31,Chanel,1951805,8495,2026-08-27,4,4
2026-08-31,Chanel,1952057,12995,2026-08-06,25,4
2026-08-31,Chanel,1952246,13995,2026-08-13,18,4
2026-08-31,Chanel,1953813,5075,2026-08-21,10,4
2026-08-31,Chanel,1954059,3395,2026-08-18,13,4
2026-08-31,Chanel,1954109,9450,2026-08-21,10,3
2026-08-31,Chanel,1954338,6550,2026-08-29,2,2
2026-08-31,Chanel,1954601,8295,2026-08-18,13,4
2026-08-31,Chanel,1955151,3295,2026-08-27,4,4
2026-08-31,Chanel,1955340,2595,2026-08-22,9,4
2026-08-31,Chanel,1955435,3625,2026-08-15,16,4
2026-08-31,Chanel,1955977,6295,2026-08-27,4,4
2026-08-31,Chanel,1956190,2995,2026-08-29,2,2
2026-08-31,Chanel,1956746,3250,2026-08-27,4,4
2026-08-31,Chanel,1957335,15995,2026-08-21,10,4
2026-08-31,Chanel,1958288,2450,2026-08-21,10,4
2026-08-31,Chanel,1958301,4295,2026-08-21,10,4
2026-08-31,Chanel,1958467,3950,2026-08-20,11,4
2026-08-31,Chanel,1958540,4095,2026-08-27,4,4
2026-08-31,Chanel,1958953,4195,2026-08-20,11,4
2026-08-31,Chanel,1958993,5295,2026-08-29,2,2
2026-08-31,Chanel,1959013,1450,2026-08-24,7,4
2026-08-31,Chanel,1960349,8595,2026-08-24,7,2
2026-08-31,Chanel,1960404,4495,2026-08-27,4,4
2026-08-31,Chanel,1960445,4295,2026-08-26,5,4
2026-08-31,Chanel,1961245,5195,2026-08-27,4,4
2026-08-31,Chanel,1961999,4895,2026-08-25,6,4
2026-08-31,Chanel,1962469,5195,2026-08-26,5,4
2026-08-31,Chanel,1962709,3395,2026-08-27,4,4
2026-08-31,Chanel,1963111,4150,2026-08-27,4,4
2026-08-31,Louis Vuitton,1739206,2595,2025-10-20,315,4
2026-08-31,Louis Vuitton,1822303,2515,2026-02-25,187,4
2026-08-31,Louis Vuitton,1826192,2010,2026-02-28,184,4
2026-08-31,Louis Vuitton,1830630,2495,2026-03-26,158,4
2026-08-31,Louis Vuitton,1832999,1195,2026-03-13,171,4
2026-08-31,Louis Vuitton,1835871,855,2026-03-20,164,4
2026-08-31,Louis Vuitton,1837496,845,2026-04-16,137,4
2026-08-31,Louis Vuitton,1838633,1515,2026-03-20,164,4
2026-08-31,Louis Vuitton,1842455,1795,2026-07-24,38,4
2026-08-31,Louis Vuitton,1846946,765,2026-04-24,129,4
2026-08-31,Louis Vuitton,1847133,2095,2026-04-02,151,4
2026-08-31,Louis Vuitton,1848832,1225,2026-04-22,131,4
2026-08-31,Louis Vuitton,1850013,760,2026-04-07,146,4
2026-08-31,Louis Vuitton,1853777,1905,2026-04-14,139,4
2026-08-31,Louis Vuitton,1853829,1885,2026-04-17,136,1
2026-08-31,Louis Vuitton,1856011,1295,2026-04-10,143,4
2026-08-31,Louis Vuitton,1860448,1230,2026-04-17,136,4
2026-08-31,Louis Vuitton,1860749,1095,2026-04-17,136,3
2026-08-31,Louis Vuitton,1862756,1675,2026-04-23,130,4
2026-08-31,Louis Vuitton,1867277,1645,2026-05-05,118,4
2026-08-31,Louis Vuitton,1870518,5695,2026-05-05,118,4
2026-08-31,Louis Vuitton,1871302,1895,2026-05-08,115,4
2026-08-31,Louis Vuitton,1876939,715,2026-05-20,103,4
2026-08-31,Louis Vuitton,1880850,1135,2026-05-14,109,4
2026-08-31,Louis Vuitton,1881178,1070,2026-08-26,5,4
2026-08-31,Louis Vuitton,1884267,1270,2026-05-21,102,4
2026-08-31,Louis Vuitton,1887068,1240,2026-05-21,102,4
2026-08-31,Louis Vuitton,1888263,4680,2026-06-03,89,4
2026-08-31,Louis Vuitton,1892287,2795,2026-06-06,86,4
2026-08-31,Louis Vuitton,1903432,995,2026-06-12,80,4
2026-08-31,Louis Vuitton,1903470,715,2026-06-22,70,4
2026-08-31,Louis Vuitton,1909573,1485,2026-06-24,68,4
2026-08-31,Louis Vuitton,1910722,2250,2026-06-19,73,4
2026-08-31,Louis Vuitton,1912199,1565,2026-07-20,42,4
2026-08-31,Louis Vuitton,1913001,725,2026-07-20,42,4
2026-08-31,Louis Vuitton,1913871,2155,2026-06-27,65,4
2026-08-31,Louis Vuitton,1914721,1230,2026-07-23,39,4
2026-08-31,Louis Vuitton,1915134,2405,2026-06-25,67,4
2026-08-31,Louis Vuitton,1915189,895,2026-06-30,62,2
2026-08-31,Louis Vuitton,1917192,1165,2026-07-01,61,4
2026-08-31,Louis Vuitton,1918427,1420,2026-07-17,45,4
2026-08-31,Louis Vuitton,1918849,1975,2026-07-11,51,4
2026-08-31,Louis Vuitton,1918951,2795,2026-06-27,65,3
2026-08-31,Louis Vuitton,1919491,1885,2026-07-01,61,4
2026-08-31,Louis Vuitton,1920658,4365,2026-07-17,45,4
2026-08-31,Louis Vuitton,1921551,2705,2026-07-15,47,4
2026-08-31,Louis Vuitton,1921778,675,2026-07-04,58,4
2026-08-31,Louis Vuitton,1922069,3130,2026-07-21,41,4
2026-08-31,Louis Vuitton,1922117,1230,2026-07-20,42,4
2026-08-31,Louis Vuitton,1922371,1610,2026-07-15,47,4
2026-08-31,Louis Vuitton,1924689,2025,2026-07-09,53,4
2026-08-31,Louis Vuitton,1925980,2845,2026-07-08,54,4
2026-08-31,Louis Vuitton,1927231,1450,2026-07-23,39,4
2026-08-31,Louis Vuitton,1927993,1040,2026-07-21,41,4
2026-08-31,Louis Vuitton,1928798,1995,2026-08-21,10,4
2026-08-31,Louis Vuitton,1928813,1395,2026-08-21,10,4
2026-08-31,Louis Vuitton,1935106,1550,2026-07-18,44,4
2026-08-31,Louis Vuitton,1935244,1185,2026-07-24,38,4
2026-08-31,Louis Vuitton,1935670,4365,2026-07-28,34,4
2026-08-31,Louis Vuitton,1937166,2230,2026-07-15,47,4
2026-08-31,Louis Vuitton,1937606,6075,2026-07-22,40,4
2026-08-31,Louis Vuitton,1937976,3085,2026-07-28,34,4
2026-08-31,Louis Vuitton,1938142,945,2026-07-20,42,4
2026-08-31,Louis Vuitton,1938849,2135,2026-07-25,37,4
2026-08-31,Louis Vuitton,1942129,1995,2026-08-04,27,4
2026-08-31,Louis Vuitton,1942814,1750,2026-08-06,25,4
2026-08-31,Louis Vuitton,1943479,1995,2026-08-14,17,4
2026-08-31,Louis Vuitton,1943690,1705,2026-07-29,33,4
2026-08-31,Louis Vuitton,1944489,2750,2026-08-14,17,4
2026-08-31,Louis Vuitton,1944657,1895,2026-08-14,17,4
2026-08-31,Louis Vuitton,1945004,1025,2026-08-06,25,4
2026-08-31,Louis Vuitton,1945533,1395,2026-08-05,26,4
2026-08-31,Louis Vuitton,1945711,1095,2026-08-05,26,4
2026-08-31,Louis Vuitton,1946884,1750,2026-08-07,24,4
2026-08-31,Louis Vuitton,1946971,2095,2026-08-06,25,4
2026-08-31,Louis Vuitton,1947392,3095,2026-08-05,26,4
2026-08-31,Louis Vuitton,1947969,1495,2026-08-05,26,4
2026-08-31,Louis Vuitton,1948086,2595,2026-08-12,19,4
2026-08-31,Louis Vuitton,1948308,750,2026-08-08,23,4
2026-08-31,Louis Vuitton,1949124,1950,2026-08-06,25,4
2026-08-31,Louis Vuitton,1949125,2395,2026-08-08,23,4
2026-08-31,Louis Vuitton,1949307,1595,2026-08-11,20,4
2026-08-31,Louis Vuitton,1950035,1495,2026-08-29,2,2
2026-08-31,Louis Vuitton,1950214,2895,2026-08-05,26,4
2026-08-31,Louis Vuitton,1950473,1250,2026-08-19,12,4
2026-08-31,Louis Vuitton,1951834,1750,2026-08-08,23,4
2026-08-31,Louis Vuitton,1952491,925,2026-08-18,13,4
2026-08-31,Louis Vuitton,1952519,2895,2026-08-19,12,4
2026-08-31,Louis Vuitton,1952746,1050,2026-08-13,18,3
2026-08-31,Louis Vuitton,1952939,1750,2026-08-21,10,4
2026-08-31,Louis Vuitton,1952985,2195,2026-08-13,18,4
2026-08-31,Louis Vuitton,1953026,1095,2026-08-18,13,4
2026-08-31,Louis Vuitton,1953445,795,2026-08-13,18,4
2026-08-31,Louis Vuitton,1953525,1695,2026-08-18,13,4
2026-08-31,Louis Vuitton,1953581,2095,2026-08-27,4,4
2026-08-31,Louis Vuitton,1953664,2095,2026-08-12,19,4
2026-08-31,Louis Vuitton,1954107,3650,2026-08-13,18,4
2026-08-31,Louis Vuitton,1954372,2395,2026-08-18,13,4
2026-08-31,Louis Vuitton,1954998,3550,2026-08-25,6,4
2026-08-31,Louis Vuitton,1955066,2450,2026-08-19,12,4
2026-08-31,Louis Vuitton,1955196,2250,2026-08-22,9,4
2026-08-31,Louis Vuitton,1955282,1695,2026-08-14,17,4
2026-08-31,Louis Vuitton,1955763,1695,2026-08-19,12,4
2026-08-31,Louis Vuitton,1955904,995,2026-08-24,7,4
2026-08-31,Louis Vuitton,1956230,1950,2026-08-20,11,4
2026-08-31,Louis Vuitton,1956382,1695,2026-08-24,7,4
2026-08-31,Louis Vuitton,1956413,1750,2026-08-21,10,4
2026-08-31,Louis Vuitton,1956547,1550,2026-08-21,10,4
2026-08-31,Louis Vuitton,1956621,750,2026-08-26,5,4
2026-08-31,Louis Vuitton,1956738,1995,2026-08-19,12,4
2026-08-31,Louis Vuitton,1956937,1595,2026-08-26,5,4
2026-08-31,Louis Vuitton,1956950,850,2026-08-24,7,4
2026-08-31,Louis Vuitton,1957135,2150,2026-08-22,9,4
2026-08-31,Louis Vuitton,1957609,2650,2026-08-25,6,4
2026-08-31,Louis Vuitton,1957714,1995,2026-08-21,10,4
2026-08-31,Louis Vuitton,1958011,1795,2026-08-21,10,4
2026-08-31,Louis Vuitton,1958028,1695,2026-08-28,3,3
2026-08-31,Louis Vuitton,1958330,725,2026-08-29,2,2
2026-08-31,Louis Vuitton,1958440,1695,2026-08-25,6,4
2026-08-31,Louis Vuitton,1958456,2595,2026-08-27,4,4
2026-08-31,Louis Vuitton,1958548,1495,2026-08-19,12,4
2026-08-31,Louis Vuitton,1958696,995,2026-08-24,7,4
2026-08-31,Louis Vuitton,1958725,1895,2026-08-25,6,4
2026-08-31,Louis Vuitton,1959142,1395,2026-08-22,9,4
2026-08-31,Louis Vuitton,1959442,1595,2026-08-25,6,4
2026-08-31,Louis Vuitton,1960154,1850,2026-08-27,4,4
2026-08-31,Louis Vuitton,1960181,1495,2026-08-25,6,4
2026-08-31,Louis Vuitton,1960188,1350,2026-08-25,6,4
2026-08-31,Louis Vuitton,1960250,1195,2026-08-25,6,4
2026-08-31,Louis Vuitton,1960278,695,2026-08-24,7,4
2026-08-31,Louis Vuitton,1960308,1695,2026-08-26,5,4
2026-08-31,Louis Vuitton,1960611,850,2026-08-22,9,4
2026-08-31,Louis Vuitton,1960716,750,2026-08-22,9,4
2026-08-31,Louis Vuitton,1960862,1495,2026-08-29,2,2
2026-08-31,Louis Vuitton,1961035,795,2026-08-29,2,2
2026-08-31,Louis Vuitton,1961053,795,2026-08-27,4,4
2026-08-31,Louis Vuitton,1961112,1350,2026-08-28,3,3
2026-08-31,Louis Vuitton,1961240,1495,2026-08-25,6,4
2026-08-31,Louis Vuitton,1961261,1650,2026-08-28,3,3
2026-08-31,Louis Vuitton,1962226,1195,2026-08-28,3,3
2026-08-31,Louis Vuitton,1962393,1750,2026-08-28,3,3
2026-08-31,Louis Vuitton,1962436,1495,2026-08-29,2,2
2026-08-31,Louis Vuitton,1962439,2295,2026-08-26,5,4
2026-08-31,Louis Vuitton,1962641,1095,2026-08-26,5,4
2026-08-31,Louis Vuitton,1962773,1750,2026-08-26,5,4
2026-08-31,Louis Vuitton,1963151,1695,2026-08-25,6,4
2026-08-31,Louis Vuitton,1963373,550,2026-08-27,4,4
2026-08-31,Louis Vuitton,1963428,1695,2026-08-29,2,2
2026-08-31,Louis Vuitton,1963613,1895,2026-08-29,2,2
2026-08-31,Louis Vuitton,1963677,1350,2026-08-28,3,3
2026-08-31,Louis Vuitton,1963940,1695,2026-08-28,3,3
2026-08-31,Louis Vuitton,1964485,995,2026-08-29,2,2
2026-08-31,Goyard,1905246,1780,2026-06-13,79,4
2026-08-31,Goyard,1911785,3145,2026-07-02,60,4
2026-08-31,Goyard,1916212,3510,2026-07-14,48,4
2026-08-31,Goyard,1925777,2295,2026-07-11,51,4
2026-08-31,Goyard,1927847,2550,2026-07-21,41,4
2026-08-31,Goyard,1954080,2650,2026-08-13,18,4
2026-08-31,Goyard,1960166,2095,2026-08-28,3,3
2026-08-31,Goyard,1962205,2895,2026-08-25,6,4
2026-08-31,Goyard,1965402,2295,2026-08-29,2,2
2026-08-31,Dior,1648407,325,2025-06-10,447,2
2026-08-31,Dior,1790547,2855,2026-01-07,236,4
2026-08-31,Dior,1797240,2700,2026-01-24,219,4
2026-08-31,Dior,1885224,3880,2026-05-23,100,4
2026-08-31,Dior,1887822,2290,2026-06-02,90,4
2026-08-31,Dior,1888675,1420,2026-05-27,96,4
2026-08-31,Dior,1912118,1120,2026-06-23,69,4
2026-08-31,Dior,1928248,2845,2026-07-18,44,4
2026-08-31,Dior,1934839,2795,2026-07-31,31,1
2026-08-31,Dior,1949571,6895,2026-08-13,18,4
2026-08-31,Dior,1951988,3995,2026-08-18,13,4
2026-08-31,Dior,1953695,3095,2026-08-29,2,2
2026-08-31,Dior,1953782,3195,2026-08-12,19,4
2026-08-31,Dior,1956978,3495,2026-08-26,5,4
2026-08-31,Dior,1958693,4050,2026-08-26,5,4
2026-08-31,Dior,1960542,4450,2026-08-27,4,4
2026-08-31,Dior,1961034,3795,2026-08-27,4,4
2026-08-31,Fendi,1748446,1995,2025-11-05,299,4
2026-08-31,Fendi,1857376,5150,2026-04-21,132,4
2026-08-31,Fendi,1887174,1565,2026-05-21,102,4
2026-08-31,Fendi,1905972,2550,2026-06-18,74,4
2026-08-31,Fendi,1915558,1195,2026-06-30,62,4
2026-08-31,Fendi,1917254,880,2026-07-17,45,4
2026-08-31,Fendi,1926196,1795,2026-07-17,45,4
2026-08-31,Fendi,1931405,3890,2026-07-24,38,4
2026-08-31,Fendi,1940011,1325,2026-07-22,40,4
2026-08-31,Fendi,1952046,4995,2026-08-14,17,4
2026-08-31,Fendi,1955955,1150,2026-08-20,11,4
2026-08-31,Fendi,1958652,2195,2026-08-26,5,4
2026-08-31,Fendi,1958899,1295,2026-08-26,5,4
2026-08-31,Fendi,1959499,1995,2026-08-27,4,4
2026-08-31,The Row,1920475,3195,2026-07-04,58,4
2026-08-31,The Row,1954498,5525,2026-08-27,4,4
2026-08-31,The Row,1961483,2195,2026-08-26,5,4
2026-08-31,Cartier,1849784,2335,2026-04-23,130,4
2026-08-31,Cartier,1851921,6350,2026-04-10,143,1
2026-08-31,Cartier,1865943,6070,2026-04-30,123,4
2026-08-31,Cartier,1881786,1185,2026-06-05,87,4
2026-08-31,Cartier,1886971,1470,2026-05-20,103,4
2026-08-31,Cartier,1908239,1230,2026-07-24,38,4
2026-08-31,Cartier,1909543,2245,2026-06-30,62,4
2026-08-31,Cartier,1911978,995,2026-08-28,3,3
2026-08-31,Cartier,1916948,1950,2026-07-24,38,3
2026-08-31,Cartier,1925760,9695,2026-08-25,6,4
2026-08-31,Cartier,1936949,4095,2026-08-07,24,4
2026-08-31,Cartier,1942473,1595,2026-08-14,17,4
2026-08-31,Cartier,1943241,7125,2026-08-07,24,1
2026-08-31,Cartier,1943746,9995,2026-08-21,10,4
2026-08-31,Cartier,1944308,1050,2026-08-12,19,4
2026-08-31,Cartier,1949200,2050,2026-08-28,3,3
2026-08-31,Cartier,1951789,4495,2026-08-24,7,4
2026-08-31,Cartier,1952097,1250,2026-08-21,10,4
2026-09-01,Hermès,1791820,2435,2026-01-16,228,5
2026-09-01,Hermès,1815193,20695,2026-02-13,200,3
2026-09-01,Hermès,1816190,32995,2026-02-12,201,5
2026-09-01,Hermès,1823701,10620,2026-03-04,181,5
2026-09-01,Hermès,1848152,3125,2026-04-01,153,5
2026-09-01,Hermès,1868901,2335,2026-05-11,113,5
2026-09-01,Hermès,1879065,15995,2026-05-11,113,5
2026-09-01,Hermès,1892238,3585,2026-06-12,81,5
2026-09-01,Hermès,1894054,9535,2026-06-06,87,4
2026-09-01,Hermès,1911734,11045,2026-06-23,70,2
2026-09-01,Hermès,1916439,20695,2026-07-08,55,5
2026-09-01,Hermès,1916718,21995,2026-07-08,55,1
2026-09-01,Hermès,1921212,2250,2026-07-14,49,4
2026-09-01,Hermès,1938012,7595,2026-07-31,32,5
2026-09-01,Hermès,1938254,15195,2026-07-28,35,5
2026-09-01,Hermès,1940669,5095,2026-07-29,34,5
2026-09-01,Hermès,1941630,5095,2026-08-07,25,5
2026-09-01,Hermès,1942301,14500,2026-08-18,14,5
2026-09-01,Hermès,1942759,4095,2026-07-29,34,1
2026-09-01,Hermès,1949257,16250,2026-08-05,27,5
2026-09-01,Hermès,1950450,7250,2026-08-21,11,5
2026-09-01,Hermès,1950469,1995,2026-08-20,12,1
2026-09-01,Hermès,1950972,295,2026-08-13,19,5
2026-09-01,Hermès,1952249,11995,2026-08-25,7,1
2026-09-01,Hermès,1952818,6195,2026-08-13,19,5
2026-09-01,Hermès,1953332,23995,2026-08-13,19,5
2026-09-01,Hermès,1955356,2795,2026-08-27,5,5
2026-09-01,Hermès,1955781,15950,2026-08-18,14,5
2026-09-01,Hermès,1955950,2695,2026-08-18,14,5
2026-09-01,Hermès,1956055,3595,2026-08-29,3,3
2026-09-01,Hermès,1957713,21995,2026-08-27,5,2
2026-09-01,Hermès,1957725,4295,2026-08-20,12,5
2026-09-01,Hermès,1957846,3295,2026-08-25,7,5
2026-09-01,Chanel,1692780,1750,2026-07-16,47,5
2026-09-01,Chanel,1727603,1320,2025-10-02,334,5
2026-09-01,Chanel,1736409,3395,2026-06-16,77,1
2026-09-01,Chanel,1782095,295,2025-12-24,251,5
2026-09-01,Chanel,1782555,6495,2025-12-23,252,5
2026-09-01,Chanel,1791363,2220,2026-01-08,236,5
2026-09-01,Chanel,1796229,3050,2026-01-16,228,5
2026-09-01,Chanel,1802133,5695,2026-07-20,43,5
2026-09-01,Chanel,1816594,7195,2026-03-10,175,5
2026-09-01,Chanel,1817968,5790,2026-02-20,193,5
2026-09-01,Chanel,1835776,2250,2026-03-20,165,5
2026-09-01,Chanel,1841917,1990,2026-04-02,152,5
2026-09-01,Chanel,1847720,3995,2026-04-07,147,5
2026-09-01,Chanel,1850427,3595,2026-04-14,140,3
2026-09-01,Chanel,1851550,2495,2026-04-09,145,5
2026-09-01,Chanel,1851661,750,2026-04-14,140,5
2026-09-01,Chanel,1852651,2885,2026-04-09,145,5
2026-09-01,Chanel,1854894,3650,2026-04-18,136,5
2026-09-01,Chanel,1857090,3450,2026-04-15,139,5
2026-09-01,Chanel,1858439,2995,2026-05-06,118,5
2026-09-01,Chanel,1866104,5035,2026-04-25,129,5
2026-09-01,Chanel,1866478,2095,2026-05-01,123,5
2026-09-01,Chanel,1868087,1720,2026-05-12,112,5
2026-09-01,Chanel,1868157,2075,2026-05-18,106,5
2026-09-01,Chanel,1870384,2250,2026-05-01,123,1
2026-09-01,Chanel,1871231,4495,2026-05-02,122,5
2026-09-01,Chanel,1871905,3150,2026-05-04,120,5
2026-09-01,Chanel,1873574,1645,2026-05-04,120,5
2026-09-01,Chanel,1874244,2195,2026-05-11,113,5
2026-09-01,Chanel,1875087,8995,2026-05-08,116,5
2026-09-01,Chanel,1878124,5195,2026-05-14,110,5
2026-09-01,Chanel,1880080,4795,2026-05-13,111,5
2026-09-01,Chanel,1880210,4235,2026-05-16,108,5
2026-09-01,Chanel,1881670,1755,2026-05-30,94,5
2026-09-01,Chanel,1882139,1795,2026-05-29,95,2
2026-09-01,Chanel,1883322,1705,2026-05-22,102,5
2026-09-01,Chanel,1887114,5515,2026-05-22,102,5
2026-09-01,Chanel,1887642,2395,2026-05-29,95,5
2026-09-01,Chanel,1887653,2545,2026-06-16,77,5
2026-09-01,Chanel,1889715,3150,2026-05-23,101,5
2026-09-01,Chanel,1890687,3795,2026-06-04,89,5
2026-09-01,Chanel,1891398,3435,2026-06-01,92,5
2026-09-01,Chanel,1891787,6840,2026-06-13,80,5
2026-09-01,Chanel,1891913,1995,2026-06-03,90,5
2026-09-01,Chanel,1892646,2715,2026-06-05,88,5
2026-09-01,Chanel,1892857,3820,2026-06-05,88,5
2026-09-01,Chanel,1902643,8365,2026-06-16,77,5
2026-09-01,Chanel,1908581,9895,2026-06-18,75,5
2026-09-01,Chanel,1909560,4765,2026-06-27,66,5
2026-09-01,Chanel,1910774,3395,2026-06-25,68,5
2026-09-01,Chanel,1912213,3225,2026-06-23,70,5
2026-09-01,Chanel,1912802,5395,2026-06-22,71,5
2026-09-01,Chanel,1913251,1075,2026-06-27,66,5
2026-09-01,Chanel,1913978,7835,2026-06-22,71,5
2026-09-01,Chanel,1915849,3055,2026-07-04,59,5
2026-09-01,Chanel,1916419,1595,2026-07-08,55,1
2026-09-01,Chanel,1916896,5395,2026-06-26,67,5
2026-09-01,Chanel,1916969,6750,2026-06-30,63,5
2026-09-01,Chanel,1918918,695,2026-07-01,62,5
2026-09-01,Chanel,1921085,4135,2026-07-09,54,5
2026-09-01,Chanel,1923111,11995,2026-07-14,49,5
2026-09-01,Chanel,1923318,3595,2026-07-08,55,5
2026-09-01,Chanel,1923466,12825,2026-07-15,48,5
2026-09-01,Chanel,1925709,4795,2026-07-11,52,5
2026-09-01,Chanel,1926098,3955,2026-07-11,52,5
2026-09-01,Chanel,1926195,4080,2026-07-17,46,5
2026-09-01,Chanel,1927045,4650,2026-07-16,47,5
2026-09-01,Chanel,1927047,6740,2026-07-16,47,5
2026-09-01,Chanel,1927913,7095,2026-07-17,46,5
2026-09-01,Chanel,1928262,2850,2026-07-18,45,5
2026-09-01,Chanel,1928990,4555,2026-07-30,33,5
2026-09-01,Chanel,1930878,4650,2026-07-13,50,5
2026-09-01,Chanel,1937932,3595,2026-07-29,34,5
2026-09-01,Chanel,1940236,14995,2026-08-01,31,5
2026-09-01,Chanel,1940881,4225,2026-07-25,38,5
2026-09-01,Chanel,1941621,5315,2026-07-28,35,5
2026-09-01,Chanel,1944056,2150,2026-08-05,27,5
2026-09-01,Chanel,1944290,12995,2026-08-04,28,5
2026-09-01,Chanel,1945455,6175,2026-08-05,27,5
2026-09-01,Chanel,1946646,1995,2026-08-12,20,5
2026-09-01,Chanel,1947856,5995,2026-08-12,20,5
2026-09-01,Chanel,1948434,3795,2026-08-11,21,5
2026-09-01,Chanel,1948871,2495,2026-08-06,26,5
2026-09-01,Chanel,1948887,4695,2026-08-05,27,5
2026-09-01,Chanel,1949196,15500,2026-08-12,20,5
2026-09-01,Chanel,1949922,3995,2026-08-05,27,5
2026-09-01,Chanel,1949985,3395,2026-08-06,26,5
2026-09-01,Chanel,1951258,14995,2026-08-21,11,5
2026-09-01,Chanel,1952540,4595,2026-08-28,4,4
2026-09-01,Chanel,1952886,2095,2026-08-07,25,5
2026-09-01,Chanel,1953286,2995,2026-08-12,20,5
2026-09-01,Chanel,1954156,4395,2026-08-13,19,5
2026-09-01,Chanel,1954165,7295,2026-08-21,11,5
2026-09-01,Chanel,1954391,4795,2026-08-20,12,5
2026-09-01,Chanel,1954422,3850,2026-08-19,13,5
2026-09-01,Chanel,1954946,4895,2026-08-24,8,5
2026-09-01,Chanel,1955172,3995,2026-08-19,13,5
2026-09-01,Chanel,1955756,13995,2026-08-29,3,3
2026-09-01,Chanel,1955917,7495,2026-08-21,11,2
2026-09-01,Chanel,1955943,9550,2026-08-26,6,5
2026-09-01,Chanel,1955980,3295,2026-08-26,6,5
2026-09-01,Chanel,1956233,3750,2026-08-14,18,5
2026-09-01,Chanel,1956457,2095,2026-08-21,11,5
2026-09-01,Chanel,1957536,3925,2026-08-27,5,5
2026-09-01,Chanel,1957538,3995,2026-08-21,11,5
2026-09-01,Chanel,1957906,15095,2026-08-24,8,5
2026-09-01,Chanel,1958587,14995,2026-08-24,8,5
2026-09-01,Chanel,1958769,14995,2026-08-25,7,5
2026-09-01,Chanel,1958910,7095,2026-08-27,5,5
2026-09-01,Chanel,1959857,13995,2026-08-29,3,3
2026-09-01,Chanel,1959903,5195,2026-08-22,10,5
2026-09-01,Chanel,1961194,8250,2026-08-26,6,5
2026-09-01,Chanel,1961862,5895,2026-08-28,4,4
2026-09-01,Chanel,1962106,4150,2026-08-28,4,2
2026-09-01,Chanel,1962214,2795,2026-08-26,6,5
2026-09-01,Chanel,1962803,3450,2026-08-26,6,5
2026-09-01,Chanel,1962841,4395,2026-08-26,6,5
2026-09-01,Chanel,1963556,7995,2026-08-26,6,5
2026-09-01,Chanel,1963662,8495,2026-08-29,3,3
2026-09-01,Chanel,1965111,7295,2026-08-28,4,4
2026-09-01,Chanel,1965422,5750,2026-08-29,3,3
2026-09-01,Chanel,1965692,2895,2026-08-29,3,3
2026-09-01,Louis Vuitton,1680020,1450,2025-08-28,369,5
2026-09-01,Louis Vuitton,1777177,850,2025-12-16,259,4
2026-09-01,Louis Vuitton,1777782,1095,2026-08-11,21,5
2026-09-01,Louis Vuitton,1798949,3235,2026-01-24,220,5
2026-09-01,Louis Vuitton,1830671,1785,2026-06-15,78,5
2026-09-01,Louis Vuitton,1842994,3150,2026-04-02,152,5
2026-09-01,Louis Vuitton,1846884,435,2026-03-27,158,5
2026-09-01,Louis Vuitton,1853973,535,2026-04-23,131,5
2026-09-01,Louis Vuitton,1855388,1595,2026-04-18,136,5
2026-09-01,Louis Vuitton,1857201,850,2026-05-06,118,5
2026-09-01,Louis Vuitton,1857246,1570,2026-04-24,130,5
2026-09-01,Louis Vuitton,1863239,1595,2026-04-17,137,5
2026-09-01,Louis Vuitton,1868201,2205,2026-04-30,124,5
2026-09-01,Louis Vuitton,1870280,9900,2026-05-08,116,5
2026-09-01,Louis Vuitton,1874135,2085,2026-07-31,32,5
2026-09-01,Louis Vuitton,1877043,715,2026-06-02,91,5
2026-09-01,Louis Vuitton,1881438,1850,2026-07-24,39,5
2026-09-01,Louis Vuitton,1881932,1495,2026-06-04,89,5
2026-09-01,Louis Vuitton,1885012,750,2026-06-01,92,5
2026-09-01,Louis Vuitton,1887714,2655,2026-07-16,47,5
2026-09-01,Louis Vuitton,1890905,2560,2026-06-02,91,5
2026-09-01,Louis Vuitton,1892160,715,2026-06-01,92,5
2026-09-01,Louis Vuitton,1892396,710,2026-08-26,6,5
2026-09-01,Louis Vuitton,1894056,1295,2026-06-06,87,5
2026-09-01,Louis Vuitton,1895389,2420,2026-08-25,7,5
2026-09-01,Louis Vuitton,1895503,1450,2026-06-10,83,5
2026-09-01,Louis Vuitton,1904629,2545,2026-06-18,75,5
2026-09-01,Louis Vuitton,1905297,1150,2026-06-15,78,1
2026-09-01,Louis Vuitton,1906840,2250,2026-06-22,71,5
2026-09-01,Louis Vuitton,1907003,3480,2026-06-16,77,5
2026-09-01,Louis Vuitton,1909069,2995,2026-06-25,68,5
2026-09-01,Louis Vuitton,1910296,1235,2026-06-19,74,5
2026-09-01,Louis Vuitton,1913059,2250,2026-06-27,66,5
2026-09-01,Louis Vuitton,1913084,920,2026-07-04,59,5
2026-09-01,Louis Vuitton,1913600,1895,2026-06-22,71,5
2026-09-01,Louis Vuitton,1913814,1325,2026-07-17,46,5
2026-09-01,Louis Vuitton,1914202,1795,2026-07-10,53,5
2026-09-01,Louis Vuitton,1915686,1450,2026-08-11,21,5
2026-09-01,Louis Vuitton,1916611,895,2026-07-30,33,5
2026-09-01,Louis Vuitton,1917435,4495,2026-07-01,62,1
2026-09-01,Louis Vuitton,1917536,1050,2026-07-30,33,5
2026-09-01,Louis Vuitton,1919262,650,2026-07-01,62,1
2026-09-01,Louis Vuitton,1920987,765,2026-07-07,56,5
2026-09-01,Louis Vuitton,1921366,2595,2026-07-04,59,5
2026-09-01,Louis Vuitton,1922646,1885,2026-07-04,59,5
2026-09-01,Louis Vuitton,1923277,2195,2026-07-09,54,1
2026-09-01,Louis Vuitton,1923894,595,2026-07-30,33,5
2026-09-01,Louis Vuitton,1923930,650,2026-07-30,33,5
2026-09-01,Louis Vuitton,1924007,1325,2026-07-15,48,5
2026-09-01,Louis Vuitton,1924981,1610,2026-07-17,46,5
2026-09-01,Louis Vuitton,1925102,2560,2026-07-15,48,5
2026-09-01,Louis Vuitton,1925156,2275,2026-07-16,47,5
2026-09-01,Louis Vuitton,1925373,2135,2026-07-15,48,5
2026-09-01,Louis Vuitton,1926036,695,2026-08-05,27,5
2026-09-01,Louis Vuitton,1927392,1420,2026-07-22,41,5
2026-09-01,Louis Vuitton,1928036,1495,2026-07-22,41,5
2026-09-01,Louis Vuitton,1928050,1800,2026-07-23,40,5
2026-09-01,Louis Vuitton,1928101,450,2026-07-20,43,5
2026-09-01,Louis Vuitton,1928859,1660,2026-07-22,41,5
2026-09-01,Louis Vuitton,1935622,450,2026-07-22,41,5
2026-09-01,Louis Vuitton,1935780,1750,2026-07-18,45,4
2026-09-01,Louis Vuitton,1936073,1295,2026-08-11,21,5
2026-09-01,Louis Vuitton,1937210,1375,2026-07-28,35,5
2026-09-01,Louis Vuitton,1937480,2180,2026-07-20,43,5
2026-09-01,Louis Vuitton,1937852,1185,2026-07-20,43,5
2026-09-01,Louis Vuitton,1939246,1610,2026-07-30,33,5
2026-09-01,Louis Vuitton,1939252,905,2026-07-24,39,5
2026-09-01,Louis Vuitton,1939518,2845,2026-07-25,38,1
2026-09-01,Louis Vuitton,1939521,1895,2026-07-30,33,5
2026-09-01,Louis Vuitton,1939617,1695,2026-08-04,28,5
2026-09-01,Louis Vuitton,1939913,2750,2026-08-27,5,5
2026-09-01,Louis Vuitton,1941057,995,2026-08-11,21,5
2026-09-01,Louis Vuitton,1941071,695,2026-08-19,13,5
2026-09-01,Louis Vuitton,1941075,595,2026-08-19,13,5
2026-09-01,Louis Vuitton,1941321,1895,2026-07-25,38,5
2026-09-01,Louis Vuitton,1941439,2180,2026-07-29,34,5
2026-09-01,Louis Vuitton,1941603,900,2026-07-29,34,5
2026-09-01,Louis Vuitton,1942308,950,2026-08-01,31,1
2026-09-01,Louis Vuitton,1943062,1895,2026-08-01,31,5
2026-09-01,Louis Vuitton,1945229,1595,2026-08-05,27,5
2026-09-01,Louis Vuitton,1945255,1495,2026-08-06,26,5
2026-09-01,Louis Vuitton,1945349,1375,2026-08-01,31,5
2026-09-01,Louis Vuitton,1947011,850,2026-08-05,27,5
2026-09-01,Louis Vuitton,1947807,1350,2026-08-07,25,5
2026-09-01,Louis Vuitton,1948034,810,2026-08-18,14,5
2026-09-01,Louis Vuitton,1948326,1150,2026-08-06,26,5
2026-09-01,Louis Vuitton,1948401,895,2026-08-11,21,5
2026-09-01,Louis Vuitton,1948452,750,2026-08-11,21,5
2026-09-01,Louis Vuitton,1948482,495,2026-08-11,21,5
2026-09-01,Louis Vuitton,1948592,1750,2026-08-18,14,5
2026-09-01,Louis Vuitton,1948762,2250,2026-08-13,19,5
2026-09-01,Louis Vuitton,1950047,895,2026-08-18,14,5
2026-09-01,Louis Vuitton,1950278,850,2026-08-13,19,5
2026-09-01,Louis Vuitton,1950966,1550,2026-08-13,19,5
2026-09-01,Louis Vuitton,1951378,2395,2026-08-14,18,5
2026-09-01,Louis Vuitton,1951388,1395,2026-08-18,14,5
2026-09-01,Louis Vuitton,1951522,1995,2026-08-14,18,5
2026-09-01,Louis Vuitton,1951606,1395,2026-08-27,5,5
2026-09-01,Louis Vuitton,1951679,1795,2026-08-14,18,5
2026-09-01,Louis Vuitton,1952167,1295,2026-08-24,8,5
2026-09-01,Louis Vuitton,1952536,2295,2026-08-26,6,5
2026-09-01,Louis Vuitton,1952681,1595,2026-08-14,18,1
2026-09-01,Louis Vuitton,1952685,1150,2026-08-19,13,5
2026-09-01,Louis Vuitton,1953490,2795,2026-08-12,20,5
2026-09-01,Louis Vuitton,1953685,950,2026-08-29,3,3
2026-09-01,Louis Vuitton,1955104,1795,2026-08-20,12,5
2026-09-01,Louis Vuitton,1955914,1350,2026-08-21,11,5
2026-09-01,Louis Vuitton,1955919,2095,2026-08-18,14,5
2026-09-01,Louis Vuitton,1955992,1750,2026-08-15,17,5
2026-09-01,Louis Vuitton,1956115,4550,2026-08-29,3,3
2026-09-01,Louis Vuitton,1956393,675,2026-08-19,13,5
2026-09-01,Louis Vuitton,1956459,1750,2026-08-21,11,5
2026-09-01,Louis Vuitton,1957542,1395,2026-08-27,5,5
2026-09-01,Louis Vuitton,1957702,2995,2026-08-29,3,3
2026-09-01,Louis Vuitton,1957812,1725,2026-08-24,8,5
2026-09-01,Louis Vuitton,1957914,2795,2026-08-21,11,5
2026-09-01,Louis Vuitton,1957971,575,2026-08-27,5,5
2026-09-01,Louis Vuitton,1958322,995,2026-08-26,6,5
2026-09-01,Louis Vuitton,1958425,2250,2026-08-26,6,5
2026-09-01,Louis Vuitton,1958686,2195,2026-08-27,5,5
2026-09-01,Louis Vuitton,1958806,3565,2026-08-21,11,5
2026-09-01,Louis Vuitton,1959080,3250,2026-08-21,11,5
2026-09-01,Louis Vuitton,1959297,850,2026-08-25,7,5
2026-09-01,Louis Vuitton,1959871,1195,2026-08-27,5,5
2026-09-01,Louis Vuitton,1960236,750,2026-08-26,6,5
2026-09-01,Louis Vuitton,1960294,1995,2026-08-24,8,5
2026-09-01,Louis Vuitton,1960553,1095,2026-08-26,6,5
2026-09-01,Louis Vuitton,1960906,1450,2026-08-27,5,5
2026-09-01,Louis Vuitton,1960994,1950,2026-08-27,5,5
2026-09-01,Louis Vuitton,1961111,1850,2026-08-25,7,5
2026-09-01,Louis Vuitton,1962089,6695,2026-08-29,3,3
2026-09-01,Louis Vuitton,1962192,1450,2026-08-27,5,5
2026-09-01,Louis Vuitton,1962198,1250,2026-08-27,5,5
2026-09-01,Louis Vuitton,1962708,2595,2026-08-29,3,3
2026-09-01,Louis Vuitton,1962884,1395,2026-08-26,6,4
2026-09-01,Louis Vuitton,1963121,2795,2026-08-27,5,5
2026-09-01,Louis Vuitton,1963216,2950,2026-08-27,5,5
2026-09-01,Louis Vuitton,1963607,1750,2026-08-28,4,4
2026-09-01,Louis Vuitton,1963620,2550,2026-08-28,4,4
2026-09-01,Louis Vuitton,1965485,650,2026-08-29,3,3
2026-09-01,Louis Vuitton,1965668,1295,2026-08-29,3,3
2026-09-01,Louis Vuitton,1966256,1295,2026-08-31,1,1
2026-09-01,Goyard,1857789,2695,2026-04-14,140,2
2026-09-01,Goyard,1894361,3105,2026-06-06,87,5
2026-09-01,Goyard,1908913,2875,2026-06-23,70,5
2026-09-01,Goyard,1917032,3225,2026-07-10,53,5
2026-09-01,Goyard,1923350,2250,2026-07-09,54,5
2026-09-01,Goyard,1952437,2395,2026-08-21,11,5
2026-09-01,Goyard,1952906,2365,2026-08-14,18,5
2026-09-01,Goyard,1957747,2795,2026-08-18,14,5
2026-09-01,Goyard,1962161,2550,2026-08-26,6,5
2026-09-01,Goyard,1963188,1650,2026-08-29,3,3
2026-09-01,Dior,1788891,1905,2026-01-05,239,5
2026-09-01,Dior,1841830,1025,2026-03-31,154,5
2026-09-01,Dior,1881453,3270,2026-05-30,94,5
2026-09-01,Dior,1921849,1515,2026-07-15,48,5
2026-09-01,Dior,1922656,2395,2026-07-04,59,5
2026-09-01,Dior,1923371,2335,2026-07-07,56,5
2026-09-01,Dior,1926728,1470,2026-07-17,46,5
2026-09-01,Dior,1927332,2515,2026-07-23,40,5
2026-09-01,Dior,1928308,2095,2026-08-04,28,5
2026-09-01,Dior,1938308,945,2026-07-30,33,5
2026-09-01,Dior,1938590,1470,2026-07-29,34,5
2026-09-01,Dior,1939084,3495,2026-07-24,39,5
2026-09-01,Dior,1952183,1395,2026-08-08,24,5
2026-09-01,Dior,1955122,3550,2026-08-14,18,5
2026-09-01,Dior,1957097,1050,2026-08-21,11,5
2026-09-01,Dior,1958224,1395,2026-08-26,6,5
2026-09-01,Dior,1958877,2395,2026-08-21,11,5
2026-09-01,Dior,1959817,1750,2026-08-25,7,5
2026-09-01,Dior,1960785,3495,2026-08-25,7,1
2026-09-01,Fendi,1834283,850,2026-03-18,167,5
2026-09-01,Fendi,1837867,1230,2026-03-26,159,5
2026-09-01,Fendi,1868791,1485,2026-07-29,34,5
2026-09-01,Fendi,1881847,985,2026-07-02,61,5
2026-09-01,Fendi,1882000,1095,2026-05-21,103,5
2026-09-01,Fendi,1882271,650,2026-05-20,104,5
2026-09-01,Fendi,1892450,1350,2026-06-20,73,5
2026-09-01,Fendi,1909458,2425,2026-06-25,68,5
2026-09-01,Fendi,1925088,830,2026-07-16,47,5
2026-09-01,Fendi,1929032,1515,2026-07-23,40,5
2026-09-01,Fendi,1935707,650,2026-07-18,45,5
2026-09-01,Fendi,1938615,1350,2026-07-29,34,5
2026-09-01,Fendi,1949583,495,2026-08-27,5,5
2026-09-01,Fendi,1953011,1850,2026-08-19,13,3
2026-09-01,Fendi,1958504,1095,2026-08-21,11,5
2026-09-01,Fendi,1960372,1795,2026-08-29,3,3
2026-09-01,Fendi,1961845,2195,2026-08-28,4,4
2026-09-01,The Row,1877278,1910,2026-05-21,103,3
2026-09-01,The Row,1908557,1795,2026-06-27,66,5
2026-09-01,The Row,1940948,2845,2026-07-25,38,5
2026-09-01,Cartier,1850341,1090,2026-04-21,133,5
2026-09-01,Cartier,1869350,4995,2026-05-16,108,4
2026-09-01,Cartier,1885136,5220,2026-05-28,96,5
2026-09-01,Cartier,1889263,1295,2026-06-15,78,1
2026-09-01,Cartier,1908717,2845,2026-06-25,68,5
2026-09-01,Cartier,1913718,2515,2026-07-28,35,5
2026-09-01,Cartier,1914635,5495,2026-07-24,39,5
2026-09-01,Cartier,1919870,6265,2026-07-28,35,5
2026-09-01,Cartier,1926267,1150,2026-07-23,40,5
2026-09-01,Cartier,1937489,3995,2026-08-12,20,5
2026-09-01,Cartier,1940587,8795,2026-08-20,12,5
2026-09-01,Cartier,1941408,1295,2026-08-13,19,5
2026-09-01,Cartier,1941625,1850,2026-07-30,33,5
2026-09-01,Cartier,1948269,1895,2026-08-27,5,5
2026-09-01,Cartier,1948606,6495,2026-08-28,4,4
2026-09-01,Cartier,1952139,3500,2026-08-20,12,2
2026-09-01,Cartier,1952678,1850,2026-08-14,18,5
2026-09-01,Cartier,1956046,1995,2026-08-26,6,5
2026-09-01,Cartier,1956789,5195,2026-08-29,3,3
2026-09-01,Cartier,1956933,2395,2026-08-29,3,3
2026-09-01,Cartier,1957668,7195,2026-08-29,3,3
2026-09-02,Hermès,1818038,13775,2026-03-04,182,6
2026-09-02,Hermès,1875156,23995,2026-05-08,117,6
2026-09-02,Hermès,1880123,10160,2026-05-11,114,2
2026-09-02,Hermès,1880352,3450,2026-05-13,112,6
2026-09-02,Hermès,1901552,9595,2026-06-11,83,6
2026-09-02,Hermès,1903454,3795,2026-07-17,47,6
2026-09-02,Hermès,1907464,23555,2026-06-30,64,6
2026-09-02,Hermès,1914848,19350,2026-07-08,56,3
2026-09-02,Hermès,1917653,900,2026-07-14,50,6
2026-09-02,Hermès,1919026,74500,2026-07-01,63,6
2026-09-02,Hermès,1925514,18045,2026-07-17,47,6
2026-09-02,Hermès,1936739,10995,2026-07-28,36,1
2026-09-02,Hermès,1939591,9995,2026-08-04,29,1
2026-09-02,Hermès,1940368,20995,2026-08-19,14,6
2026-09-02,Hermès,1940387,65995,2026-07-31,33,6
2026-09-02,Hermès,1940450,3550,2026-08-11,22,6
2026-09-02,Hermès,1940753,2655,2026-07-25,39,6
2026-09-02,Hermès,1941313,2560,2026-07-25,39,6
2026-09-02,Hermès,1943788,9095,2026-07-29,35,6
2026-09-02,Hermès,1944129,6795,2026-08-27,6,1
2026-09-02,Hermès,1946783,9995,2026-08-07,26,6
2026-09-02,Hermès,1948961,13500,2026-08-18,15,1
2026-09-02,Hermès,1949253,12500,2026-08-26,7,6
2026-09-02,Hermès,1949828,6895,2026-08-13,20,6
2026-09-02,Hermès,1950700,19995,2026-08-19,14,6
2026-09-02,Hermès,1954728,5995,2026-09-01,1,1
2026-09-02,Hermès,1954950,2895,2026-08-21,12,1
2026-09-02,Hermès,1956054,34995,2026-08-18,15,1
2026-09-02,Hermès,1956131,35995,2026-08-24,9,6
2026-09-02,Hermès,1956535,30995,2026-08-21,12,1
2026-09-02,Hermès,1959325,9895,2026-09-01,1,1
2026-09-02,Hermès,1960500,3995,2026-09-01,1,1
2026-09-02,Hermès,1964568,34995,2026-08-27,6,1
2026-09-02,Chanel,1583098,3750,2025-04-06,514,6
2026-09-02,Chanel,1657964,1595,2025-06-18,441,6
2026-09-02,Chanel,1732427,3995,2025-11-26,280,6
2026-09-02,Chanel,1735020,13550,2025-10-14,323,6
2026-09-02,Chanel,1773824,3500,2026-01-14,231,6
2026-09-02,Chanel,1801909,1050,2026-02-03,211,1
2026-09-02,Chanel,1804493,6250,2026-01-27,218,6
2026-09-02,Chanel,1823192,2650,2026-06-09,85,6
2026-09-02,Chanel,1825460,4975,2026-02-28,186,6
2026-09-02,Chanel,1830488,3195,2026-03-06,180,6
2026-09-02,Chanel,1831257,3495,2026-03-10,176,2
2026-09-02,Chanel,1839836,4495,2026-03-20,166,6
2026-09-02,Chanel,1842366,3095,2026-04-07,148,6
2026-09-02,Chanel,1844967,3650,2026-04-02,153,6
2026-09-02,Chanel,1847795,2065,2026-05-15,110,6
2026-09-02,Chanel,1848552,1745,2026-04-08,147,6
2026-09-02,Chanel,1848969,2695,2026-04-03,152,6
2026-09-02,Chanel,1849517,5845,2026-04-15,140,6
2026-09-02,Chanel,1853100,2450,2026-04-09,146,6
2026-09-02,Chanel,1853763,2095,2026-04-14,141,5
2026-09-02,Chanel,1859434,2425,2026-05-12,113,6
2026-09-02,Chanel,1859444,2650,2026-05-06,119,6
2026-09-02,Chanel,1859508,2495,2026-05-06,119,6
2026-09-02,Chanel,1860849,3450,2026-04-21,134,6
2026-09-02,Chanel,1863804,4950,2026-04-17,138,6
2026-09-02,Chanel,1864271,1795,2026-04-25,130,6
2026-09-02,Chanel,1870478,7420,2026-05-13,112,6
2026-09-02,Chanel,1871223,1420,2026-05-06,119,6
2026-09-02,Chanel,1872024,4995,2026-05-02,123,6
2026-09-02,Chanel,1872642,2095,2026-05-05,120,6
2026-09-02,Chanel,1872650,1975,2026-05-06,119,6
2026-09-02,Chanel,1875237,1685,2026-05-07,118,6
2026-09-02,Chanel,1875886,3795,2026-05-13,112,6
2026-09-02,Chanel,1879402,7275,2026-05-15,110,6
2026-09-02,Chanel,1880708,9395,2026-05-13,112,5
2026-09-02,Chanel,1881015,8495,2026-05-20,105,2
2026-09-02,Chanel,1883213,4450,2026-05-18,107,6
2026-09-02,Chanel,1883421,5505,2026-05-22,103,6
2026-09-02,Chanel,1887094,3095,2026-05-20,105,6
2026-09-02,Chanel,1887710,2845,2026-07-16,48,6
2026-09-02,Chanel,1887718,4080,2026-07-16,48,6
2026-09-02,Chanel,1889281,2450,2026-06-03,91,6
2026-09-02,Chanel,1891713,3610,2026-06-04,90,6
2026-09-02,Chanel,1891831,3415,2026-07-01,63,6
2026-09-02,Chanel,1901532,1610,2026-06-09,85,6
2026-09-02,Chanel,1901582,3595,2026-06-18,76,6
2026-09-02,Chanel,1905979,10500,2026-06-08,86,6
2026-09-02,Chanel,1908701,7995,2026-06-18,76,6
2026-09-02,Chanel,1910063,6840,2026-06-19,75,6
2026-09-02,Chanel,1911731,9500,2026-06-20,74,6
2026-09-02,Chanel,1914738,2930,2026-07-11,53,6
2026-09-02,Chanel,1916247,4295,2026-07-10,54,6
2026-09-02,Chanel,1917398,4450,2026-06-27,67,6
2026-09-02,Chanel,1917704,7995,2026-06-27,67,2
2026-09-02,Chanel,1918840,5245,2026-07-10,54,5
2026-09-02,Chanel,1920685,4045,2026-07-07,57,6
2026-09-02,Chanel,1921543,8165,2026-07-14,50,6
2026-09-02,Chanel,1922961,6195,2026-07-08,56,6
2026-09-02,Chanel,1924750,1895,2026-07-30,34,6
2026-09-02,Chanel,1925431,8830,2026-07-22,42,6
2026-09-02,Chanel,1926133,5995,2026-08-07,26,6
2026-09-02,Chanel,1928413,3415,2026-07-14,50,6
2026-09-02,Chanel,1928509,2595,2026-07-23,41,6
2026-09-02,Chanel,1928860,14245,2026-07-18,46,6
2026-09-02,Chanel,1935452,2370,2026-07-18,46,6
2026-09-02,Chanel,1935885,8830,2026-07-18,46,6
2026-09-02,Chanel,1938707,5695,2026-07-25,39,5
2026-09-02,Chanel,1940191,6500,2026-08-13,20,6
2026-09-02,Chanel,1940437,2705,2026-07-29,35,6
2026-09-02,Chanel,1941485,3795,2026-08-05,28,6
2026-09-02,Chanel,1941565,3450,2026-08-20,13,6
2026-09-02,Chanel,1942283,15995,2026-07-27,37,3
2026-09-02,Chanel,1942464,15995,2026-07-24,40,6
2026-09-02,Chanel,1943029,7495,2026-07-31,33,6
2026-09-02,Chanel,1944077,4995,2026-08-27,6,6
2026-09-02,Chanel,1944522,1990,2026-08-01,32,6
2026-09-02,Chanel,1945146,7995,2026-08-13,20,6
2026-09-02,Chanel,1945198,3395,2026-08-12,21,6
2026-09-02,Chanel,1945224,13995,2026-07-28,36,6
2026-09-02,Chanel,1945722,5795,2026-08-05,28,6
2026-09-02,Chanel,1946464,3175,2026-08-06,27,6
2026-09-02,Chanel,1946757,2595,2026-08-05,28,6
2026-09-02,Chanel,1947354,6595,2026-08-07,26,6
2026-09-02,Chanel,1948130,6995,2026-08-14,19,6
2026-09-02,Chanel,1948516,1795,2026-08-13,20,2
2026-09-02,Chanel,1949238,2995,2026-08-21,12,6
2026-09-02,Chanel,1949249,2995,2026-08-26,7,6
2026-09-02,Chanel,1949456,3495,2026-08-11,22,6
2026-09-02,Chanel,1949635,2650,2026-08-15,18,6
2026-09-02,Chanel,1950790,2695,2026-08-07,26,6
2026-09-02,Chanel,1951583,3795,2026-08-20,13,3
2026-09-02,Chanel,1951611,5895,2026-08-21,12,6
2026-09-02,Chanel,1952064,9395,2026-08-08,25,6
2026-09-02,Chanel,1952469,5995,2026-08-18,15,6
2026-09-02,Chanel,1952693,2195,2026-08-21,12,6
2026-09-02,Chanel,1952794,3295,2026-08-12,21,6
2026-09-02,Chanel,1953117,5195,2026-08-12,21,6
2026-09-02,Chanel,1953272,7195,2026-08-21,12,6
2026-09-02,Chanel,1953302,5695,2026-08-13,20,6
2026-09-02,Chanel,1953570,1195,2026-08-13,20,6
2026-09-02,Chanel,1954113,3395,2026-08-13,20,2
2026-09-02,Chanel,1954169,9095,2026-08-14,19,6
2026-09-02,Chanel,1954312,5995,2026-08-18,15,6
2026-09-02,Chanel,1954484,8395,2026-08-18,15,6
2026-09-02,Chanel,1954571,8295,2026-08-29,4,4
2026-09-02,Chanel,1956144,5795,2026-08-15,18,6
2026-09-02,Chanel,1957669,850,2026-08-26,7,6
2026-09-02,Chanel,1958388,1795,2026-08-26,7,6
2026-09-02,Chanel,1958832,9295,2026-08-27,6,6
2026-09-02,Chanel,1959462,6850,2026-08-27,6,6
2026-09-02,Chanel,1959491,4495,2026-08-28,5,5
2026-09-02,Chanel,1960205,4995,2026-08-22,11,6
2026-09-02,Chanel,1960757,1095,2026-08-29,4,3
2026-09-02,Chanel,1960969,7495,2026-08-27,6,6
2026-09-02,Chanel,1961010,1750,2026-09-01,1,1
2026-09-02,Chanel,1961256,4595,2026-08-25,8,6
2026-09-02,Chanel,1961377,5995,2026-08-27,6,6
2026-09-02,Chanel,1961836,4225,2026-08-27,6,6
2026-09-02,Chanel,1962036,5395,2026-08-26,7,6
2026-09-02,Chanel,1962213,2280,2026-09-01,1,1
2026-09-02,Chanel,1963198,5295,2026-08-28,5,5
2026-09-02,Chanel,1963490,8595,2026-08-26,7,2
2026-09-02,Chanel,1963814,5395,2026-08-28,5,5
2026-09-02,Chanel,1965373,3850,2026-09-01,1,1
2026-09-02,Chanel,1965757,16500,2026-09-01,1,1
2026-09-02,Louis Vuitton,1837423,795,2026-07-06,58,6
2026-09-02,Louis Vuitton,1840080,1250,2026-06-15,79,6
2026-09-02,Louis Vuitton,1845005,1470,2026-04-09,146,6
2026-09-02,Louis Vuitton,1847104,495,2026-07-06,58,6
2026-09-02,Louis Vuitton,1847781,2075,2026-05-18,107,6
2026-09-02,Louis Vuitton,1849265,765,2026-08-26,7,6
2026-09-02,Louis Vuitton,1856561,1645,2026-04-23,132,6
2026-09-02,Louis Vuitton,1857087,4650,2026-04-13,142,6
2026-09-02,Louis Vuitton,1859258,1450,2026-04-17,138,6
2026-09-02,Louis Vuitton,1859612,710,2026-05-08,117,6
2026-09-02,Louis Vuitton,1869310,425,2026-04-30,125,6
2026-09-02,Louis Vuitton,1869735,1495,2026-04-30,125,1
2026-09-02,Louis Vuitton,1874993,1100,2026-05-28,97,6
2026-09-02,Louis Vuitton,1876774,970,2026-05-11,114,6
2026-09-02,Louis Vuitton,1877042,875,2026-05-27,98,6
2026-09-02,Louis Vuitton,1885117,595,2026-05-28,97,6
2026-09-02,Louis Vuitton,1890751,4350,2026-06-16,78,6
2026-09-02,Louis Vuitton,1892856,2995,2026-06-05,89,6
2026-09-02,Louis Vuitton,1893044,1315,2026-06-06,88,6
2026-09-02,Louis Vuitton,1893123,1375,2026-06-05,89,6
2026-09-02,Louis Vuitton,1895382,565,2026-06-08,86,6
2026-09-02,Louis Vuitton,1901201,3195,2026-06-09,85,2
2026-09-02,Louis Vuitton,1909188,615,2026-06-19,75,6
2026-09-02,Louis Vuitton,1912615,2965,2026-06-25,69,6
2026-09-02,Louis Vuitton,1912867,755,2026-07-11,53,6
2026-09-02,Louis Vuitton,1912968,1420,2026-07-21,43,6
2026-09-02,Louis Vuitton,1913329,2245,2026-06-22,72,2
2026-09-02,Louis Vuitton,1915291,1730,2026-06-25,69,6
2026-09-02,Louis Vuitton,1915844,2940,2026-07-04,60,6
2026-09-02,Louis Vuitton,1916507,2695,2026-07-09,55,6
2026-09-02,Louis Vuitton,1918119,2295,2026-07-08,56,4
2026-09-02,Louis Vuitton,1919317,1515,2026-07-11,53,6
2026-09-02,Louis Vuitton,1919727,1305,2026-07-01,63,6
2026-09-02,Louis Vuitton,1920688,2385,2026-07-04,60,6
2026-09-02,Louis Vuitton,1921663,1420,2026-07-14,50,6
2026-09-02,Louis Vuitton,1922675,2750,2026-07-04,60,2
2026-09-02,Louis Vuitton,1922886,1895,2026-07-10,54,6
2026-09-02,Louis Vuitton,1923181,2845,2026-07-15,49,6
2026-09-02,Louis Vuitton,1923866,495,2026-07-23,41,6
2026-09-02,Louis Vuitton,1926027,850,2026-07-30,34,6
2026-09-02,Louis Vuitton,1926115,615,2026-07-31,33,6
2026-09-02,Louis Vuitton,1926850,1350,2026-07-16,48,6
2026-09-02,Louis Vuitton,1926991,1660,2026-07-28,36,6
2026-09-02,Louis Vuitton,1928020,1695,2026-07-22,42,6
2026-09-02,Louis Vuitton,1928825,945,2026-07-18,46,6
2026-09-02,Louis Vuitton,1934918,1895,2026-08-05,28,6
2026-09-02,Louis Vuitton,1936012,895,2026-08-11,22,6
2026-09-02,Louis Vuitton,1936022,795,2026-08-08,25,6
2026-09-02,Louis Vuitton,1936058,1495,2026-08-11,22,6
2026-09-02,Louis Vuitton,1936085,850,2026-09-01,1,1
2026-09-02,Louis Vuitton,1937050,850,2026-07-20,44,6
2026-09-02,Louis Vuitton,1937708,3415,2026-07-29,35,6
2026-09-02,Louis Vuitton,1938287,1325,2026-08-01,32,6
2026-09-02,Louis Vuitton,1938713,3250,2026-08-07,26,6
2026-09-02,Louis Vuitton,1939043,1515,2026-08-01,32,6
2026-09-02,Louis Vuitton,1939485,1660,2026-07-30,34,6
2026-09-02,Louis Vuitton,1940001,1895,2026-07-25,39,2
2026-09-02,Louis Vuitton,1941035,1595,2026-08-19,14,6
2026-09-02,Louis Vuitton,1941118,750,2026-08-25,8,6
2026-09-02,Louis Vuitton,1941142,750,2026-08-25,8,6
2026-09-02,Louis Vuitton,1942749,1850,2026-08-04,29,6
2026-09-02,Louis Vuitton,1942900,755,2026-07-31,33,6
2026-09-02,Louis Vuitton,1944097,695,2026-08-27,6,6
2026-09-02,Louis Vuitton,1944389,695,2026-08-04,29,6
2026-09-02,Louis Vuitton,1946577,650,2026-08-13,20,6
2026-09-02,Louis Vuitton,1947858,1375,2026-08-14,19,1
2026-09-02,Louis Vuitton,1948626,2695,2026-08-05,28,6
2026-09-02,Louis Vuitton,1949335,895,2026-08-12,21,6
2026-09-02,Louis Vuitton,1949369,750,2026-08-11,22,6
2026-09-02,Louis Vuitton,1949384,895,2026-08-18,15,6
2026-09-02,Louis Vuitton,1950701,1250,2026-08-12,21,6
2026-09-02,Louis Vuitton,1951169,1695,2026-08-12,21,6
2026-09-02,Louis Vuitton,1951394,795,2026-08-13,20,6
2026-09-02,Louis Vuitton,1951986,1995,2026-08-19,14,6
2026-09-02,Louis Vuitton,1952477,1850,2026-08-18,15,6
2026-09-02,Louis Vuitton,1952695,650,2026-08-24,9,6
2026-09-02,Louis Vuitton,1952720,1295,2026-08-21,12,6
2026-09-02,Louis Vuitton,1953557,2295,2026-08-29,4,4
2026-09-02,Louis Vuitton,1953791,1950,2026-08-22,11,6
2026-09-02,Louis Vuitton,1954049,1395,2026-08-19,14,6
2026-09-02,Louis Vuitton,1954227,550,2026-08-14,19,6
2026-09-02,Louis Vuitton,1954773,795,2026-09-01,1,1
2026-09-02,Louis Vuitton,1954921,1895,2026-08-20,13,6
2026-09-02,Louis Vuitton,1954967,895,2026-08-28,5,5
2026-09-02,Louis Vuitton,1954977,1295,2026-08-15,18,6
2026-09-02,Louis Vuitton,1955688,3595,2026-08-19,14,6
2026-09-02,Louis Vuitton,1955971,1550,2026-08-19,14,6
2026-09-02,Louis Vuitton,1956416,1795,2026-08-18,15,6
2026-09-02,Louis Vuitton,1956826,2595,2026-08-29,4,4
2026-09-02,Louis Vuitton,1957950,750,2026-08-29,4,4
2026-09-02,Louis Vuitton,1958035,625,2026-08-20,13,6
2026-09-02,Louis Vuitton,1958583,1550,2026-08-25,8,6
2026-09-02,Louis Vuitton,1958726,1550,2026-08-21,12,6
2026-09-02,Louis Vuitton,1958849,1995,2026-08-22,11,6
2026-09-02,Louis Vuitton,1958974,1350,2026-09-01,1,1
2026-09-02,Louis Vuitton,1959043,1495,2026-08-27,6,6
2026-09-02,Louis Vuitton,1959522,450,2026-08-24,9,6
2026-09-02,Louis Vuitton,1959556,9595,2026-09-01,1,1
2026-09-02,Louis Vuitton,1960586,1995,2026-08-28,5,5
2026-09-02,Louis Vuitton,1961673,1450,2026-08-26,7,6
2026-09-02,Louis Vuitton,1961801,695,2026-08-28,5,5
2026-09-02,Louis Vuitton,1961945,725,2026-08-27,6,6
2026-09-02,Louis Vuitton,1962590,1195,2026-08-29,4,4
2026-09-02,Louis Vuitton,1963912,1595,2026-09-01,1,1
2026-09-02,Louis Vuitton,1963964,925,2026-08-28,5,5
2026-09-02,Louis Vuitton,1965324,2795,2026-09-01,1,1
2026-09-02,Louis Vuitton,1965325,2795,2026-09-01,1,1
2026-09-02,Louis Vuitton,1965346,1895,2026-09-01,1,1
2026-09-02,Louis Vuitton,1966080,1850,2026-08-31,2,2
2026-09-02,Louis Vuitton,1966362,1995,2026-09-01,1,1
2026-09-02,Goyard,1879063,1945,2026-05-13,112,6
2026-09-02,Goyard,1895728,2120,2026-06-08,86,6
2026-09-02,Goyard,1926448,4080,2026-07-16,48,6
2026-09-02,Goyard,1936403,4035,2026-07-20,44,6
2026-09-02,Goyard,1953213,3995,2026-08-25,8,6
2026-09-02,Goyard,1953991,4095,2026-08-15,18,6
2026-09-02,Goyard,1956703,2295,2026-08-26,7,6
2026-09-02,Goyard,1959001,2195,2026-09-01,1,1
2026-09-02,Goyard,1959497,2695,2026-08-21,12,6
2026-09-02,Goyard,1961511,2995,2026-08-25,8,6
2026-09-02,Goyard,1965404,2850,2026-08-29,4,4
2026-09-02,Dior,1819944,3925,2026-02-26,188,6
2026-09-02,Dior,1826803,2845,2026-07-13,51,6
2026-09-02,Dior,1904688,1095,2026-06-15,79,6
2026-09-02,Dior,1914200,2335,2026-07-08,56,6
2026-09-02,Dior,1916550,2965,2026-07-02,62,6
2026-09-02,Dior,1916791,650,2026-07-15,49,6
2026-09-02,Dior,1920620,2195,2026-07-11,53,4
2026-09-02,Dior,1921034,895,2026-07-09,55,6
2026-09-02,Dior,1937261,3560,2026-07-14,50,6
2026-09-02,Dior,1951129,2395,2026-08-07,26,6
2026-09-02,Dior,1952510,3595,2026-08-13,20,6
2026-09-02,Dior,1959779,2495,2026-08-26,7,6
2026-09-02,Dior,1960648,1550,2026-08-25,8,6
2026-09-02,Dior,1961843,2450,2026-08-29,4,4
2026-09-02,Dior,1965323,2495,2026-09-01,1,1
2026-09-02,Fendi,1725301,580,2025-09-27,340,6
2026-09-02,Fendi,1902386,2205,2026-06-10,84,6
2026-09-02,Fendi,1918668,1705,2026-06-27,67,6
2026-09-02,Fendi,1935819,2040,2026-07-23,41,6
2026-09-02,Fendi,1938407,2180,2026-07-30,34,6
2026-09-02,Fendi,1942451,1995,2026-08-07,26,6
2026-09-02,Fendi,1943188,2350,2026-08-06,27,6
2026-09-02,Fendi,1944381,2895,2026-08-04,29,6
2026-09-02,Fendi,1945088,3295,2026-08-13,20,6
2026-09-02,Fendi,1950771,1450,2026-08-06,27,6
2026-09-02,Fendi,1951582,995,2026-08-14,19,6
2026-09-02,Fendi,1954060,1950,2026-09-01,1,1
2026-09-02,Fendi,1956321,2350,2026-08-18,15,6
2026-09-02,Fendi,1956694,1095,2026-08-24,9,2
2026-09-02,Fendi,1960793,795,2026-08-27,6,6
2026-09-02,Fendi,1961832,1295,2026-08-27,6,6
2026-09-02,Fendi,1962547,1695,2026-08-26,7,6
2026-09-02,Fendi,1963719,4995,2026-09-01,1,1
2026-09-02,Fendi,1963965,1495,2026-09-01,1,1
2026-09-02,Fendi,1965685,1495,2026-09-01,1,1
2026-09-02,The Row,1851724,4505,2026-04-04,151,6
2026-09-02,The Row,1905070,755,2026-06-13,81,6
2026-09-02,The Row,1915871,6205,2026-07-02,62,6
2026-09-02,The Row,1930801,2085,2026-07-18,46,6
2026-09-02,The Row,1966637,2195,2026-09-01,1,1
2026-09-02,Cartier,1850282,5595,2026-04-23,132,6
2026-09-02,Cartier,1862332,985,2026-04-28,127,6
2026-09-02,Cartier,1886837,975,2026-06-09,85,6
2026-09-02,Cartier,1887626,995,2026-06-12,82,6
2026-09-02,Cartier,1924380,995,2026-07-24,40,6
2026-09-02,Cartier,1934827,3940,2026-07-28,36,3
2026-09-02,Cartier,1937474,1485,2026-07-29,35,1
2026-09-02,Cartier,1937648,1755,2026-07-29,35,6
2026-09-02,Cartier,1937761,1375,2026-07-30,34,6
2026-09-02,Cartier,1940250,7995,2026-08-25,8,6
2026-09-02,Cartier,1949595,4595,2026-08-25,8,6
2026-09-02,Cartier,1956940,10495,2026-09-01,1,1
2026-09-03,Hermès,1664564,15095,2025-10-07,331,7
2026-09-03,Hermès,1786122,9975,2026-01-27,219,2
2026-09-03,Hermès,1833337,25995,2026-08-07,27,7
2026-09-03,Hermès,1833570,9345,2026-03-28,159,7
2026-09-03,Hermès,1837602,26995,2026-05-28,98,7
2026-09-03,Hermès,1848890,3915,2026-04-16,140,7
2026-09-03,Hermès,1849483,6075,2026-04-03,153,7
2026-09-03,Hermès,1862705,22495,2026-05-08,118,7
2026-09-03,Hermès,1879599,17995,2026-05-21,105,7
2026-09-03,Hermès,1885617,2395,2026-05-28,98,7
2026-09-03,Hermès,1887400,15495,2026-05-22,104,7
2026-09-03,Hermès,1888756,16195,2026-05-30,96,7
2026-09-03,Hermès,1891171,3055,2026-06-05,90,7
2026-09-03,Hermès,1909529,21595,2026-07-08,57,7
2026-09-03,Hermès,1912991,4080,2026-07-20,45,7
2026-09-03,Hermès,1923516,22795,2026-07-16,49,7
2026-09-03,Hermès,1923532,14485,2026-07-11,54,5
2026-09-03,Hermès,1947892,5895,2026-08-11,23,7
2026-09-03,Hermès,1948230,2895,2026-08-12,22,1
2026-09-03,Hermès,1949273,20995,2026-08-26,8,7
2026-09-03,Hermès,1949487,16995,2026-08-11,23,7
2026-09-03,Hermès,1955316,13995,2026-08-15,19,7
2026-09-03,Hermès,1958007,5995,2026-09-02,1,1
2026-09-03,Hermès,1959544,3850,2026-08-25,9,7
2026-09-03,Hermès,1959636,14895,2026-09-01,2,2
2026-09-03,Hermès,1961513,24995,2026-08-26,8,7
2026-09-03,Hermès,1962201,4495,2026-09-01,2,2
2026-09-03,Chanel,1554297,2950,2025-04-06,515,7
2026-09-03,Chanel,1714180,1650,2025-09-26,342,7
2026-09-03,Chanel,1738027,3250,2025-10-19,319,7
2026-09-03,Chanel,1760223,2010,2026-05-08,118,7
2026-09-03,Chanel,1779560,1750,2025-12-20,257,7
2026-09-03,Chanel,1785449,1610,2026-06-16,79,7
2026-09-03,Chanel,1792007,5960,2026-01-09,237,7
2026-09-03,Chanel,1804646,2995,2026-03-17,170,7
2026-09-03,Chanel,1805604,6675,2026-02-04,211,7
2026-09-03,Chanel,1808098,7690,2026-02-05,210,7
2026-09-03,Chanel,1810072,3595,2026-02-07,208,7
2026-09-03,Chanel,1813992,6475,2026-02-20,195,7
2026-09-03,Chanel,1816308,1325,2026-05-08,118,7
2026-09-03,Chanel,1821614,380,2026-02-21,194,7
2026-09-03,Chanel,1823754,1500,2026-02-27,188,6
2026-09-03,Chanel,1827058,3595,2026-03-04,183,7
2026-09-03,Chanel,1829124,4695,2026-03-18,169,7
2026-09-03,Chanel,1837257,7595,2026-03-25,162,7
2026-09-03,Chanel,1840242,2995,2026-03-28,159,7
2026-09-03,Chanel,1849767,1650,2026-04-14,142,7
2026-09-03,Chanel,1856100,5805,2026-04-14,142,7
2026-09-03,Chanel,1861390,1325,2026-04-17,139,7
2026-09-03,Chanel,1862050,6220,2026-04-28,128,7
2026-09-03,Chanel,1864503,5295,2026-04-29,127,7
2026-09-03,Chanel,1865272,1870,2026-05-06,120,3
2026-09-03,Chanel,1867357,2895,2026-04-30,126,7
2026-09-03,Chanel,1867507,8455,2026-04-27,129,7
2026-09-03,Chanel,1869261,2650,2026-05-07,119,7
2026-09-03,Chanel,1872493,2650,2026-05-02,124,7
2026-09-03,Chanel,1872762,3895,2026-06-06,89,7
2026-09-03,Chanel,1874954,1695,2026-05-19,107,7
2026-09-03,Chanel,1875068,3150,2026-06-11,84,7
2026-09-03,Chanel,1876575,4875,2026-05-09,117,2
2026-09-03,Chanel,1878161,3495,2026-05-20,106,7
2026-09-03,Chanel,1879584,2335,2026-05-11,115,7
2026-09-03,Chanel,1879720,3895,2026-05-22,104,7
2026-09-03,Chanel,1880178,6475,2026-05-22,104,7
2026-09-03,Chanel,1881559,6475,2026-05-16,110,7
2026-09-03,Chanel,1889123,3865,2026-05-23,103,7
2026-09-03,Chanel,1889589,7095,2026-05-26,100,4
2026-09-03,Chanel,1891390,4950,2026-06-04,91,7
2026-09-03,Chanel,1892457,3480,2026-06-06,89,7
2026-09-03,Chanel,1893749,4245,2026-06-05,90,7
2026-09-03,Chanel,1899330,4245,2026-06-18,77,7
2026-09-03,Chanel,1902914,4270,2026-06-11,84,7
2026-09-03,Chanel,1904340,7745,2026-06-22,73,7
2026-09-03,Chanel,1905417,4045,2026-06-15,80,7
2026-09-03,Chanel,1905693,8495,2026-06-16,79,7
2026-09-03,Chanel,1906356,2095,2026-06-18,77,2
2026-09-03,Chanel,1910044,5595,2026-06-25,70,7
2026-09-03,Chanel,1911509,2875,2026-06-25,70,7
2026-09-03,Chanel,1913321,8075,2026-07-01,64,7
2026-09-03,Chanel,1914342,5845,2026-06-30,65,4
2026-09-03,Chanel,1915858,7125,2026-07-01,64,7
2026-09-03,Chanel,1917823,5395,2026-06-27,68,7
2026-09-03,Chanel,1918240,2425,2026-07-08,57,7
2026-09-03,Chanel,1918884,6595,2026-07-10,55,5
2026-09-03,Chanel,1919244,5845,2026-07-08,57,7
2026-09-03,Chanel,1919572,8095,2026-06-30,65,7
2026-09-03,Chanel,1920919,2395,2026-07-14,51,3
2026-09-03,Chanel,1921089,7195,2026-07-09,56,7
2026-09-03,Chanel,1921830,3595,2026-07-04,61,7
2026-09-03,Chanel,1925061,7595,2026-07-11,54,7
2026-09-03,Chanel,1925241,2040,2026-07-23,42,6
2026-09-03,Chanel,1926473,6340,2026-07-16,49,7
2026-09-03,Chanel,1927748,2850,2026-08-04,30,7
2026-09-03,Chanel,1928935,3510,2026-07-23,42,7
2026-09-03,Chanel,1934837,8350,2026-07-28,37,7
2026-09-03,Chanel,1935681,9995,2026-07-15,50,7
2026-09-03,Chanel,1936147,2195,2026-08-13,21,7
2026-09-03,Chanel,1936562,8545,2026-07-24,41,7
2026-09-03,Chanel,1937660,5790,2026-07-29,36,7
2026-09-03,Chanel,1937982,2465,2026-07-30,35,7
2026-09-03,Chanel,1938464,3700,2026-07-28,37,7
2026-09-03,Chanel,1938750,6295,2026-07-28,37,7
2026-09-03,Chanel,1939855,8830,2026-07-25,40,7
2026-09-03,Chanel,1940506,4365,2026-07-25,40,7
2026-09-03,Chanel,1942787,9995,2026-08-12,22,7
2026-09-03,Chanel,1943060,1515,2026-07-29,36,7
2026-09-03,Chanel,1943530,4745,2026-08-01,33,7
2026-09-03,Chanel,1945415,2895,2026-08-06,28,7
2026-09-03,Chanel,1946477,3895,2026-08-05,29,7
2026-09-03,Chanel,1946855,7195,2026-08-07,27,7
2026-09-03,Chanel,1947185,6295,2026-08-07,27,2
2026-09-03,Chanel,1947592,4295,2026-08-05,29,7
2026-09-03,Chanel,1948073,5995,2026-08-05,29,7
2026-09-03,Chanel,1948257,7095,2026-08-05,29,7
2026-09-03,Chanel,1948642,7095,2026-08-06,28,7
2026-09-03,Chanel,1948890,6595,2026-08-08,26,7
2026-09-03,Chanel,1950244,8995,2026-08-06,28,7
2026-09-03,Chanel,1950996,5595,2026-08-24,10,7
2026-09-03,Chanel,1951580,5095,2026-08-13,21,7
2026-09-03,Chanel,1951888,4350,2026-08-07,27,7
2026-09-03,Chanel,1952175,6695,2026-08-13,21,7
2026-09-03,Chanel,1952487,10295,2026-08-21,13,7
2026-09-03,Chanel,1952529,950,2026-08-25,9,7
2026-09-03,Chanel,1952895,6595,2026-08-26,8,7
2026-09-03,Chanel,1952959,8975,2026-08-20,14,7
2026-09-03,Chanel,1953134,1550,2026-08-19,15,7
2026-09-03,Chanel,1954311,1995,2026-09-02,1,1
2026-09-03,Chanel,1955247,6995,2026-08-13,21,7
2026-09-03,Chanel,1955769,2995,2026-09-02,1,1
2026-09-03,Chanel,1955981,5775,2026-08-26,8,7
2026-09-03,Chanel,1956249,3495,2026-08-19,15,7
2026-09-03,Chanel,1957272,1995,2026-08-29,5,5
2026-09-03,Chanel,1957515,6350,2026-08-19,15,7
2026-09-03,Chanel,1958239,7395,2026-08-26,8,7
2026-09-03,Chanel,1958256,5995,2026-08-21,13,7
2026-09-03,Chanel,1958408,5995,2026-08-22,12,7
2026-09-03,Chanel,1958788,2795,2026-09-02,1,1
2026-09-03,Chanel,1959437,4595,2026-08-22,12,7
2026-09-03,Chanel,1959638,995,2026-08-26,8,1
2026-09-03,Chanel,1959690,7995,2026-08-25,9,7
2026-09-03,Chanel,1960404,4495,2026-08-27,7,1
2026-09-03,Chanel,1960408,5695,2026-08-29,5,5
2026-09-03,Chanel,1961597,6595,2026-08-28,6,6
2026-09-03,Chanel,1962648,4695,2026-08-27,7,7
2026-09-03,Chanel,1963098,2550,2026-09-02,1,1
2026-09-03,Chanel,1963191,5295,2026-09-02,1,1
2026-09-03,Chanel,1963364,1750,2026-09-02,1,1
2026-09-03,Chanel,1963513,5295,2026-09-01,2,2
2026-09-03,Chanel,1963544,6295,2026-08-26,8,7
2026-09-03,Chanel,1963550,2075,2026-09-02,1,1
2026-09-03,Chanel,1965943,8795,2026-09-02,1,1
2026-09-03,Chanel,1965944,2995,2026-09-01,2,2
2026-09-03,Chanel,1967478,4095,2026-09-02,1,1
2026-09-03,Louis Vuitton,1731774,2675,2025-10-09,329,7
2026-09-03,Louis Vuitton,1779814,3950,2025-12-23,254,7
2026-09-03,Louis Vuitton,1802262,635,2026-02-11,204,7
2026-09-03,Louis Vuitton,1812532,15740,2026-03-12,175,7
2026-09-03,Louis Vuitton,1816203,675,2026-02-17,198,7
2026-09-03,Louis Vuitton,1820161,875,2026-02-27,188,7
2026-09-03,Louis Vuitton,1824036,1995,2026-02-25,190,7
2026-09-03,Louis Vuitton,1824282,2990,2026-03-12,175,7
2026-09-03,Louis Vuitton,1830702,2710,2026-03-05,182,7
2026-09-03,Louis Vuitton,1834437,2050,2026-03-25,162,7
2026-09-03,Louis Vuitton,1837565,660,2026-04-07,149,7
2026-09-03,Louis Vuitton,1841535,675,2026-03-21,166,7
2026-09-03,Louis Vuitton,1844214,1660,2026-03-25,162,7
2026-09-03,Louis Vuitton,1847731,3195,2026-04-08,148,6
2026-09-03,Louis Vuitton,1852778,930,2026-04-09,147,7
2026-09-03,Louis Vuitton,1856551,3085,2026-04-10,146,7
2026-09-03,Louis Vuitton,1857005,1395,2026-04-16,140,3
2026-09-03,Louis Vuitton,1859451,670,2026-05-11,115,7
2026-09-03,Louis Vuitton,1864048,2150,2026-04-22,134,7
2026-09-03,Louis Vuitton,1874002,1420,2026-05-08,118,7
2026-09-03,Louis Vuitton,1875130,3085,2026-05-08,118,7
2026-09-03,Louis Vuitton,1881690,3415,2026-05-22,104,7
2026-09-03,Louis Vuitton,1882391,2085,2026-05-21,105,7
2026-09-03,Louis Vuitton,1885098,760,2026-05-29,97,7
2026-09-03,Louis Vuitton,1885444,1495,2026-06-04,91,7
2026-09-03,Louis Vuitton,1889087,465,2026-06-05,90,7
2026-09-03,Louis Vuitton,1891110,2475,2026-06-04,91,7
2026-09-03,Louis Vuitton,1891992,7220,2026-06-04,91,7
2026-09-03,Louis Vuitton,1902206,1100,2026-06-17,78,7
2026-09-03,Louis Vuitton,1906281,1895,2026-07-17,48,7
2026-09-03,Louis Vuitton,1908646,2245,2026-06-23,72,7
2026-09-03,Louis Vuitton,1911367,4415,2026-06-23,72,7
2026-09-03,Louis Vuitton,1913866,1255,2026-06-29,66,7
2026-09-03,Louis Vuitton,1915025,1610,2026-06-23,72,7
2026-09-03,Louis Vuitton,1915947,2245,2026-07-07,58,7
2026-09-03,Louis Vuitton,1916748,1975,2026-07-10,55,7
2026-09-03,Louis Vuitton,1922120,660,2026-07-29,36,7
2026-09-03,Louis Vuitton,1922224,695,2026-08-11,23,7
2026-09-03,Louis Vuitton,1923924,595,2026-07-30,35,7
2026-09-03,Louis Vuitton,1925045,995,2026-07-14,51,7
2026-09-03,Louis Vuitton,1926955,755,2026-07-16,49,7
2026-09-03,Louis Vuitton,1927399,1375,2026-07-29,36,7
2026-09-03,Louis Vuitton,1928252,2420,2026-07-18,47,7
2026-09-03,Louis Vuitton,1928899,1420,2026-07-28,37,7
2026-09-03,Louis Vuitton,1929377,1325,2026-07-22,43,7
2026-09-03,Louis Vuitton,1934858,3700,2026-07-21,44,7
2026-09-03,Louis Vuitton,1935988,735,2026-07-21,44,7
2026-09-03,Louis Vuitton,1936163,795,2026-09-01,2,2
2026-09-03,Louis Vuitton,1937713,2845,2026-07-22,43,7
2026-09-03,Louis Vuitton,1938035,1650,2026-08-04,30,7
2026-09-03,Louis Vuitton,1939857,2250,2026-08-05,29,7
2026-09-03,Louis Vuitton,1940246,4175,2026-07-28,37,1
2026-09-03,Louis Vuitton,1941934,1515,2026-08-01,33,7
2026-09-03,Louis Vuitton,1942093,1375,2026-07-28,37,7
2026-09-03,Louis Vuitton,1942304,2800,2026-07-31,34,7
2026-09-03,Louis Vuitton,1943538,1995,2026-08-08,26,7
2026-09-03,Louis Vuitton,1943797,695,2026-08-06,28,7
2026-09-03,Louis Vuitton,1944932,1755,2026-07-31,34,7
2026-09-03,Louis Vuitton,1945192,945,2026-08-01,33,7
2026-09-03,Louis Vuitton,1946594,850,2026-08-13,21,2
2026-09-03,Louis Vuitton,1946595,850,2026-08-19,15,2
2026-09-03,Louis Vuitton,1946708,995,2026-08-05,29,7
2026-09-03,Louis Vuitton,1948431,1195,2026-08-11,23,7
2026-09-03,Louis Vuitton,1948471,1450,2026-08-11,23,7
2026-09-03,Louis Vuitton,1949298,2195,2026-08-18,16,7
2026-09-03,Louis Vuitton,1949442,895,2026-08-11,23,7
2026-09-03,Louis Vuitton,1949899,1750,2026-08-05,29,7
2026-09-03,Louis Vuitton,1950240,1495,2026-09-02,1,1
2026-09-03,Louis Vuitton,1950986,1395,2026-08-13,21,1
2026-09-03,Louis Vuitton,1951393,895,2026-08-13,21,7
2026-09-03,Louis Vuitton,1952984,625,2026-08-25,9,7
2026-09-03,Louis Vuitton,1953497,2695,2026-08-13,21,7
2026-09-03,Louis Vuitton,1954087,2350,2026-08-12,22,7
2026-09-03,Louis Vuitton,1954158,3295,2026-08-26,8,7
2026-09-03,Louis Vuitton,1954224,1895,2026-08-29,5,5
2026-09-03,Louis Vuitton,1955110,2095,2026-08-20,14,7
2026-09-03,Louis Vuitton,1956563,995,2026-08-27,7,7
2026-09-03,Louis Vuitton,1956745,2150,2026-08-22,12,7
2026-09-03,Louis Vuitton,1956944,2750,2026-08-21,13,7
2026-09-03,Louis Vuitton,1957485,1250,2026-08-22,12,2
2026-09-03,Louis Vuitton,1957912,2195,2026-08-22,12,6
2026-09-03,Louis Vuitton,1958418,1595,2026-08-25,9,7
2026-09-03,Louis Vuitton,1958663,1495,2026-08-27,7,7
2026-09-03,Louis Vuitton,1958800,1195,2026-08-24,10,7
2026-09-03,Louis Vuitton,1959095,495,2026-08-27,7,7
2026-09-03,Louis Vuitton,1960515,2450,2026-09-02,1,1
2026-09-03,Louis Vuitton,1960700,1750,2026-08-24,10,6
2026-09-03,Louis Vuitton,1960944,1595,2026-08-27,7,7
2026-09-03,Louis Vuitton,1961032,1695,2026-08-28,6,6
2026-09-03,Louis Vuitton,1961137,2195,2026-08-24,10,7
2026-09-03,Louis Vuitton,1961280,1595,2026-08-26,8,7
2026-09-03,Louis Vuitton,1961361,2595,2026-09-02,1,1
2026-09-03,Louis Vuitton,1961596,1925,2026-08-28,6,6
2026-09-03,Louis Vuitton,1962864,995,2026-08-26,8,7
2026-09-03,Louis Vuitton,1963423,2395,2026-09-01,2,2
2026-09-03,Louis Vuitton,1963574,2450,2026-08-27,7,7
2026-09-03,Louis Vuitton,1963807,1595,2026-09-01,2,2
2026-09-03,Louis Vuitton,1965333,1195,2026-09-02,1,1
2026-09-03,Louis Vuitton,1965921,1850,2026-08-26,8,7
2026-09-03,Louis Vuitton,1966716,950,2026-09-02,1,1
2026-09-03,Goyard,1860519,2250,2026-05-05,121,7
2026-09-03,Goyard,1875426,2250,2026-05-08,118,7
2026-09-03,Goyard,1958045,1895,2026-08-21,13,7
2026-09-03,Goyard,1958867,2650,2026-08-29,5,5
2026-09-03,Goyard,1959809,2650,2026-08-25,9,7
2026-09-03,Dior,1816952,2545,2026-02-19,196,7
2026-09-03,Dior,1831541,8650,2026-03-14,173,7
2026-09-03,Dior,1863858,2515,2026-04-18,138,7
2026-09-03,Dior,1867117,1355,2026-04-28,128,7
2026-09-03,Dior,1867775,2335,2026-04-27,129,7
2026-09-03,Dior,1868561,1270,2026-04-28,128,7
2026-09-03,Dior,1876869,2095,2026-05-13,113,7
2026-09-03,Dior,1877440,2270,2026-05-09,117,7
2026-09-03,Dior,1879408,2750,2026-05-28,98,7
2026-09-03,Dior,1892470,3295,2026-06-05,90,7
2026-09-03,Dior,1901808,2165,2026-06-10,85,7
2026-09-03,Dior,1904831,1525,2026-06-15,80,7
2026-09-03,Dior,1911512,4315,2026-06-22,73,7
2026-09-03,Dior,1916326,1795,2026-06-27,68,7
2026-09-03,Dior,1916416,1485,2026-07-10,55,7
2026-09-03,Dior,1918071,3235,2026-07-01,64,7
2026-09-03,Dior,1924333,3595,2026-07-08,57,7
2026-09-03,Dior,1941413,2695,2026-08-07,27,7
2026-09-03,Dior,1949830,3295,2026-08-18,16,1
2026-09-03,Dior,1959445,1895,2026-08-22,12,7
2026-09-03,Dior,1965074,1250,2026-08-28,6,6
2026-09-03,Dior,1966301,3495,2026-09-01,2,2
2026-09-03,Dior,1966468,1795,2026-08-31,3,3
2026-09-03,Fendi,1804776,630,2026-05-15,111,7
2026-09-03,Fendi,1842771,1620,2026-03-21,166,7
2026-09-03,Fendi,1844113,895,2026-07-07,58,7
2026-09-03,Fendi,1867377,895,2026-04-28,128,7
2026-09-03,Fendi,1889587,2605,2026-06-02,93,7
2026-09-03,Fendi,1928173,2465,2026-07-18,47,7
2026-09-03,Fendi,1950682,995,2026-08-14,20,7
2026-09-03,Fendi,1959087,1850,2026-08-25,9,7
2026-09-03,Fendi,1959331,795,2026-08-27,7,7
2026-09-03,Fendi,1959628,725,2026-08-22,12,7
2026-09-03,The Row,1913070,1595,2026-06-27,68,7
2026-09-03,The Row,1941910,995,2026-08-04,30,7
2026-09-03,The Row,1947097,1550,2026-08-27,7,2
2026-09-03,The Row,1964878,1495,2026-08-28,6,6
2026-09-03,Cartier,1888542,12405,2026-06-02,93,7
2026-09-03,Cartier,1891791,5520,2026-06-23,72,7
2026-09-03,Cartier,1909293,4395,2026-07-01,64,1
2026-09-03,Cartier,1911844,5495,2026-07-24,41,6
2026-09-03,Cartier,1912441,950,2026-07-16,49,6
2026-09-03,Cartier,1915787,5745,2026-07-28,37,7
2026-09-03,Cartier,1918573,8545,2026-07-24,41,1
2026-09-03,Cartier,1940636,1250,2026-08-20,14,7
2026-09-03,Cartier,1950943,1195,2026-08-13,21,1
2026-09-04,Hermès,1597249,6980,2025-04-07,515,8
2026-09-04,Hermès,1754393,2450,2025-11-13,295,8
2026-09-04,Hermès,1770716,7205,2025-12-15,263,8
2026-09-04,Hermès,1787082,3195,2026-01-10,237,8
2026-09-04,Hermès,1819837,27895,2026-02-21,195,8
2026-09-04,Hermès,1823338,6035,2026-02-26,190,8
2026-09-04,Hermès,1825740,1345,2026-03-04,184,8
2026-09-04,Hermès,1847904,7195,2026-04-01,156,3
2026-09-04,Hermès,1859935,10995,2026-04-17,140,2
2026-09-04,Hermès,1861644,1725,2026-04-23,134,8
2026-09-04,Hermès,1867032,2650,2026-05-02,125,8
2026-09-04,Hermès,1868915,830,2026-08-26,9,8
2026-09-04,Hermès,1875775,9995,2026-05-13,114,8
2026-09-04,Hermès,1876075,1525,2026-05-08,119,8
2026-09-04,Hermès,1878778,2315,2026-05-11,116,8
2026-09-04,Hermès,1886941,9950,2026-05-28,99,8
2026-09-04,Hermès,1894054,9535,2026-06-06,90,2
2026-09-04,Hermès,1901933,4160,2026-06-10,86,8
2026-09-04,Hermès,1903119,10435,2026-07-01,65,8
2026-09-04,Hermès,1903393,17995,2026-06-12,84,8
2026-09-04,Hermès,1904763,2850,2026-06-17,79,8
2026-09-04,Hermès,1907361,9295,2026-06-24,72,1
2026-09-04,Hermès,1913129,2565,2026-06-27,69,8
2026-09-04,Hermès,1916588,16195,2026-06-30,66,8
2026-09-04,Hermès,1916968,2450,2026-06-29,67,8
2026-09-04,Hermès,1917228,5190,2026-07-10,56,8
2026-09-04,Hermès,1921634,24695,2026-07-24,42,8
2026-09-04,Hermès,1924861,13495,2026-07-11,55,8
2026-09-04,Hermès,1926094,350,2026-08-07,28,8
2026-09-04,Hermès,1936092,945,2026-07-31,35,8
2026-09-04,Hermès,1938601,5125,2026-07-31,35,8
2026-09-04,Hermès,1939389,19295,2026-08-04,31,8
2026-09-04,Hermès,1940186,14725,2026-07-29,37,8
2026-09-04,Hermès,1940374,3725,2026-08-04,31,8
2026-09-04,Hermès,1942362,29995,2026-07-29,37,8
2026-09-04,Hermès,1943216,8295,2026-08-07,28,8
2026-09-04,Hermès,1945858,26995,2026-08-19,16,8
2026-09-04,Hermès,1946198,8095,2026-08-04,31,8
2026-09-04,Hermès,1948234,12495,2026-08-14,21,8
2026-09-04,Hermès,1948732,66995,2026-08-07,28,8
2026-09-04,Hermès,1950454,4850,2026-08-28,7,7
2026-09-04,Hermès,1951174,8250,2026-08-12,23,8
2026-09-04,Hermès,1953578,29995,2026-08-25,10,8
2026-09-04,Hermès,1953716,10950,2026-08-26,9,6
2026-09-04,Hermès,1961654,1495,2026-09-02,2,2
2026-09-04,Hermès,1962131,32995,2026-09-01,3,3
2026-09-04,Hermès,1965277,3995,2026-09-03,1,1
2026-09-04,Hermès,1965561,25995,2026-09-03,1,1
2026-09-04,Hermès,1965603,3195,2026-09-03,1,1
2026-09-04,Hermès,1965666,395,2026-09-03,1,1
2026-09-04,Hermès,1965676,995,2026-09-03,1,1
2026-09-04,Hermès,1965720,7095,2026-09-03,1,1
2026-09-04,Hermès,1965827,2250,2026-09-03,1,1
2026-09-04,Chanel,1489329,2450,2025-10-16,323,4
2026-09-04,Chanel,1664520,3050,2025-06-30,431,8
2026-09-04,Chanel,1669480,1695,2025-09-17,352,5
2026-09-04,Chanel,1679184,3825,2025-07-25,406,8
2026-09-04,Chanel,1681005,3195,2026-06-15,81,8
2026-09-04,Chanel,1710947,5995,2025-09-07,362,8
2026-09-04,Chanel,1725889,2550,2025-10-31,308,8
2026-09-04,Chanel,1739545,3150,2025-11-05,303,8
2026-09-04,Chanel,1742504,1995,2025-10-25,314,8
2026-09-04,Chanel,1744611,3460,2025-10-29,310,2
2026-09-04,Chanel,1750651,1895,2025-11-25,283,4
2026-09-04,Chanel,1759075,5985,2025-11-24,284,8
2026-09-04,Chanel,1767541,6005,2025-11-29,279,8
2026-09-04,Chanel,1767998,7735,2025-12-02,276,8
2026-09-04,Chanel,1768370,2500,2025-12-03,275,8
2026-09-04,Chanel,1770530,3735,2025-12-22,256,8
2026-09-04,Chanel,1775005,2335,2025-12-13,265,8
2026-09-04,Chanel,1777071,3195,2026-01-02,245,8
2026-09-04,Chanel,1782691,1690,2026-01-26,221,8
2026-09-04,Chanel,1783264,1960,2026-05-12,115,8
2026-09-04,Chanel,1785446,3495,2026-08-06,29,8
2026-09-04,Chanel,1785859,4150,2026-06-16,80,8
2026-09-04,Chanel,1792431,5335,2026-01-14,233,8
2026-09-04,Chanel,1794486,2855,2026-01-13,234,8
2026-09-04,Chanel,1796220,2995,2026-01-16,231,8
2026-09-04,Chanel,1797382,4235,2026-01-22,225,4
2026-09-04,Chanel,1799812,3450,2026-02-03,213,8
2026-09-04,Chanel,1801489,3130,2026-01-24,223,7
2026-09-04,Chanel,1801950,7995,2026-01-31,216,8
2026-09-04,Chanel,1802430,6355,2026-06-15,81,8
2026-09-04,Chanel,1802484,5890,2026-02-10,206,8
2026-09-04,Chanel,1802857,2995,2026-01-28,219,8
2026-09-04,Chanel,1809880,4025,2026-02-20,196,2
2026-09-04,Chanel,1813799,4250,2026-02-13,203,8
2026-09-04,Chanel,1814228,2995,2026-02-17,199,8
2026-09-04,Chanel,1817290,6170,2026-02-17,199,8
2026-09-04,Chanel,1817366,5725,2026-02-21,195,8
2026-09-04,Chanel,1817831,3450,2026-07-07,59,8
2026-09-04,Chanel,1821445,8810,2026-03-03,185,8
2026-09-04,Chanel,1822658,2995,2026-06-16,80,8
2026-09-04,Chanel,1822670,1625,2026-03-20,168,8
2026-09-04,Chanel,1824374,2025,2026-05-15,112,8
2026-09-04,Chanel,1826933,2395,2026-04-01,156,8
2026-09-04,Chanel,1827519,1650,2026-03-04,184,8
2026-09-04,Chanel,1828189,2795,2026-03-07,181,8
2026-09-04,Chanel,1828650,2150,2026-03-07,181,8
2026-09-04,Chanel,1829938,2650,2026-06-09,87,8
2026-09-04,Chanel,1831607,3150,2026-03-21,167,8
2026-09-04,Chanel,1832273,1675,2026-07-07,59,8
2026-09-04,Chanel,1834022,8455,2026-03-11,177,8
2026-09-04,Chanel,1834646,4650,2026-03-12,176,8
2026-09-04,Chanel,1835160,3795,2026-03-17,171,8
2026-09-04,Chanel,1836102,6095,2026-03-21,167,8
2026-09-04,Chanel,1837219,2110,2026-03-17,171,8
2026-09-04,Chanel,1837458,2235,2026-04-02,155,8
2026-09-04,Chanel,1837944,5695,2026-03-26,162,8
2026-09-04,Chanel,1839298,1950,2026-03-26,162,8
2026-09-04,Chanel,1839850,2210,2026-03-28,160,8
2026-09-04,Chanel,1842190,1925,2026-07-18,48,8
2026-09-04,Chanel,1842293,1605,2026-04-07,150,8
2026-09-04,Chanel,1842450,2465,2026-04-23,134,1
2026-09-04,Chanel,1843506,2035,2026-04-27,130,8
2026-09-04,Chanel,1843684,4350,2026-03-28,160,8
2026-09-04,Chanel,1844364,1995,2026-03-25,163,8
2026-09-04,Chanel,1845084,1515,2026-03-27,161,8
2026-09-04,Chanel,1846026,4080,2026-04-02,155,8
2026-09-04,Chanel,1847657,1435,2026-08-26,9,8
2026-09-04,Chanel,1848009,1515,2026-04-03,154,8
2026-09-04,Chanel,1849698,2995,2026-04-08,149,8
2026-09-04,Chanel,1850517,5995,2026-04-03,154,8
2026-09-04,Chanel,1850849,595,2026-05-05,122,8
2026-09-04,Chanel,1851910,3895,2026-04-08,149,8
2026-09-04,Chanel,1853084,1435,2026-04-07,150,8
2026-09-04,Chanel,1854392,3925,2026-04-15,142,8
2026-09-04,Chanel,1854691,1325,2026-07-17,49,8
2026-09-04,Chanel,1855877,1765,2026-04-10,147,8
2026-09-04,Chanel,1857393,3995,2026-04-16,141,8
2026-09-04,Chanel,1857765,1605,2026-04-14,143,4
2026-09-04,Chanel,1858194,2495,2026-04-24,133,8
2026-09-04,Chanel,1858238,3795,2026-07-18,48,8
2026-09-04,Chanel,1858500,1995,2026-04-22,135,8
2026-09-04,Chanel,1860688,1575,2026-04-23,134,8
2026-09-04,Chanel,1861021,9095,2026-04-17,140,8
2026-09-04,Chanel,1861619,1615,2026-05-05,122,8
2026-09-04,Chanel,1862586,7395,2026-04-17,140,8
2026-09-04,Chanel,1863121,3925,2026-04-21,136,8
2026-09-04,Chanel,1864082,7525,2026-08-21,14,8
2026-09-04,Chanel,1865186,3275,2026-04-25,132,8
2026-09-04,Chanel,1865317,3685,2026-08-26,9,8
2026-09-04,Chanel,1866335,2245,2026-05-12,115,8
2026-09-04,Chanel,1866501,2095,2026-04-25,132,8
2026-09-04,Chanel,1866885,2450,2026-04-27,130,8
2026-09-04,Chanel,1867543,1570,2026-04-27,130,8
2026-09-04,Chanel,1867662,1095,2026-04-27,130,8
2026-09-04,Chanel,1868894,2995,2026-05-02,125,8
2026-09-04,Chanel,1869235,5770,2026-04-29,128,8
2026-09-04,Chanel,1869243,1345,2026-05-07,120,8
2026-09-04,Chanel,1869942,2195,2026-05-11,116,8
2026-09-04,Chanel,1870611,1800,2026-05-08,119,8
2026-09-04,Chanel,1870697,1865,2026-08-12,23,8
2026-09-04,Chanel,1870929,2325,2026-05-05,122,7
2026-09-04,Chanel,1871105,5355,2026-05-01,126,8
2026-09-04,Chanel,1871914,2095,2026-05-04,123,8
2026-09-04,Chanel,1872748,2120,2026-06-06,90,8
2026-09-04,Chanel,1873890,7215,2026-05-08,119,8
2026-09-04,Chanel,1873900,5650,2026-05-15,112,8
2026-09-04,Chanel,1873952,1270,2026-05-09,118,8
2026-09-04,Chanel,1874033,2315,2026-05-15,112,8
2026-09-04,Chanel,1874232,2995,2026-05-08,119,8
2026-09-04,Chanel,1874332,2715,2026-05-07,120,8
2026-09-04,Chanel,1874847,2595,2026-05-27,100,8
2026-09-04,Chanel,1874995,1975,2026-05-29,98,8
2026-09-04,Chanel,1875486,3095,2026-05-08,119,8
2026-09-04,Chanel,1875643,2850,2026-05-08,119,8
2026-09-04,Chanel,1878050,2595,2026-05-13,114,8
2026-09-04,Chanel,1878120,2850,2026-06-04,92,8
2026-09-04,Chanel,1878532,3795,2026-07-29,37,8
2026-09-04,Chanel,1878657,2420,2026-05-13,114,8
2026-09-04,Chanel,1879078,2995,2026-05-15,112,7
2026-09-04,Chanel,1879208,4195,2026-05-19,108,8
2026-09-04,Chanel,1880074,1995,2026-06-03,93,8
2026-09-04,Chanel,1881079,1950,2026-05-21,106,8
2026-09-04,Chanel,1881084,5035,2026-05-14,113,8
2026-09-04,Chanel,1881874,2995,2026-07-02,64,8
2026-09-04,Chanel,1882890,1915,2026-06-03,93,8
2026-09-04,Chanel,1883028,2350,2026-05-16,111,8
2026-09-04,Chanel,1883704,2895,2026-05-21,106,8
2026-09-04,Chanel,1883888,2205,2026-05-15,112,8
2026-09-04,Chanel,1883932,2335,2026-06-09,87,8
2026-09-04,Chanel,1883977,2295,2026-08-21,14,8
2026-09-04,Chanel,1884116,4235,2026-05-29,98,2
2026-09-04,Chanel,1884127,3195,2026-05-27,100,8
2026-09-04,Chanel,1884481,4475,2026-05-21,106,8
2026-09-04,Chanel,1885542,3035,2026-05-21,106,8
2026-09-04,Chanel,1885789,4595,2026-05-20,107,8
2026-09-04,Chanel,1885948,3035,2026-08-26,9,8
2026-09-04,Chanel,1886440,3235,2026-08-26,9,8
2026-09-04,Chanel,1886778,5835,2026-05-20,107,8
2026-09-04,Chanel,1888240,1515,2026-05-30,97,8
2026-09-04,Chanel,1888543,2885,2026-05-29,98,1
2026-09-04,Chanel,1888613,3675,2026-05-30,97,8
2026-09-04,Chanel,1889030,1355,2026-05-28,99,8
2026-09-04,Chanel,1889850,1675,2026-05-23,104,8
2026-09-04,Chanel,1891114,1565,2026-06-04,92,8
2026-09-04,Chanel,1891331,1950,2026-05-28,99,1
2026-09-04,Chanel,1891728,2075,2026-06-02,94,8
2026-09-04,Chanel,1892199,6595,2026-06-04,92,3
2026-09-04,Chanel,1892327,3450,2026-06-04,92,8
2026-09-04,Chanel,1893312,2120,2026-06-06,90,8
2026-09-04,Chanel,1894589,5695,2026-07-15,51,8
2026-09-04,Chanel,1895525,895,2026-06-08,88,6
2026-09-04,Chanel,1895947,2205,2026-06-09,87,8
2026-09-04,Chanel,1896028,2495,2026-06-08,88,8
2026-09-04,Chanel,1902305,3055,2026-06-10,86,8
2026-09-04,Chanel,1902391,4245,2026-06-10,86,8
2026-09-04,Chanel,1902480,13500,2026-06-09,87,8
2026-09-04,Chanel,1903497,1995,2026-07-17,49,1
2026-09-04,Chanel,1903666,2205,2026-06-12,84,8
2026-09-04,Chanel,1903946,7995,2026-06-12,84,8
2026-09-04,Chanel,1904256,1885,2026-06-13,83,8
2026-09-04,Chanel,1905397,8955,2026-06-25,71,8
2026-09-04,Chanel,1905491,3595,2026-06-15,81,8
2026-09-04,Chanel,1905610,1795,2026-06-16,80,8
2026-09-04,Chanel,1906185,4925,2026-06-23,73,8
2026-09-04,Chanel,1906190,5350,2026-06-20,76,8
2026-09-04,Chanel,1906524,5395,2026-06-15,81,8
2026-09-04,Chanel,1906820,1040,2026-06-18,78,8
2026-09-04,Chanel,1907647,3050,2026-06-18,78,8
2026-09-04,Chanel,1907699,5995,2026-06-20,76,8
2026-09-04,Chanel,1907779,1495,2026-06-18,78,8
2026-09-04,Chanel,1909837,5495,2026-06-30,66,8
2026-09-04,Chanel,1909853,4365,2026-06-25,71,8
2026-09-04,Chanel,1910427,2695,2026-06-27,69,8
2026-09-04,Chanel,1910593,1695,2026-06-19,77,8
2026-09-04,Chanel,1911573,2765,2026-06-27,69,8
2026-09-04,Chanel,1912012,7375,2026-06-25,71,8
2026-09-04,Chanel,1913230,7735,2026-06-25,71,8
2026-09-04,Chanel,1915753,6645,2026-07-23,43,8
2026-09-04,Chanel,1916194,3415,2026-06-26,70,8
2026-09-04,Chanel,1917937,12995,2026-06-27,69,2
2026-09-04,Chanel,1917949,2795,2026-06-27,69,1
2026-09-04,Chanel,1918841,4555,2026-07-14,52,8
2026-09-04,Chanel,1919488,7310,2026-07-15,51,8
2026-09-04,Chanel,1921708,3415,2026-07-04,62,8
2026-09-04,Chanel,1922581,355,2026-07-15,51,8
2026-09-04,Chanel,1923774,8195,2026-07-07,59,7
2026-09-04,Chanel,1923869,7285,2026-07-07,59,8
2026-09-04,Chanel,1925769,3035,2026-07-17,49,8
2026-09-04,Chanel,1925782,4950,2026-07-11,55,8
2026-09-04,Chanel,1927812,7215,2026-07-21,45,8
2026-09-04,Chanel,1928348,13995,2026-07-18,48,8
2026-09-04,Chanel,1928736,2695,2026-08-07,28,8
2026-09-04,Chanel,1929043,7295,2026-07-18,48,8
2026-09-04,Chanel,1929109,3695,2026-08-04,31,8
2026-09-04,Chanel,1929520,2325,2026-07-18,48,8
2026-09-04,Chanel,1934954,4365,2026-07-22,44,8
2026-09-04,Chanel,1935278,5695,2026-07-23,43,8
2026-09-04,Chanel,1935888,3450,2026-07-18,48,8
2026-09-04,Chanel,1937780,5390,2026-07-20,46,8
2026-09-04,Chanel,1938903,5295,2026-07-24,42,8
2026-09-04,Chanel,1939417,9295,2026-07-18,48,8
2026-09-04,Chanel,1940494,1895,2026-07-25,41,8
2026-09-04,Chanel,1941847,7215,2026-07-31,35,8
2026-09-04,Chanel,1942991,1595,2026-08-04,31,8
2026-09-04,Chanel,1943637,5295,2026-07-30,36,8
2026-09-04,Chanel,1944672,13250,2026-08-07,28,8
2026-09-04,Chanel,1944995,5995,2026-08-01,34,8
2026-09-04,Chanel,1947016,7265,2026-08-05,30,2
2026-09-04,Chanel,1948039,4495,2026-08-06,29,8
2026-09-04,Chanel,1948133,5150,2026-08-11,24,8
2026-09-04,Chanel,1948820,5295,2026-08-05,30,8
2026-09-04,Chanel,1949024,2995,2026-08-06,29,8
2026-09-04,Chanel,1949137,3795,2026-08-22,13,7
2026-09-04,Chanel,1950932,2750,2026-08-14,21,3
2026-09-04,Chanel,1950973,895,2026-08-27,8,8
2026-09-04,Chanel,1951815,7995,2026-08-05,30,8
2026-09-04,Chanel,1952246,13995,2026-08-13,22,3
2026-09-04,Chanel,1952557,6295,2026-08-12,23,8
2026-09-04,Chanel,1953683,7995,2026-08-20,15,8
2026-09-04,Chanel,1953684,3095,2026-08-27,8,8
2026-09-04,Chanel,1953748,4575,2026-08-12,23,8
2026-09-04,Chanel,1954625,14995,2026-08-18,17,8
2026-09-04,Chanel,1954626,16995,2026-08-14,21,1
2026-09-04,Chanel,1955405,6500,2026-08-20,15,8
2026-09-04,Chanel,1957545,7995,2026-08-24,11,8
2026-09-04,Chanel,1958199,7995,2026-08-21,14,8
2026-09-04,Chanel,1958821,6795,2026-08-24,11,8
2026-09-04,Chanel,1960251,8595,2026-08-24,11,8
2026-09-04,Chanel,1960262,2695,2026-09-02,2,2
2026-09-04,Chanel,1960407,6095,2026-08-24,11,8
2026-09-04,Chanel,1961366,5295,2026-08-24,11,8
2026-09-04,Chanel,1961593,3995,2026-08-25,10,7
2026-09-04,Chanel,1962202,2595,2026-08-26,9,8
2026-09-04,Chanel,1962396,2995,2026-09-01,3,3
2026-09-04,Chanel,1963126,2295,2026-08-26,9,8
2026-09-04,Chanel,1963899,1895,2026-09-03,1,1
2026-09-04,Chanel,1964625,2495,2026-09-03,1,1
2026-09-04,Chanel,1965220,4595,2026-09-03,1,1
2026-09-04,Chanel,1965405,2495,2026-09-03,1,1
2026-09-04,Chanel,1965870,2595,2026-09-03,1,1
2026-09-04,Louis Vuitton,754469,1205,2026-08-27,8,7
2026-09-04,Louis Vuitton,1638103,750,2025-05-22,470,6
2026-09-04,Louis Vuitton,1696967,2450,2025-08-19,381,8
2026-09-04,Louis Vuitton,1737037,790,2025-10-23,316,8
2026-09-04,Louis Vuitton,1772264,1000,2025-12-15,263,8
2026-09-04,Louis Vuitton,1784029,740,2026-01-15,232,8
2026-09-04,Louis Vuitton,1785421,805,2026-07-31,35,8
2026-09-04,Louis Vuitton,1796025,1585,2026-01-16,231,8
2026-09-04,Louis Vuitton,1797059,955,2026-07-31,35,8
2026-09-04,Louis Vuitton,1798766,1995,2026-01-19,228,6
2026-09-04,Louis Vuitton,1800842,1755,2026-01-22,225,8
2026-09-04,Louis Vuitton,1801406,2695,2026-01-24,223,8
2026-09-04,Louis Vuitton,1802063,895,2026-08-11,24,8
2026-09-04,Louis Vuitton,1802064,600,2026-07-31,35,8
2026-09-04,Louis Vuitton,1802179,2380,2026-02-19,197,8
2026-09-04,Louis Vuitton,1806222,795,2026-08-11,24,8
2026-09-04,Louis Vuitton,1806226,1605,2026-07-31,35,8
2026-09-04,Louis Vuitton,1806252,1750,2026-08-11,24,8
2026-09-04,Louis Vuitton,1806261,1055,2026-08-11,24,8
2026-09-04,Louis Vuitton,1806314,1000,2026-07-31,35,8
2026-09-04,Louis Vuitton,1806320,2010,2026-07-31,35,8
2026-09-04,Louis Vuitton,1806337,750,2026-08-11,24,8
2026-09-04,Louis Vuitton,1807429,1575,2026-01-31,216,8
2026-09-04,Louis Vuitton,1811036,900,2026-07-31,35,8
2026-09-04,Louis Vuitton,1811248,2500,2026-02-07,209,8
2026-09-04,Louis Vuitton,1811947,615,2026-07-18,48,8
2026-09-04,Louis Vuitton,1811972,1100,2026-07-18,48,8
2026-09-04,Louis Vuitton,1811978,795,2026-08-11,24,8
2026-09-04,Louis Vuitton,1811983,795,2026-08-11,24,8
2026-09-04,Louis Vuitton,1815010,2285,2026-02-21,195,8
2026-09-04,Louis Vuitton,1815268,1000,2026-07-18,48,8
2026-09-04,Louis Vuitton,1815920,2000,2026-02-13,203,8
2026-09-04,Louis Vuitton,1817104,900,2026-07-31,35,8
2026-09-04,Louis Vuitton,1819474,1960,2026-02-20,196,8
2026-09-04,Louis Vuitton,1819818,2110,2026-02-25,191,8
2026-09-04,Louis Vuitton,1820384,890,2026-02-27,189,8
2026-09-04,Louis Vuitton,1820507,710,2026-02-28,188,8
2026-09-04,Louis Vuitton,1821922,695,2026-08-11,24,8
2026-09-04,Louis Vuitton,1822010,2070,2026-02-20,196,8
2026-09-04,Louis Vuitton,1823517,1095,2026-02-24,192,8
2026-09-04,Louis Vuitton,1823773,1535,2026-06-09,87,8
2026-09-04,Louis Vuitton,1825339,1095,2026-03-03,185,8
2026-09-04,Louis Vuitton,1826783,1135,2026-07-18,48,8
2026-09-04,Louis Vuitton,1829767,1090,2026-07-18,48,8
2026-09-04,Louis Vuitton,1829772,550,2026-03-24,164,8
2026-09-04,Louis Vuitton,1829829,1325,2026-07-17,49,8
2026-09-04,Louis Vuitton,1830428,755,2026-03-16,172,8
2026-09-04,Louis Vuitton,1830630,2495,2026-03-26,162,2
2026-09-04,Louis Vuitton,1831096,2010,2026-03-06,182,8
2026-09-04,Louis Vuitton,1832663,1850,2026-03-07,181,8
2026-09-04,Louis Vuitton,1833058,3595,2026-03-19,169,7
2026-09-04,Louis Vuitton,1833952,1200,2026-03-14,174,8
2026-09-04,Louis Vuitton,1834356,600,2026-07-18,48,8
2026-09-04,Louis Vuitton,1834761,1265,2026-03-13,175,5
2026-09-04,Louis Vuitton,1835179,4025,2026-03-17,171,8
2026-09-04,Louis Vuitton,1835684,2565,2026-03-18,170,8
2026-09-04,Louis Vuitton,1835730,1100,2026-03-17,171,8
2026-09-04,Louis Vuitton,1836674,3150,2026-03-20,168,8
2026-09-04,Louis Vuitton,1836975,2160,2026-03-13,175,8
2026-09-04,Louis Vuitton,1837462,805,2026-03-25,163,8
2026-09-04,Louis Vuitton,1838285,1850,2026-03-24,164,5
2026-09-04,Louis Vuitton,1839075,1480,2026-08-26,9,8
2026-09-04,Louis Vuitton,1839561,1420,2026-03-21,167,8
2026-09-04,Louis Vuitton,1841992,3795,2026-06-18,78,8
2026-09-04,Louis Vuitton,1842332,1355,2026-04-07,150,8
2026-09-04,Louis Vuitton,1843353,2565,2026-06-30,66,8
2026-09-04,Louis Vuitton,1844598,2990,2026-03-25,163,8
2026-09-04,Louis Vuitton,1845728,2295,2026-03-28,160,8
2026-09-04,Louis Vuitton,1846167,1895,2026-04-08,149,8
2026-09-04,Louis Vuitton,1846320,2595,2026-04-02,155,8
2026-09-04,Louis Vuitton,1847503,565,2026-07-18,48,8
2026-09-04,Louis Vuitton,1847642,805,2026-04-16,141,8
2026-09-04,Louis Vuitton,1847751,1100,2026-08-26,9,8
2026-09-04,Louis Vuitton,1847952,615,2026-03-31,157,8
2026-09-04,Louis Vuitton,1848278,1525,2026-04-01,156,8
2026-09-04,Louis Vuitton,1849330,665,2026-04-05,152,8
2026-09-04,Louis Vuitton,1849375,3100,2026-04-14,143,8
2026-09-04,Louis Vuitton,1849636,895,2026-07-23,43,8
2026-09-04,Louis Vuitton,1851097,615,2026-04-09,148,8
2026-09-04,Louis Vuitton,1851659,805,2026-07-18,48,8
2026-09-04,Louis Vuitton,1852578,1795,2026-07-28,38,8
2026-09-04,Louis Vuitton,1852700,1800,2026-07-17,49,8
2026-09-04,Louis Vuitton,1852878,1270,2026-04-16,141,8
2026-09-04,Louis Vuitton,1853930,2940,2026-07-18,48,8
2026-09-04,Louis Vuitton,1854724,1280,2026-04-11,146,8
2026-09-04,Louis Vuitton,1854847,1135,2026-04-11,146,8
2026-09-04,Louis Vuitton,1857169,850,2026-07-18,48,8
2026-09-04,Louis Vuitton,1858748,850,2026-07-17,49,8
2026-09-04,Louis Vuitton,1859344,710,2026-07-18,48,8
2026-09-04,Louis Vuitton,1859416,1345,2026-08-26,9,8
2026-09-04,Louis Vuitton,1859550,615,2026-05-08,119,8
2026-09-04,Louis Vuitton,1859617,715,2026-05-11,116,8
2026-09-04,Louis Vuitton,1864225,660,2026-07-18,48,8
2026-09-04,Louis Vuitton,1865299,805,2026-08-26,9,8
2026-09-04,Louis Vuitton,1865333,495,2026-05-13,114,8
2026-09-04,Louis Vuitton,1865547,1095,2026-07-18,48,8
2026-09-04,Louis Vuitton,1865599,615,2026-05-08,119,8
2026-09-04,Louis Vuitton,1865742,3495,2026-07-18,48,8
2026-09-04,Louis Vuitton,1865910,1095,2026-05-02,125,7
2026-09-04,Louis Vuitton,1866344,1435,2026-08-26,9,8
2026-09-04,Louis Vuitton,1866465,6695,2026-04-25,132,8
2026-09-04,Louis Vuitton,1866653,14595,2026-04-17,140,8
2026-09-04,Louis Vuitton,1866754,1325,2026-04-25,132,8
2026-09-04,Louis Vuitton,1867522,495,2026-05-11,116,8
2026-09-04,Louis Vuitton,1867618,745,2026-07-07,59,8
2026-09-04,Louis Vuitton,1868190,785,2026-05-02,125,8
2026-09-04,Louis Vuitton,1868615,1135,2026-07-18,48,8
2026-09-04,Louis Vuitton,1868653,1150,2026-05-05,122,4
2026-09-04,Louis Vuitton,1869185,935,2026-07-07,59,8
2026-09-04,Louis Vuitton,1869917,715,2026-08-26,9,8
2026-09-04,Louis Vuitton,1869977,1450,2026-08-26,9,8
2026-09-04,Louis Vuitton,1871634,995,2026-05-15,112,8
2026-09-04,Louis Vuitton,1872336,1895,2026-05-08,119,8
2026-09-04,Louis Vuitton,1872824,1755,2026-05-19,108,8
2026-09-04,Louis Vuitton,1874104,1355,2026-05-19,108,8
2026-09-04,Louis Vuitton,1874114,1270,2026-06-08,88,8
2026-09-04,Louis Vuitton,1874391,1610,2026-05-08,119,8
2026-09-04,Louis Vuitton,1874805,805,2026-08-26,9,8
2026-09-04,Louis Vuitton,1874876,1350,2026-05-18,109,8
2026-09-04,Louis Vuitton,1874900,850,2026-08-26,9,8
2026-09-04,Louis Vuitton,1874915,1660,2026-05-18,109,8
2026-09-04,Louis Vuitton,1874967,1355,2026-05-22,105,6
2026-09-04,Louis Vuitton,1875191,1045,2026-05-08,119,8
2026-09-04,Louis Vuitton,1875336,820,2026-05-08,119,8
2026-09-04,Louis Vuitton,1876001,920,2026-08-26,9,8
2026-09-04,Louis Vuitton,1876711,745,2026-05-09,118,8
2026-09-04,Louis Vuitton,1876955,840,2026-08-10,25,8
2026-09-04,Louis Vuitton,1877016,920,2026-08-10,25,8
2026-09-04,Louis Vuitton,1877078,1035,2026-06-02,94,8
2026-09-04,Louis Vuitton,1877203,2035,2026-05-11,116,8
2026-09-04,Louis Vuitton,1877623,1720,2026-05-09,118,8
2026-09-04,Louis Vuitton,1877709,805,2026-05-09,118,8
2026-09-04,Louis Vuitton,1877723,1375,2026-05-16,111,8
2026-09-04,Louis Vuitton,1877797,2095,2026-08-21,14,8
2026-09-04,Louis Vuitton,1878094,1250,2026-05-20,107,8
2026-09-04,Louis Vuitton,1878423,1195,2026-05-15,112,5
2026-09-04,Louis Vuitton,1878547,1935,2026-05-11,116,8
2026-09-04,Louis Vuitton,1879588,660,2026-05-11,116,8
2026-09-04,Louis Vuitton,1879594,1995,2026-05-13,114,8
2026-09-04,Louis Vuitton,1881820,1280,2026-08-24,11,8
2026-09-04,Louis Vuitton,1882242,525,2026-08-21,14,8
2026-09-04,Louis Vuitton,1882542,2495,2026-05-16,111,8
2026-09-04,Louis Vuitton,1882719,1795,2026-05-16,111,4
2026-09-04,Louis Vuitton,1882772,1990,2026-05-16,111,8
2026-09-04,Louis Vuitton,1882882,1195,2026-08-12,23,8
2026-09-04,Louis Vuitton,1882904,1515,2026-07-31,35,8
2026-09-04,Louis Vuitton,1882938,805,2026-06-04,92,8
2026-09-04,Louis Vuitton,1882985,3320,2026-08-26,9,8
2026-09-04,Louis Vuitton,1882986,1435,2026-06-04,92,8
2026-09-04,Louis Vuitton,1883875,1550,2026-08-21,14,8
2026-09-04,Louis Vuitton,1884885,955,2026-08-12,23,8
2026-09-04,Louis Vuitton,1884984,625,2026-08-12,23,8
2026-09-04,Louis Vuitton,1885004,615,2026-06-01,95,8
2026-09-04,Louis Vuitton,1885040,760,2026-08-10,25,8
2026-09-04,Louis Vuitton,1885055,795,2026-08-12,23,8
2026-09-04,Louis Vuitton,1885076,1215,2026-05-29,98,8
2026-09-04,Louis Vuitton,1885107,750,2026-05-29,98,8
2026-09-04,Louis Vuitton,1885765,595,2026-05-21,106,8
2026-09-04,Louis Vuitton,1885848,2120,2026-06-04,92,8
2026-09-04,Louis Vuitton,1885850,1515,2026-08-26,9,8
2026-09-04,Louis Vuitton,1885852,1355,2026-05-27,100,8
2026-09-04,Louis Vuitton,1886095,1240,2026-05-19,108,8
2026-09-04,Louis Vuitton,1886581,1450,2026-07-24,42,8
2026-09-04,Louis Vuitton,1886705,710,2026-05-21,106,8
2026-09-04,Louis Vuitton,1886978,650,2026-05-20,107,3
2026-09-04,Louis Vuitton,1889300,3055,2026-08-26,9,8
2026-09-04,Louis Vuitton,1889336,445,2026-05-23,104,8
2026-09-04,Louis Vuitton,1890617,805,2026-06-01,95,8
2026-09-04,Louis Vuitton,1891328,1150,2026-06-01,95,8
2026-09-04,Louis Vuitton,1891960,895,2026-06-04,92,8
2026-09-04,Louis Vuitton,1892043,1650,2026-06-04,92,3
2026-09-04,Louis Vuitton,1893428,2065,2026-06-03,93,3
2026-09-04,Louis Vuitton,1895478,2195,2026-06-22,74,8
2026-09-04,Louis Vuitton,1901737,450,2026-06-09,87,8
2026-09-04,Louis Vuitton,1901951,1230,2026-06-10,86,8
2026-09-04,Louis Vuitton,1903697,1705,2026-06-17,79,8
2026-09-04,Louis Vuitton,1905124,720,2026-06-17,79,8
2026-09-04,Louis Vuitton,1905178,975,2026-06-13,83,8
2026-09-04,Louis Vuitton,1905179,845,2026-06-15,81,8
2026-09-04,Louis Vuitton,1905953,595,2026-06-15,81,8
2026-09-04,Louis Vuitton,1905965,1355,2026-06-16,80,8
2026-09-04,Louis Vuitton,1906055,2795,2026-06-22,74,8
2026-09-04,Louis Vuitton,1906239,1615,2026-07-10,56,8
2026-09-04,Louis Vuitton,1908301,1800,2026-07-31,35,8
2026-09-04,Louis Vuitton,1908630,615,2026-06-22,74,8
2026-09-04,Louis Vuitton,1909806,1050,2026-06-24,72,8
2026-09-04,Louis Vuitton,1910032,3055,2026-06-12,84,8
2026-09-04,Louis Vuitton,1910197,2245,2026-06-16,80,3
2026-09-04,Louis Vuitton,1911337,920,2026-06-25,71,8
2026-09-04,Louis Vuitton,1911868,1345,2026-07-02,64,8
2026-09-04,Louis Vuitton,1912843,1525,2026-06-20,76,8
2026-09-04,Louis Vuitton,1912970,805,2026-07-21,45,8
2026-09-04,Louis Vuitton,1912971,1040,2026-07-21,45,8
2026-09-04,Louis Vuitton,1913056,535,2026-07-02,64,8
2026-09-04,Louis Vuitton,1915331,2180,2026-06-23,73,8
2026-09-04,Louis Vuitton,1915700,1050,2026-07-30,36,8
2026-09-04,Louis Vuitton,1915717,1525,2026-07-02,64,8
2026-09-04,Louis Vuitton,1916487,925,2026-07-08,58,8
2026-09-04,Louis Vuitton,1918414,1230,2026-07-17,49,8
2026-09-04,Louis Vuitton,1919491,1885,2026-07-01,65,2
2026-09-04,Louis Vuitton,1920061,1095,2026-07-04,62,2
2026-09-04,Louis Vuitton,1921368,1845,2026-07-07,59,8
2026-09-04,Louis Vuitton,1921955,945,2026-07-15,51,8
2026-09-04,Louis Vuitton,1922019,1185,2026-07-28,38,8
2026-09-04,Louis Vuitton,1922151,710,2026-07-20,46,8
2026-09-04,Louis Vuitton,1922771,595,2026-07-17,49,8
2026-09-04,Louis Vuitton,1924226,2940,2026-07-16,50,8
2026-09-04,Louis Vuitton,1924646,795,2026-07-23,43,1
2026-09-04,Louis Vuitton,1924697,1255,2026-07-11,55,8
2026-09-04,Louis Vuitton,1925801,1255,2026-07-11,55,8
2026-09-04,Louis Vuitton,1927927,900,2026-07-17,49,8
2026-09-04,Louis Vuitton,1928554,1515,2026-07-18,48,8
2026-09-04,Louis Vuitton,1928612,2180,2026-07-18,48,8
2026-09-04,Louis Vuitton,1928624,4365,2026-07-18,48,8
2026-09-04,Louis Vuitton,1929102,2230,2026-07-18,48,8
2026-09-04,Louis Vuitton,1934767,2560,2026-07-18,48,8
2026-09-04,Louis Vuitton,1934878,1325,2026-07-18,48,8
2026-09-04,Louis Vuitton,1935161,565,2026-07-21,45,8
2026-09-04,Louis Vuitton,1935380,1185,2026-07-18,48,8
2026-09-04,Louis Vuitton,1935447,1660,2026-07-18,48,8
2026-09-04,Louis Vuitton,1935791,1250,2026-08-05,30,8
2026-09-04,Louis Vuitton,1935818,1420,2026-07-18,48,8
2026-09-04,Louis Vuitton,1935845,1530,2026-07-18,48,8
2026-09-04,Louis Vuitton,1935890,945,2026-07-18,48,8
2026-09-04,Louis Vuitton,1935896,1610,2026-07-18,48,8
2026-09-04,Louis Vuitton,1936124,900,2026-07-30,36,8
2026-09-04,Louis Vuitton,1936246,895,2026-09-01,3,3
2026-09-04,Louis Vuitton,1936625,805,2026-07-21,45,8
2026-09-04,Louis Vuitton,1937270,2295,2026-07-22,44,8
2026-09-04,Louis Vuitton,1937333,805,2026-07-20,46,8
2026-09-04,Louis Vuitton,1938074,2995,2026-07-22,44,8
2026-09-04,Louis Vuitton,1939120,615,2026-07-24,42,8
2026-09-04,Louis Vuitton,1940278,5550,2026-08-07,28,8
2026-09-04,Louis Vuitton,1940333,500,2026-08-01,34,8
2026-09-04,Louis Vuitton,1940478,660,2026-07-31,35,8
2026-09-04,Louis Vuitton,1940972,725,2026-07-25,41,4
2026-09-04,Louis Vuitton,1941042,695,2026-08-07,28,8
2026-09-04,Louis Vuitton,1941107,595,2026-08-07,28,8
2026-09-04,Louis Vuitton,1941144,750,2026-08-21,14,8
2026-09-04,Louis Vuitton,1941146,995,2026-08-21,14,8
2026-09-04,Louis Vuitton,1941248,2180,2026-07-25,41,8
2026-09-04,Louis Vuitton,1941418,2395,2026-08-04,31,8
2026-09-04,Louis Vuitton,1942310,660,2026-07-31,35,8
2026-09-04,Louis Vuitton,1942862,1795,2026-08-01,34,8
2026-09-04,Louis Vuitton,1942903,1755,2026-07-31,35,8
2026-09-04,Louis Vuitton,1942905,1230,2026-07-31,35,8
2026-09-04,Louis Vuitton,1943205,1350,2026-08-04,31,8
2026-09-04,Louis Vuitton,1943477,2655,2026-07-31,35,8
2026-09-04,Louis Vuitton,1943572,1395,2026-07-31,35,8
2026-09-04,Louis Vuitton,1943580,1515,2026-07-31,35,8
2026-09-04,Louis Vuitton,1944006,1895,2026-07-29,37,8
2026-09-04,Louis Vuitton,1944161,995,2026-08-13,22,7
2026-09-04,Louis Vuitton,1944331,4395,2026-08-04,31,8
2026-09-04,Louis Vuitton,1944512,2095,2026-08-13,22,8
2026-09-04,Louis Vuitton,1944582,1515,2026-07-31,35,8
2026-09-04,Louis Vuitton,1946517,1495,2026-08-19,16,8
2026-09-04,Louis Vuitton,1946543,795,2026-08-14,21,8
2026-09-04,Louis Vuitton,1946637,1395,2026-08-18,17,8
2026-09-04,Louis Vuitton,1946767,1750,2026-08-05,30,8
2026-09-04,Louis Vuitton,1947666,2295,2026-08-19,16,2
2026-09-04,Louis Vuitton,1948470,750,2026-08-11,24,8
2026-09-04,Louis Vuitton,1948660,2495,2026-08-07,28,6
2026-09-04,Louis Vuitton,1948783,1895,2026-08-05,30,8
2026-09-04,Louis Vuitton,1949156,3295,2026-08-05,30,8
2026-09-04,Louis Vuitton,1949691,725,2026-08-12,23,3
2026-09-04,Louis Vuitton,1949807,4295,2026-08-07,28,8
2026-09-04,Louis Vuitton,1950037,1250,2026-08-14,21,8
2026-09-04,Louis Vuitton,1950883,1450,2026-08-12,23,8
2026-09-04,Louis Vuitton,1951056,1895,2026-08-12,23,8
2026-09-04,Louis Vuitton,1951239,650,2026-08-08,27,8
2026-09-04,Louis Vuitton,1951278,995,2026-08-07,28,8
2026-09-04,Louis Vuitton,1952416,2595,2026-08-13,22,4
2026-09-04,Louis Vuitton,1952523,1595,2026-08-13,22,3
2026-09-04,Louis Vuitton,1953227,1795,2026-08-14,21,8
2026-09-04,Louis Vuitton,1954071,2495,2026-08-13,22,8
2026-09-04,Louis Vuitton,1954345,995,2026-08-20,15,8
2026-09-04,Louis Vuitton,1955334,1250,2026-08-14,21,8
2026-09-04,Louis Vuitton,1956288,1950,2026-08-24,11,8
2026-09-04,Louis Vuitton,1956828,2850,2026-08-24,11,8
2026-09-04,Louis Vuitton,1957091,1995,2026-08-21,14,8
2026-09-04,Louis Vuitton,1957159,1695,2026-08-18,17,8
2026-09-04,Louis Vuitton,1957666,2095,2026-08-27,8,8
2026-09-04,Louis Vuitton,1957801,2695,2026-08-29,6,6
2026-09-04,Louis Vuitton,1958033,2295,2026-08-21,14,8
2026-09-04,Louis Vuitton,1958423,3050,2026-08-26,9,8
2026-09-04,Louis Vuitton,1958551,1595,2026-08-29,6,6
2026-09-04,Louis Vuitton,1958614,3495,2026-08-25,10,8
2026-09-04,Louis Vuitton,1958943,550,2026-09-02,2,2
2026-09-04,Louis Vuitton,1959339,1550,2026-08-28,7,7
2026-09-04,Louis Vuitton,1959383,1850,2026-08-26,9,8
2026-09-04,Louis Vuitton,1959405,1450,2026-08-22,13,8
2026-09-04,Louis Vuitton,1959635,1195,2026-08-26,9,8
2026-09-04,Louis Vuitton,1959745,2295,2026-08-25,10,8
2026-09-04,Louis Vuitton,1959966,950,2026-09-03,1,1
2026-09-04,Louis Vuitton,1960114,1295,2026-09-03,1,1
2026-09-04,Louis Vuitton,1960454,1495,2026-08-29,6,6
2026-09-04,Louis Vuitton,1960613,1095,2026-09-01,3,3
2026-09-04,Louis Vuitton,1960719,1995,2026-08-27,8,8
2026-09-04,Louis Vuitton,1960996,1995,2026-08-25,10,8
2026-09-04,Louis Vuitton,1961379,1495,2026-08-28,7,3
2026-09-04,Louis Vuitton,1961403,1895,2026-08-28,7,7
2026-09-04,Louis Vuitton,1961525,3395,2026-08-20,15,8
2026-09-04,Louis Vuitton,1961532,2150,2026-08-27,8,8
2026-09-04,Louis Vuitton,1962495,1950,2026-09-01,3,3
2026-09-04,Louis Vuitton,1962616,950,2026-09-02,2,2
2026-09-04,Louis Vuitton,1962653,2450,2026-08-28,7,7
2026-09-04,Louis Vuitton,1962711,2295,2026-08-27,8,8
2026-09-04,Louis Vuitton,1962843,1695,2026-08-27,8,8
2026-09-04,Louis Vuitton,1962879,2195,2026-08-26,9,8
2026-09-04,Louis Vuitton,1963142,895,2026-09-02,2,2
2026-09-04,Louis Vuitton,1963829,3195,2026-08-28,7,7
2026-09-04,Louis Vuitton,1963939,1250,2026-08-28,7,7
2026-09-04,Louis Vuitton,1963940,1695,2026-08-28,7,2
2026-09-04,Louis Vuitton,1964464,695,2026-09-03,1,1
2026-09-04,Louis Vuitton,1964531,995,2026-09-01,3,3
2026-09-04,Louis Vuitton,1964574,1950,2026-09-01,3,3
2026-09-04,Louis Vuitton,1964961,1350,2026-08-29,6,6
2026-09-04,Louis Vuitton,1965057,2795,2026-09-03,1,1
2026-09-04,Louis Vuitton,1965134,2995,2026-09-03,1,1
2026-09-04,Louis Vuitton,1965258,895,2026-09-03,1,1
2026-09-04,Louis Vuitton,1965313,1495,2026-09-01,3,3
2026-09-04,Louis Vuitton,1965631,625,2026-09-01,3,3
2026-09-04,Louis Vuitton,1965705,1595,2026-08-26,9,8
2026-09-04,Louis Vuitton,1966006,2295,2026-09-02,2,2
2026-09-04,Louis Vuitton,1966151,2095,2026-09-01,3,3
2026-09-04,Goyard,1729489,2345,2025-12-13,265,8
2026-09-04,Goyard,1809335,1950,2026-02-06,210,8
2026-09-04,Goyard,1873430,1420,2026-05-07,120,8
2026-09-04,Goyard,1875463,3035,2026-05-09,118,8
2026-09-04,Goyard,1901654,1850,2026-06-09,87,8
2026-09-04,Goyard,1917032,3055,2026-07-10,56,1
2026-09-04,Goyard,1937141,2595,2026-08-18,17,6
2026-09-04,Goyard,1940013,2990,2026-07-25,41,8
2026-09-04,Goyard,1953831,2250,2026-08-12,23,8
2026-09-04,Goyard,1958127,1850,2026-08-21,14,8
2026-09-04,Goyard,1959500,2695,2026-08-25,10,4
2026-09-04,Goyard,1960750,1995,2026-08-27,8,8
2026-09-04,Goyard,1965892,2295,2026-09-03,1,1
2026-09-04,Dior,1706935,1095,2025-08-22,378,8
2026-09-04,Dior,1758434,2115,2026-08-26,9,8
2026-09-04,Dior,1761450,1420,2026-07-20,46,8
2026-09-04,Dior,1776580,1995,2026-08-11,24,8
2026-09-04,Dior,1776817,4025,2025-12-18,260,7
2026-09-04,Dior,1790465,1325,2026-07-17,49,7
2026-09-04,Dior,1803870,1315,2026-02-03,213,8
2026-09-04,Dior,1828288,2105,2026-03-17,171,8
2026-09-04,Dior,1829716,1505,2026-03-13,175,8
2026-09-04,Dior,1829878,2545,2026-07-16,50,8
2026-09-04,Dior,1831397,810,2026-07-06,60,8
2026-09-04,Dior,1840674,895,2026-07-17,49,8
2026-09-04,Dior,1840892,795,2026-04-03,154,8
2026-09-04,Dior,1840992,1950,2026-04-11,146,8
2026-09-04,Dior,1844301,1150,2026-04-07,150,8
2026-09-04,Dior,1848712,1185,2026-04-02,155,8
2026-09-04,Dior,1849717,2465,2026-07-18,48,8
2026-09-04,Dior,1862248,755,2026-07-17,49,8
2026-09-04,Dior,1862707,1615,2026-05-05,122,8
2026-09-04,Dior,1867259,985,2026-05-07,120,8
2026-09-04,Dior,1868782,1295,2026-04-30,127,7
2026-09-04,Dior,1871841,3320,2026-08-26,9,8
2026-09-04,Dior,1878615,715,2026-05-14,113,8
2026-09-04,Dior,1880825,680,2026-05-20,107,8
2026-09-04,Dior,1881913,1125,2026-06-04,92,8
2026-09-04,Dior,1883218,1495,2026-05-23,104,8
2026-09-04,Dior,1887081,2075,2026-05-21,106,8
2026-09-04,Dior,1888802,3795,2026-08-26,9,8
2026-09-04,Dior,1889454,1095,2026-05-30,97,8
2026-09-04,Dior,1889527,1755,2026-05-29,98,8
2026-09-04,Dior,1892325,895,2026-06-02,94,8
2026-09-04,Dior,1901972,930,2026-06-10,86,1
2026-09-04,Dior,1922347,1395,2026-07-04,62,8
2026-09-04,Dior,1922496,950,2026-07-06,60,8
2026-09-04,Dior,1923065,2500,2026-07-30,36,8
2026-09-04,Dior,1928332,2795,2026-07-23,43,8
2026-09-04,Dior,1935037,2370,2026-07-18,48,8
2026-09-04,Dior,1935238,1515,2026-07-18,48,8
2026-09-04,Dior,1935861,3510,2026-07-18,48,8
2026-09-04,Dior,1951905,3895,2026-08-19,16,8
2026-09-04,Dior,1953154,1850,2026-08-12,23,8
2026-09-04,Dior,1956212,1650,2026-08-21,14,8
2026-09-04,Dior,1956861,2495,2026-08-22,13,2
2026-09-04,Dior,1957850,2050,2026-08-20,15,8
2026-09-04,Dior,1958656,3495,2026-08-25,10,4
2026-09-04,Dior,1963488,2295,2026-09-02,2,2
2026-09-04,Dior,1964522,995,2026-09-03,1,1
2026-09-04,Dior,1965370,625,2026-09-02,2,2
2026-09-04,Dior,1965437,3295,2026-09-02,2,2
2026-09-04,Dior,1967504,4995,2026-09-02,2,2
2026-09-04,Fendi,1697710,1095,2025-08-17,383,8
2026-09-04,Fendi,1725568,1385,2025-10-02,337,8
2026-09-04,Fendi,1753775,1100,2025-11-15,293,8
2026-09-04,Fendi,1766510,2150,2025-12-09,269,3
2026-09-04,Fendi,1770892,1485,2025-12-06,272,8
2026-09-04,Fendi,1787684,1400,2026-01-14,233,8
2026-09-04,Fendi,1805214,2300,2026-07-29,37,8
2026-09-04,Fendi,1809850,2705,2026-02-06,210,8
2026-09-04,Fendi,1825771,2050,2026-02-27,189,5
2026-09-04,Fendi,1827493,1620,2026-03-04,184,8
2026-09-04,Fendi,1830323,585,2026-03-11,177,8
2026-09-04,Fendi,1833283,565,2026-03-13,175,8
2026-09-04,Fendi,1846891,1440,2026-06-22,74,8
2026-09-04,Fendi,1870694,675,2026-05-12,115,8
2026-09-04,Fendi,1873549,955,2026-05-13,114,8
2026-09-04,Fendi,1875957,895,2026-05-13,114,8
2026-09-04,Fendi,1876147,2655,2026-05-11,116,8
2026-09-04,Fendi,1876232,1595,2026-05-11,116,8
2026-09-04,Fendi,1877600,1610,2026-05-12,115,8
2026-09-04,Fendi,1881245,615,2026-05-15,112,8
2026-09-04,Fendi,1883135,1195,2026-05-28,99,8
2026-09-04,Fendi,1886115,675,2026-05-28,99,8
2026-09-04,Fendi,1887174,1565,2026-05-21,106,3
2026-09-04,Fendi,1888544,505,2026-05-30,97,8
2026-09-04,Fendi,1888942,615,2026-05-29,98,8
2026-09-04,Fendi,1889266,710,2026-08-26,9,8
2026-09-04,Fendi,1890255,850,2026-05-30,97,8
2026-09-04,Fendi,1890502,2495,2026-05-30,97,8
2026-09-04,Fendi,1902269,525,2026-06-25,71,8
2026-09-04,Fendi,1907616,2245,2026-07-01,65,8
2026-09-04,Fendi,1909372,2205,2026-06-27,69,8
2026-09-04,Fendi,1912157,1450,2026-07-21,45,8
2026-09-04,Fendi,1916050,985,2026-06-30,66,8
2026-09-04,Fendi,1920312,2370,2026-07-18,48,8
2026-09-04,Fendi,1928049,1895,2026-07-21,45,8
2026-09-04,Fendi,1935867,1040,2026-07-18,48,8
2026-09-04,Fendi,1938069,615,2026-07-28,38,8
2026-09-04,Fendi,1942033,995,2026-08-04,31,8
2026-09-04,Fendi,1946247,1550,2026-08-04,31,8
2026-09-04,Fendi,1949826,1695,2026-08-06,29,8
2026-09-04,Fendi,1951365,1050,2026-08-08,27,8
2026-09-04,Fendi,1957104,625,2026-08-18,17,8
2026-09-04,Fendi,1958385,595,2026-08-25,10,8
2026-09-04,Fendi,1960790,425,2026-08-28,7,7
2026-09-04,The Row,1839031,1695,2026-03-27,161,8
2026-09-04,The Row,1844217,6295,2026-04-01,156,8
2026-09-04,The Row,1848288,2040,2026-04-02,155,8
2026-09-04,The Row,1857820,4495,2026-04-22,135,8
2026-09-04,The Row,1886489,1480,2026-05-27,100,8
2026-09-04,The Row,1887634,4995,2026-05-29,98,8
2026-09-04,The Row,1910751,4765,2026-06-20,76,8
2026-09-04,The Row,1910952,4495,2026-06-29,67,8
2026-09-04,The Row,1923374,4045,2026-07-09,57,8
2026-09-04,The Row,1928659,2135,2026-07-18,48,8
2026-09-04,The Row,1936609,5790,2026-07-20,46,8
2026-09-04,The Row,1962054,5995,2026-08-27,8,8
2026-09-04,The Row,1965168,2995,2026-09-03,1,1
2026-09-04,Cartier,1771302,5400,2025-12-26,252,8
2026-09-04,Cartier,1811054,1895,2026-03-26,162,8
2026-09-04,Cartier,1836425,945,2026-05-08,119,8
2026-09-04,Cartier,1851840,3130,2026-04-22,135,8
2026-09-04,Cartier,1860568,7095,2026-05-13,114,8
2026-09-04,Cartier,1864454,3795,2026-06-10,86,8
2026-09-04,Cartier,1869350,4995,2026-05-16,111,1
2026-09-04,Cartier,1871993,1090,2026-05-06,121,8
2026-09-04,Cartier,1902173,9495,2026-06-18,78,8
2026-09-04,Cartier,1906371,1795,2026-06-22,74,8
2026-09-04,Cartier,1909609,1125,2026-06-25,71,8
2026-09-04,Cartier,1909975,1225,2026-06-17,79,8
2026-09-04,Cartier,1922229,1495,2026-08-13,22,8
2026-09-04,Cartier,1922393,1350,2026-07-28,38,8
2026-09-04,Cartier,1924363,5980,2026-07-21,45,8
2026-09-04,Cartier,1924465,4500,2026-07-28,38,8
2026-09-04,Cartier,1927348,4295,2026-09-02,2,2
2026-09-04,Cartier,1928748,3150,2026-08-14,21,8
2026-09-04,Cartier,1934730,1150,2026-08-04,31,8
2026-09-04,Cartier,1937612,6350,2026-08-06,29,8
2026-09-04,Cartier,1938529,1950,2026-08-04,31,8
2026-09-04,Cartier,1943033,1795,2026-08-21,14,8
2026-09-04,Cartier,1943519,7150,2026-08-21,14,8
2026-09-04,Cartier,1943628,1150,2026-09-03,1,1
2026-09-04,Cartier,1951851,6150,2026-09-01,3,3
2026-09-05,Hermès,1805422,3535,2026-02-11,206,9
2026-09-05,Hermès,1812040,3810,2026-02-14,203,9
2026-09-05,Hermès,1827241,3000,2026-03-06,183,9
2026-09-05,Hermès,1833445,11710,2026-03-13,176,9
2026-09-05,Hermès,1842647,1430,2026-07-07,60,9
2026-09-05,Hermès,1863884,1320,2026-04-28,130,9
2026-09-05,Hermès,1871453,11395,2026-05-07,121,5
2026-09-05,Hermès,1877484,5275,2026-05-09,119,9
2026-09-05,Hermès,1880785,3695,2026-05-27,101,9
2026-09-05,Hermès,1884232,14000,2026-05-22,106,9
2026-09-05,Hermès,1884441,25995,2026-05-29,99,9
2026-09-05,Hermès,1884651,1850,2026-05-28,100,9
2026-09-05,Hermès,1893069,32995,2026-05-29,99,9
2026-09-05,Hermès,1893568,9590,2026-06-05,92,9
2026-09-05,Hermès,1903178,4500,2026-06-11,86,9
2026-09-05,Hermès,1910443,2895,2026-06-20,77,9
2026-09-05,Hermès,1912188,2800,2026-06-20,77,9
2026-09-05,Hermès,1914445,15295,2026-07-04,63,9
2026-09-05,Hermès,1914848,21500,2026-07-08,59,2
2026-09-05,Hermès,1916174,2605,2026-07-07,60,9
2026-09-05,Hermès,1925514,18045,2026-07-17,50,1
2026-09-05,Hermès,1926101,11995,2026-07-11,56,1
2026-09-05,Hermès,1926471,13995,2026-07-29,38,9
2026-09-05,Hermès,1935092,20895,2026-07-18,49,9
2026-09-05,Hermès,1938012,7595,2026-07-31,36,2
2026-09-05,Hermès,1939821,7095,2026-08-14,22,9
2026-09-05,Hermès,1944050,16995,2026-09-01,4,4
2026-09-05,Hermès,1944370,8950,2026-08-12,24,1
2026-09-05,Hermès,1944426,18295,2026-08-05,31,9
2026-09-05,Hermès,1947044,6395,2026-08-05,31,9
2026-09-05,Hermès,1947359,5450,2026-08-20,16,9
2026-09-05,Hermès,1947966,12295,2026-08-11,25,4
2026-09-05,Hermès,1948533,3295,2026-08-18,18,9
2026-09-05,Hermès,1949916,16995,2026-08-08,28,1
2026-09-05,Hermès,1950972,295,2026-08-13,23,3
2026-09-05,Hermès,1952802,31995,2026-08-20,16,4
2026-09-05,Hermès,1953099,2650,2026-08-13,23,9
2026-09-05,Hermès,1956856,19995,2026-08-24,12,1
2026-09-05,Hermès,1956868,33995,2026-08-21,15,9
2026-09-05,Hermès,1959000,22995,2026-08-20,16,4
2026-09-05,Hermès,1959093,22995,2026-09-02,3,3
2026-09-05,Hermès,1959094,18195,2026-09-02,3,3
2026-09-05,Hermès,1960498,14995,2026-09-02,3,3
2026-09-05,Hermès,1961368,9095,2026-08-25,11,3
2026-09-05,Hermès,1961590,22995,2026-09-03,2,2
2026-09-05,Hermès,1962196,6095,2026-08-27,9,9
2026-09-05,Hermès,1962401,23500,2026-08-29,7,7
2026-09-05,Hermès,1962541,32995,2026-08-25,11,9
2026-09-05,Hermès,1963982,25995,2026-09-03,2,2
2026-09-05,Hermès,1964801,28995,2026-08-27,9,9
2026-09-05,Hermès,1967335,34950,2026-09-04,1,1
2026-09-05,Hermès,1967898,16995,2026-09-04,1,1
2026-09-05,Hermès,1967902,29995,2026-09-04,1,1
2026-09-05,Chanel,1542222,2095,2025-05-12,481,9
2026-09-05,Chanel,1733952,2845,2025-10-12,328,9
2026-09-05,Chanel,1761233,4765,2025-11-22,287,9
2026-09-05,Chanel,1762778,7595,2025-11-22,287,9
2026-09-05,Chanel,1763129,1995,2025-11-22,287,9
2026-09-05,Chanel,1772188,2850,2025-12-12,267,9
2026-09-05,Chanel,1774813,6495,2025-12-12,267,9
2026-09-05,Chanel,1776609,995,2026-02-11,206,9
2026-09-05,Chanel,1782494,5530,2025-12-23,256,9
2026-09-05,Chanel,1784100,2750,2025-12-29,250,2
2026-09-05,Chanel,1790696,2995,2026-01-07,241,9
2026-09-05,Chanel,1793852,1170,2026-08-12,24,9
2026-09-05,Chanel,1794910,2650,2026-01-17,231,9
2026-09-05,Chanel,1806787,3150,2026-02-02,215,9
2026-09-05,Chanel,1814805,2550,2026-02-25,192,9
2026-09-05,Chanel,1815208,2280,2026-02-13,204,9
2026-09-05,Chanel,1815314,2995,2026-02-19,198,9
2026-09-05,Chanel,1817310,3500,2026-02-18,199,7
2026-09-05,Chanel,1823933,9535,2026-03-11,178,9
2026-09-05,Chanel,1823945,6755,2026-02-26,191,9
2026-09-05,Chanel,1824620,3295,2026-07-27,40,9
2026-09-05,Chanel,1824636,5055,2026-02-27,190,9
2026-09-05,Chanel,1833386,3150,2026-03-14,175,9
2026-09-05,Chanel,1837597,2995,2026-08-06,30,9
2026-09-05,Chanel,1842155,3595,2026-03-24,165,9
2026-09-05,Chanel,1845123,4150,2026-04-01,157,9
2026-09-05,Chanel,1846763,9595,2026-04-02,156,9
2026-09-05,Chanel,1850879,2205,2026-04-16,142,2
2026-09-05,Chanel,1853831,5295,2026-04-21,137,9
2026-09-05,Chanel,1854443,6645,2026-04-14,144,9
2026-09-05,Chanel,1856080,4420,2026-04-24,134,9
2026-09-05,Chanel,1856997,8815,2026-04-11,147,9
2026-09-05,Chanel,1857383,7010,2026-04-15,143,9
2026-09-05,Chanel,1858439,2995,2026-05-06,122,2
2026-09-05,Chanel,1859256,4895,2026-04-22,136,9
2026-09-05,Chanel,1859693,10995,2026-04-18,140,9
2026-09-05,Chanel,1860502,4195,2026-05-05,123,9
2026-09-05,Chanel,1863081,4120,2026-04-29,129,9
2026-09-05,Chanel,1865070,1720,2026-04-18,140,9
2026-09-05,Chanel,1870210,2395,2026-05-13,115,9
2026-09-05,Chanel,1870232,8295,2026-04-30,128,9
2026-09-05,Chanel,1870620,2895,2026-05-14,114,2
2026-09-05,Chanel,1871452,5035,2026-05-02,126,9
2026-09-05,Chanel,1872245,2095,2026-05-02,126,9
2026-09-05,Chanel,1874308,7495,2026-05-07,121,9
2026-09-05,Chanel,1875312,5995,2026-05-04,124,9
2026-09-05,Chanel,1876123,3495,2026-05-08,120,9
2026-09-05,Chanel,1876547,2170,2026-05-05,123,9
2026-09-05,Chanel,1878631,1420,2026-05-11,117,9
2026-09-05,Chanel,1881197,4235,2026-05-16,112,9
2026-09-05,Chanel,1881890,2495,2026-07-01,66,9
2026-09-05,Chanel,1882139,1795,2026-05-29,99,3
2026-09-05,Chanel,1882604,3670,2026-05-13,115,4
2026-09-05,Chanel,1884901,2120,2026-06-05,92,9
2026-09-05,Chanel,1885351,3295,2026-05-20,108,9
2026-09-05,Chanel,1893745,3395,2026-06-05,92,9
2026-09-05,Chanel,1894514,6500,2026-06-06,91,9
2026-09-05,Chanel,1895879,5095,2026-06-08,89,9
2026-09-05,Chanel,1901523,1780,2026-06-09,88,9
2026-09-05,Chanel,1901594,3495,2026-06-19,78,9
2026-09-05,Chanel,1902129,1655,2026-06-10,87,9
2026-09-05,Chanel,1902190,2715,2026-06-10,87,9
2026-09-05,Chanel,1903885,3140,2026-06-12,85,9
2026-09-05,Chanel,1904343,9995,2026-06-13,84,8
2026-09-05,Chanel,1904503,2105,2026-06-13,84,9
2026-09-05,Chanel,1904986,7355,2026-06-29,68,9
2026-09-05,Chanel,1905643,7995,2026-06-24,73,9
2026-09-05,Chanel,1908904,3270,2026-06-18,79,9
2026-09-05,Chanel,1909130,2205,2026-06-19,78,9
2026-09-05,Chanel,1910403,4135,2026-06-27,70,9
2026-09-05,Chanel,1910738,7645,2026-06-19,78,9
2026-09-05,Chanel,1910792,8580,2026-06-19,78,9
2026-09-05,Chanel,1911025,4365,2026-07-18,49,9
2026-09-05,Chanel,1911755,850,2026-06-24,73,9
2026-09-05,Chanel,1911787,3865,2026-07-02,65,9
2026-09-05,Chanel,1912280,3140,2026-06-20,77,9
2026-09-05,Chanel,1914840,4765,2026-07-01,66,9
2026-09-05,Chanel,1915011,2550,2026-07-04,63,9
2026-09-05,Chanel,1916543,3480,2026-07-10,57,9
2026-09-05,Chanel,1916978,2965,2026-06-26,71,9
2026-09-05,Chanel,1917333,2695,2026-06-26,71,9
2026-09-05,Chanel,1917641,8295,2026-07-04,63,2
2026-09-05,Chanel,1918146,14395,2026-07-10,57,9
2026-09-05,Chanel,1918197,2335,2026-06-30,67,9
2026-09-05,Chanel,1918539,7645,2026-07-10,57,9
2026-09-05,Chanel,1919665,9095,2026-07-14,53,9
2026-09-05,Chanel,1920389,3055,2026-07-10,57,9
2026-09-05,Chanel,1921200,8595,2026-07-21,46,9
2026-09-05,Chanel,1922237,2995,2026-08-11,25,9
2026-09-05,Chanel,1922873,7995,2026-08-04,32,9
2026-09-05,Chanel,1922925,16995,2026-07-14,53,9
2026-09-05,Chanel,1923879,795,2026-07-30,37,9
2026-09-05,Chanel,1925595,1610,2026-07-16,51,9
2026-09-05,Chanel,1926157,3595,2026-08-11,25,9
2026-09-05,Chanel,1926216,3320,2026-07-22,45,9
2026-09-05,Chanel,1926606,3795,2026-07-16,51,9
2026-09-05,Chanel,1927848,3795,2026-07-22,45,8
2026-09-05,Chanel,1928249,4555,2026-07-18,49,9
2026-09-05,Chanel,1934989,7595,2026-07-28,39,9
2026-09-05,Chanel,1935053,3795,2026-07-23,44,9
2026-09-05,Chanel,1935120,4595,2026-07-18,49,9
2026-09-05,Chanel,1935560,2275,2026-07-18,49,9
2026-09-05,Chanel,1937903,4695,2026-07-22,45,1
2026-09-05,Chanel,1938027,1850,2026-08-25,11,9
2026-09-05,Chanel,1938044,3985,2026-07-22,45,9
2026-09-05,Chanel,1938736,3795,2026-08-05,31,8
2026-09-05,Chanel,1939628,1800,2026-08-01,35,9
2026-09-05,Chanel,1940321,2465,2026-07-29,38,9
2026-09-05,Chanel,1940834,1990,2026-07-28,39,9
2026-09-05,Chanel,1941356,8545,2026-07-31,36,9
2026-09-05,Chanel,1942277,2705,2026-08-01,35,9
2026-09-05,Chanel,1943254,5315,2026-08-01,35,9
2026-09-05,Chanel,1943378,4495,2026-08-04,32,9
2026-09-05,Chanel,1943412,3560,2026-07-30,37,9
2026-09-05,Chanel,1944772,5995,2026-08-11,25,9
2026-09-05,Chanel,1945348,450,2026-08-05,31,9
2026-09-05,Chanel,1946295,7995,2026-08-07,29,7
2026-09-05,Chanel,1946995,2495,2026-08-20,16,9
2026-09-05,Chanel,1947547,1895,2026-08-05,31,9
2026-09-05,Chanel,1947644,8995,2026-08-05,31,9
2026-09-05,Chanel,1949608,1895,2026-08-15,21,3
2026-09-05,Chanel,1950082,3195,2026-08-08,28,8
2026-09-05,Chanel,1950199,4295,2026-08-13,23,9
2026-09-05,Chanel,1951635,2995,2026-08-12,24,9
2026-09-05,Chanel,1952495,16995,2026-08-14,22,9
2026-09-05,Chanel,1952972,2195,2026-08-13,23,9
2026-09-05,Chanel,1953243,5795,2026-08-26,10,9
2026-09-05,Chanel,1953835,2095,2026-08-13,23,9
2026-09-05,Chanel,1955223,5150,2026-08-27,9,9
2026-09-05,Chanel,1955394,1495,2026-08-18,18,9
2026-09-05,Chanel,1957471,3395,2026-08-29,7,7
2026-09-05,Chanel,1957519,7195,2026-08-22,14,9
2026-09-05,Chanel,1957893,2495,2026-08-27,9,9
2026-09-05,Chanel,1957919,5695,2026-08-20,16,9
2026-09-05,Chanel,1958545,2850,2026-09-01,4,4
2026-09-05,Chanel,1958886,7550,2026-08-22,14,9
2026-09-05,Chanel,1959491,4495,2026-08-28,8,2
2026-09-05,Chanel,1959844,7595,2026-08-24,12,9
2026-09-05,Chanel,1959911,8595,2026-08-25,11,9
2026-09-05,Chanel,1960215,2410,2026-08-27,9,9
2026-09-05,Chanel,1961251,4900,2026-09-01,4,4
2026-09-05,Chanel,1961397,3695,2026-09-03,2,2
2026-09-05,Chanel,1961699,12500,2026-08-29,7,7
2026-09-05,Chanel,1961736,10995,2026-08-24,12,1
2026-09-05,Chanel,1962050,5595,2026-08-28,8,8
2026-09-05,Chanel,1962411,5995,2026-09-02,3,3
2026-09-05,Chanel,1962440,3495,2026-08-27,9,9
2026-09-05,Chanel,1962713,3995,2026-08-29,7,7
2026-09-05,Chanel,1962964,3795,2026-09-03,2,2
2026-09-05,Chanel,1963787,1750,2026-09-03,2,2
2026-09-05,Chanel,1963921,3595,2026-08-27,9,9
2026-09-05,Chanel,1964015,7495,2026-08-29,7,7
2026-09-05,Chanel,1964039,7495,2026-09-01,4,4
2026-09-05,Chanel,1964475,2195,2026-09-04,1,1
2026-09-05,Chanel,1964896,9995,2026-09-02,3,3
2026-09-05,Chanel,1965860,4450,2026-09-01,4,4
2026-09-05,Chanel,1965925,3295,2026-09-03,2,2
2026-09-05,Chanel,1965933,2195,2026-08-29,7,7
2026-09-05,Chanel,1966310,2295,2026-09-04,1,1
2026-09-05,Chanel,1966871,4095,2026-09-04,1,1
2026-09-05,Chanel,1967401,4095,2026-09-04,1,1
2026-09-05,Chanel,1967571,2795,2026-09-04,1,1
2026-09-05,Chanel,1968450,8095,2026-09-04,1,1
2026-09-05,Louis Vuitton,973120,1725,2026-08-28,8,8
2026-09-05,Louis Vuitton,1723391,945,2025-09-25,345,9
2026-09-05,Louis Vuitton,1755578,1050,2025-11-12,297,9
2026-09-05,Louis Vuitton,1802126,1000,2026-07-31,36,9
2026-09-05,Louis Vuitton,1802854,3095,2026-01-24,224,9
2026-09-05,Louis Vuitton,1803803,1525,2026-02-02,215,9
2026-09-05,Louis Vuitton,1806232,2460,2026-02-18,199,9
2026-09-05,Louis Vuitton,1807655,1715,2026-02-04,213,9
2026-09-05,Louis Vuitton,1808777,1450,2026-02-06,211,7
2026-09-05,Louis Vuitton,1817959,2155,2026-02-18,199,1
2026-09-05,Louis Vuitton,1821253,1375,2026-02-26,191,9
2026-09-05,Louis Vuitton,1825863,1520,2026-02-23,194,9
2026-09-05,Louis Vuitton,1829086,1385,2026-03-25,164,9
2026-09-05,Louis Vuitton,1829726,660,2026-07-18,49,9
2026-09-05,Louis Vuitton,1831700,1490,2026-03-07,182,9
2026-09-05,Louis Vuitton,1843900,1485,2026-03-25,164,9
2026-09-05,Louis Vuitton,1844253,920,2026-03-25,164,9
2026-09-05,Louis Vuitton,1845071,3150,2026-03-28,161,9
2026-09-05,Louis Vuitton,1845104,1440,2026-03-31,158,9
2026-09-05,Louis Vuitton,1855081,1795,2026-04-14,144,9
2026-09-05,Louis Vuitton,1856353,1865,2026-04-15,143,7
2026-09-05,Louis Vuitton,1857420,1230,2026-04-15,143,9
2026-09-05,Louis Vuitton,1857653,2785,2026-04-15,143,9
2026-09-05,Louis Vuitton,1857904,550,2026-04-15,143,2
2026-09-05,Louis Vuitton,1858481,1570,2026-05-05,123,9
2026-09-05,Louis Vuitton,1859540,710,2026-05-08,120,9
2026-09-05,Louis Vuitton,1861164,1195,2026-04-17,141,9
2026-09-05,Louis Vuitton,1863171,1575,2026-04-21,137,9
2026-09-05,Louis Vuitton,1864868,445,2026-07-07,60,9
2026-09-05,Louis Vuitton,1868996,3745,2026-04-29,129,9
2026-09-05,Louis Vuitton,1869329,3095,2026-04-29,129,9
2026-09-05,Louis Vuitton,1870289,380,2026-05-06,122,9
2026-09-05,Louis Vuitton,1874113,1075,2026-06-08,89,9
2026-09-05,Louis Vuitton,1874638,3450,2026-05-13,115,8
2026-09-05,Louis Vuitton,1876114,1550,2026-05-19,109,9
2026-09-05,Louis Vuitton,1877011,760,2026-06-02,95,9
2026-09-05,Louis Vuitton,1879810,1895,2026-05-19,109,9
2026-09-05,Louis Vuitton,1881849,2695,2026-06-30,67,5
2026-09-05,Louis Vuitton,1884517,3195,2026-05-29,99,9
2026-09-05,Louis Vuitton,1885018,2150,2026-06-01,96,8
2026-09-05,Louis Vuitton,1885063,695,2026-08-12,24,9
2026-09-05,Louis Vuitton,1888528,825,2026-05-30,98,2
2026-09-05,Louis Vuitton,1888879,1060,2026-05-29,99,9
2026-09-05,Louis Vuitton,1893029,805,2026-06-06,91,9
2026-09-05,Louis Vuitton,1893071,2800,2026-06-05,92,9
2026-09-05,Louis Vuitton,1895395,550,2026-06-08,89,9
2026-09-05,Louis Vuitton,1904462,1995,2026-07-30,37,9
2026-09-05,Louis Vuitton,1905540,2450,2026-06-16,81,1
2026-09-05,Louis Vuitton,1906322,1695,2026-06-25,72,5
2026-09-05,Louis Vuitton,1908086,1185,2026-06-18,79,9
2026-09-05,Louis Vuitton,1908292,1435,2026-07-01,66,6
2026-09-05,Louis Vuitton,1908478,795,2026-06-30,67,9
2026-09-05,Louis Vuitton,1909651,1995,2026-07-02,65,4
2026-09-05,Louis Vuitton,1911243,1660,2026-06-27,70,9
2026-09-05,Louis Vuitton,1911962,845,2026-06-20,77,9
2026-09-05,Louis Vuitton,1913048,805,2026-07-15,52,9
2026-09-05,Louis Vuitton,1913050,1800,2026-07-15,52,9
2026-09-05,Louis Vuitton,1914649,895,2026-07-22,45,9
2026-09-05,Louis Vuitton,1914997,1575,2026-07-01,66,9
2026-09-05,Louis Vuitton,1915678,695,2026-07-30,37,9
2026-09-05,Louis Vuitton,1916345,1895,2026-06-26,71,9
2026-09-05,Louis Vuitton,1916560,695,2026-06-27,70,9
2026-09-05,Louis Vuitton,1916574,1885,2026-06-30,67,9
2026-09-05,Louis Vuitton,1916759,895,2026-07-01,66,9
2026-09-05,Louis Vuitton,1917534,995,2026-07-30,37,9
2026-09-05,Louis Vuitton,1917765,2115,2026-07-07,60,9
2026-09-05,Louis Vuitton,1918057,5295,2026-07-11,56,9
2026-09-05,Louis Vuitton,1919886,1470,2026-07-11,56,9
2026-09-05,Louis Vuitton,1919957,2875,2026-07-08,59,9
2026-09-05,Louis Vuitton,1920183,1975,2026-07-10,57,9
2026-09-05,Louis Vuitton,1920275,1250,2026-07-09,58,1
2026-09-05,Louis Vuitton,1920780,985,2026-07-04,63,9
2026-09-05,Louis Vuitton,1920980,1855,2026-07-09,58,9
2026-09-05,Louis Vuitton,1922105,945,2026-07-21,46,9
2026-09-05,Louis Vuitton,1922116,710,2026-07-20,47,9
2026-09-05,Louis Vuitton,1924029,3320,2026-07-16,51,9
2026-09-05,Louis Vuitton,1924978,470,2026-07-21,46,9
2026-09-05,Louis Vuitton,1925667,1660,2026-07-16,51,9
2026-09-05,Louis Vuitton,1925789,1075,2026-07-11,56,9
2026-09-05,Louis Vuitton,1925906,3495,2026-07-11,56,2
2026-09-05,Louis Vuitton,1926030,795,2026-07-30,37,1
2026-09-05,Louis Vuitton,1928758,1295,2026-08-11,25,4
2026-09-05,Louis Vuitton,1935301,1795,2026-07-22,45,9
2026-09-05,Louis Vuitton,1935794,2085,2026-07-18,49,9
2026-09-05,Louis Vuitton,1935884,1040,2026-07-18,49,9
2026-09-05,Louis Vuitton,1936033,795,2026-08-08,28,9
2026-09-05,Louis Vuitton,1936182,625,2026-09-01,4,4
2026-09-05,Louis Vuitton,1936621,2370,2026-07-21,46,9
2026-09-05,Louis Vuitton,1936919,1420,2026-07-20,47,9
2026-09-05,Louis Vuitton,1939662,2295,2026-08-05,31,8
2026-09-05,Louis Vuitton,1940573,1280,2026-07-25,42,9
2026-09-05,Louis Vuitton,1941896,2695,2026-08-04,32,9
2026-09-05,Louis Vuitton,1942872,550,2026-07-31,36,4
2026-09-05,Louis Vuitton,1945875,1995,2026-07-27,40,1
2026-09-05,Louis Vuitton,1946918,1550,2026-08-11,25,9
2026-09-05,Louis Vuitton,1946925,2295,2026-08-06,30,9
2026-09-05,Louis Vuitton,1947723,1095,2026-08-05,31,9
2026-09-05,Louis Vuitton,1948458,1095,2026-08-11,25,9
2026-09-05,Louis Vuitton,1948622,1450,2026-08-11,25,9
2026-09-05,Louis Vuitton,1948948,2550,2026-08-18,18,3
2026-09-05,Louis Vuitton,1949318,1450,2026-08-18,18,9
2026-09-05,Louis Vuitton,1949381,895,2026-08-18,18,4
2026-09-05,Louis Vuitton,1949480,750,2026-08-11,25,9
2026-09-05,Louis Vuitton,1949514,595,2026-08-11,25,9
2026-09-05,Louis Vuitton,1949723,2095,2026-08-18,18,9
2026-09-05,Louis Vuitton,1950312,1495,2026-08-05,31,9
2026-09-05,Louis Vuitton,1950989,1195,2026-08-13,23,9
2026-09-05,Louis Vuitton,1951591,710,2026-08-12,24,9
2026-09-05,Louis Vuitton,1952173,1495,2026-08-08,28,9
2026-09-05,Louis Vuitton,1952361,3495,2026-08-12,24,9
2026-09-05,Louis Vuitton,1952374,1095,2026-08-13,23,9
2026-09-05,Louis Vuitton,1952697,1350,2026-08-13,23,9
2026-09-05,Louis Vuitton,1953054,3195,2026-08-08,28,9
2026-09-05,Louis Vuitton,1953526,1950,2026-08-12,24,1
2026-09-05,Louis Vuitton,1953736,2395,2026-08-13,23,9
2026-09-05,Louis Vuitton,1954168,1350,2026-08-12,24,9
2026-09-05,Louis Vuitton,1954714,1595,2026-09-03,2,2
2026-09-05,Louis Vuitton,1954764,625,2026-09-01,4,4
2026-09-05,Louis Vuitton,1955375,795,2026-08-13,23,9
2026-09-05,Louis Vuitton,1955622,575,2026-09-03,2,2
2026-09-05,Louis Vuitton,1956194,1295,2026-08-25,11,9
2026-09-05,Louis Vuitton,1956393,675,2026-08-19,17,1
2026-09-05,Louis Vuitton,1956656,1995,2026-08-18,18,9
2026-09-05,Louis Vuitton,1956688,595,2026-08-27,9,9
2026-09-05,Louis Vuitton,1956957,995,2026-08-25,11,9
2026-09-05,Louis Vuitton,1957029,1250,2026-08-26,10,9
2026-09-05,Louis Vuitton,1957216,1495,2026-08-29,7,7
2026-09-05,Louis Vuitton,1957310,895,2026-08-21,15,9
2026-09-05,Louis Vuitton,1958255,1895,2026-08-20,16,9
2026-09-05,Louis Vuitton,1958372,1650,2026-08-20,16,9
2026-09-05,Louis Vuitton,1958426,1095,2026-08-26,10,9
2026-09-05,Louis Vuitton,1958690,995,2026-09-02,3,3
2026-09-05,Louis Vuitton,1959190,1595,2026-09-03,2,2
2026-09-05,Louis Vuitton,1959297,850,2026-08-25,11,2
2026-09-05,Louis Vuitton,1959453,995,2026-08-21,15,9
2026-09-05,Louis Vuitton,1960441,1595,2026-08-26,10,9
2026-09-05,Louis Vuitton,1960717,4695,2026-08-26,10,6
2026-09-05,Louis Vuitton,1960745,2095,2026-08-27,9,9
2026-09-05,Louis Vuitton,1961191,825,2026-08-24,12,9
2026-09-05,Louis Vuitton,1961225,1995,2026-08-29,7,7
2026-09-05,Louis Vuitton,1961369,1495,2026-09-01,4,4
2026-09-05,Louis Vuitton,1961416,795,2026-08-29,7,7
2026-09-05,Louis Vuitton,1961470,1650,2026-08-27,9,9
2026-09-05,Louis Vuitton,1961481,2295,2026-08-27,9,9
2026-09-05,Louis Vuitton,1961556,2595,2026-09-01,4,4
2026-09-05,Louis Vuitton,1962002,1550,2026-08-26,10,9
2026-09-05,Louis Vuitton,1962080,1495,2026-08-29,7,7
2026-09-05,Louis Vuitton,1962147,2195,2026-08-28,8,8
2026-09-05,Louis Vuitton,1962528,1295,2026-08-27,9,9
2026-09-05,Louis Vuitton,1962631,1050,2026-08-27,9,9
2026-09-05,Louis Vuitton,1963014,1650,2026-09-04,1,1
2026-09-05,Louis Vuitton,1963197,1695,2026-09-01,4,4
2026-09-05,Louis Vuitton,1963262,795,2026-09-03,2,2
2026-09-05,Louis Vuitton,1963780,1950,2026-09-01,4,4
2026-09-05,Louis Vuitton,1963819,1295,2026-08-28,8,8
2026-09-05,Louis Vuitton,1963974,4495,2026-08-28,8,8
2026-09-05,Louis Vuitton,1964448,595,2026-09-04,1,1
2026-09-05,Louis Vuitton,1964550,2595,2026-09-01,4,4
2026-09-05,Louis Vuitton,1964734,1995,2026-08-29,7,7
2026-09-05,Louis Vuitton,1964998,1895,2026-09-02,3,3
2026-09-05,Louis Vuitton,1965503,850,2026-09-02,3,3
2026-09-05,Louis Vuitton,1966661,2395,2026-09-04,1,1
2026-09-05,Louis Vuitton,1966888,1550,2026-09-04,1,1
2026-09-05,Louis Vuitton,1967167,2450,2026-09-04,1,1
2026-09-05,Louis Vuitton,1967222,2150,2026-09-04,1,1
2026-09-05,Louis Vuitton,1967683,2395,2026-09-04,1,1
2026-09-05,Louis Vuitton,1967985,850,2026-09-04,1,1
2026-09-05,Louis Vuitton,1968511,1395,2026-09-04,1,1
2026-09-05,Goyard,1830499,2150,2026-03-21,168,9
2026-09-05,Goyard,1856665,2150,2026-04-16,142,9
2026-09-05,Goyard,1863708,2150,2026-04-17,141,9
2026-09-05,Goyard,1901464,1825,2026-06-11,86,9
2026-09-05,Goyard,1904793,2150,2026-06-16,81,9
2026-09-05,Goyard,1906475,3130,2026-06-18,79,9
2026-09-05,Goyard,1929082,4320,2026-07-24,43,9
2026-09-05,Goyard,1938365,2750,2026-08-01,35,9
2026-09-05,Goyard,1938451,850,2026-08-04,32,9
2026-09-05,Goyard,1939046,1565,2026-07-30,37,9
2026-09-05,Goyard,1945233,2650,2026-08-04,32,9
2026-09-05,Goyard,1947837,1595,2026-08-05,31,9
2026-09-05,Goyard,1953213,3995,2026-08-25,11,1
2026-09-05,Goyard,1953752,2595,2026-08-19,17,9
2026-09-05,Goyard,1957552,3795,2026-08-25,11,9
2026-09-05,Goyard,1964633,2895,2026-08-26,10,9
2026-09-05,Dior,1838610,1095,2026-07-17,50,9
2026-09-05,Dior,1859454,3445,2026-05-05,123,9
2026-09-05,Dior,1862602,1995,2026-04-17,141,8
2026-09-05,Dior,1863513,1895,2026-04-24,134,9
2026-09-05,Dior,1876846,20995,2026-05-13,115,6
2026-09-05,Dior,1879408,2750,2026-05-28,100,1
2026-09-05,Dior,1886658,1435,2026-05-20,108,9
2026-09-05,Dior,1887135,18995,2026-05-23,105,5
2026-09-05,Dior,1913618,1895,2026-06-22,75,1
2026-09-05,Dior,1915443,1975,2026-06-30,67,9
2026-09-05,Dior,1918774,2695,2026-07-08,59,9
2026-09-05,Dior,1925464,2295,2026-07-11,56,3
2026-09-05,Dior,1926007,2845,2026-07-16,51,9
2026-09-05,Dior,1939084,3320,2026-07-24,43,1
2026-09-05,Dior,1946403,795,2026-08-12,24,9
2026-09-05,Dior,1948572,2795,2026-08-19,17,9
2026-09-05,Dior,1950400,1595,2026-08-13,23,9
2026-09-05,Dior,1950778,2095,2026-08-15,21,9
2026-09-05,Dior,1954635,2895,2026-08-19,17,9
2026-09-05,Dior,1960912,3895,2026-08-27,9,9
2026-09-05,Dior,1962514,3395,2026-08-27,9,9
2026-09-05,Dior,1962692,3595,2026-09-02,3,3
2026-09-05,Dior,1965791,3995,2026-09-03,2,2
2026-09-05,Dior,1965808,2295,2026-09-03,2,2
2026-09-05,Dior,1966662,3795,2026-09-04,1,1
2026-09-05,Fendi,1753770,3085,2026-07-20,47,9
2026-09-05,Fendi,1804892,1690,2026-02-06,211,9
2026-09-05,Fendi,1814341,1400,2026-02-18,199,2
2026-09-05,Fendi,1833674,695,2026-05-15,113,9
2026-09-05,Fendi,1876792,360,2026-05-09,119,9
2026-09-05,Fendi,1886468,420,2026-05-21,107,9
2026-09-05,Fendi,1887794,2040,2026-05-28,100,9
2026-09-05,Fendi,1892296,1885,2026-07-06,61,9
2026-09-05,Fendi,1904869,1440,2026-06-13,84,9
2026-09-05,Fendi,1909440,1060,2026-06-19,78,9
2026-09-05,Fendi,1915558,1195,2026-06-30,67,3
2026-09-05,Fendi,1922639,715,2026-07-10,57,9
2026-09-05,Fendi,1938615,1350,2026-07-29,38,3
2026-09-05,Fendi,1941046,695,2026-08-07,29,9
2026-09-05,Fendi,1953826,450,2026-08-21,15,9
2026-09-05,Fendi,1958379,595,2026-08-26,10,9
2026-09-05,Fendi,1958417,1795,2026-08-25,11,9
2026-09-05,Fendi,1959787,1650,2026-08-21,15,9
2026-09-05,Fendi,1962574,1995,2026-09-04,1,1
2026-09-05,Fendi,1966295,650,2026-09-04,1,1
2026-09-05,Fendi,1968186,1220,2026-09-04,1,1
2026-09-05,The Row,1887768,1775,2026-05-23,105,9
2026-09-05,The Row,1893974,3320,2026-06-10,87,9
2026-09-05,The Row,1895982,3595,2026-06-08,89,9
2026-09-05,The Row,1903978,2035,2026-06-16,81,9
2026-09-05,The Row,1914008,2095,2026-06-22,75,9
2026-09-05,The Row,1918061,6265,2026-07-10,57,9
2026-09-05,The Row,1947927,6750,2026-08-19,17,9
2026-09-05,The Row,1948976,5495,2026-08-19,17,4
2026-09-05,The Row,1959125,2295,2026-08-28,8,8
2026-09-05,The Row,1961591,1750,2026-08-27,9,9
2026-09-05,Cartier,1736212,2250,2025-10-23,317,9
2026-09-05,Cartier,1841335,1295,2026-04-08,150,9
2026-09-05,Cartier,1872070,1055,2026-05-14,114,9
2026-09-05,Cartier,1877779,2205,2026-06-02,95,9
2026-09-05,Cartier,1878202,2295,2026-06-02,95,9
2026-09-05,Cartier,1880262,9600,2026-06-12,85,9
2026-09-05,Cartier,1904715,35850,2026-06-30,67,9
2026-09-05,Cartier,1928465,7650,2026-07-28,39,9
2026-09-05,Cartier,1928898,1525,2026-08-04,32,9
2026-09-05,Cartier,1937250,10500,2026-07-28,39,9
2026-09-05,Cartier,1937995,1150,2026-08-06,30,9
2026-09-05,Cartier,1938334,4150,2026-08-06,30,3
2026-09-05,Cartier,1938572,2495,2026-08-18,18,9
2026-09-05,Cartier,1938768,1195,2026-08-11,25,9
2026-09-05,Cartier,1940757,1050,2026-08-12,24,9
2026-09-05,Cartier,1947477,1350,2026-08-21,15,1
2026-09-05,Cartier,1947752,1350,2026-08-20,16,9
2026-09-05,Cartier,1952139,3500,2026-08-20,16,1
2026-09-05,Cartier,1959481,14495,2026-08-29,7,7
2026-09-06,Hermès,1781519,9495,2025-12-22,258,5
2026-09-06,Hermès,1782782,24995,2025-12-26,254,10
2026-09-06,Hermès,1787402,2250,2026-05-12,117,10
2026-09-06,Hermès,1790215,9500,2026-01-14,235,10
2026-09-06,Hermès,1805554,2565,2026-01-29,220,10
2026-09-06,Hermès,1814230,30735,2026-02-17,201,10
2026-09-06,Hermès,1818226,20350,2026-03-06,184,10
2026-09-06,Hermès,1820142,10200,2026-02-25,193,10
2026-09-06,Hermès,1833726,11695,2026-03-31,159,10
2026-09-06,Hermès,1835324,33995,2026-08-07,30,10
2026-09-06,Hermès,1838212,3495,2026-03-25,165,10
2026-09-06,Hermès,1853663,25250,2026-04-10,149,10
2026-09-06,Hermès,1854105,5485,2026-04-16,143,6
2026-09-06,Hermès,1857581,12250,2026-07-17,51,6
2026-09-06,Hermès,1859656,23950,2026-06-02,96,10
2026-09-06,Hermès,1867255,2845,2026-05-07,122,10
2026-09-06,Hermès,1868131,6315,2026-05-13,116,10
2026-09-06,Hermès,1873093,2360,2026-05-07,122,10
2026-09-06,Hermès,1883074,8795,2026-05-16,113,8
2026-09-06,Hermès,1894084,16995,2026-06-12,86,4
2026-09-06,Hermès,1895575,3890,2026-06-08,90,10
2026-09-06,Hermès,1913390,1695,2026-06-27,71,1
2026-09-06,Hermès,1913885,3865,2026-07-02,66,10
2026-09-06,Hermès,1916013,3775,2026-07-08,60,10
2026-09-06,Hermès,1917908,695,2026-07-15,53,10
2026-09-06,Hermès,1919227,6855,2026-07-10,58,10
2026-09-06,Hermès,1923337,8830,2026-07-09,59,10
2026-09-06,Hermès,1923607,8545,2026-07-09,59,10
2026-09-06,Hermès,1943138,4295,2026-08-08,29,10
2026-09-06,Hermès,1943165,3295,2026-08-01,36,10
2026-09-06,Hermès,1945401,6595,2026-08-05,32,5
2026-09-06,Hermès,1947494,29995,2026-08-11,26,10
2026-09-06,Hermès,1948249,5995,2026-08-06,31,10
2026-09-06,Hermès,1950846,850,2026-08-08,29,10
2026-09-06,Hermès,1950980,16995,2026-08-08,29,10
2026-09-06,Hermès,1952051,24995,2026-08-20,17,10
2026-09-06,Hermès,1955030,3295,2026-08-26,11,10
2026-09-06,Hermès,1960109,2895,2026-09-03,3,3
2026-09-06,Hermès,1960120,32995,2026-09-04,2,2
2026-09-06,Hermès,1961127,8395,2026-09-05,1,1
2026-09-06,Hermès,1962131,32995,2026-09-01,5,1
2026-09-06,Hermès,1962850,19995,2026-09-01,5,5
2026-09-06,Hermès,1962870,23995,2026-09-01,5,5
2026-09-06,Hermès,1963387,5975,2026-08-29,8,8
2026-09-06,Chanel,1633676,2750,2025-06-17,446,10
2026-09-06,Chanel,1657964,1595,2025-06-18,445,3
2026-09-06,Chanel,1712933,5650,2025-09-11,360,10
2026-09-06,Chanel,1779323,5580,2026-01-02,247,10
2026-09-06,Chanel,1794164,7010,2026-01-16,233,10
2026-09-06,Chanel,1796105,1890,2026-01-22,227,10
2026-09-06,Chanel,1796222,2750,2026-01-16,233,10
2026-09-06,Chanel,1799585,4985,2026-01-31,218,10
2026-09-06,Chanel,1813992,6475,2026-02-20,198,1
2026-09-06,Chanel,1817128,4695,2026-04-02,157,10
2026-09-06,Chanel,1818054,3500,2026-02-18,200,10
2026-09-06,Chanel,1821672,2500,2026-02-28,190,10
2026-09-06,Chanel,1825488,2795,2026-02-28,190,10
2026-09-06,Chanel,1827675,1450,2026-03-27,163,10
2026-09-06,Chanel,1838611,1495,2026-07-18,50,10
2026-09-06,Chanel,1841424,4150,2026-03-28,162,10
2026-09-06,Chanel,1844410,5650,2026-04-01,158,10
2026-09-06,Chanel,1846774,9495,2026-04-14,145,10
2026-09-06,Chanel,1848802,2465,2026-04-22,137,10
2026-09-06,Chanel,1849698,2845,2026-04-08,151,1
2026-09-06,Chanel,1851509,3735,2026-04-04,155,10
2026-09-06,Chanel,1853516,4595,2026-04-14,145,10
2026-09-06,Chanel,1856949,2335,2026-04-13,146,10
2026-09-06,Chanel,1862571,5220,2026-04-17,142,10
2026-09-06,Chanel,1862738,1995,2026-04-24,135,10
2026-09-06,Chanel,1871326,2465,2026-05-11,118,10
2026-09-06,Chanel,1874992,6995,2026-06-09,89,10
2026-09-06,Chanel,1877334,7195,2026-05-11,118,10
2026-09-06,Chanel,1878768,3595,2026-05-11,118,10
2026-09-06,Chanel,1879146,1720,2026-05-13,116,10
2026-09-06,Chanel,1881871,3450,2026-07-02,66,10
2026-09-06,Chanel,1881877,1795,2026-06-30,68,10
2026-09-06,Chanel,1885577,4595,2026-05-21,108,10
2026-09-06,Chanel,1885974,5595,2026-05-28,101,10
2026-09-06,Chanel,1887793,1525,2026-05-22,107,10
2026-09-06,Chanel,1888237,3820,2026-05-27,102,10
2026-09-06,Chanel,1891213,4470,2026-06-09,89,10
2026-09-06,Chanel,1892602,2295,2026-06-08,90,10
2026-09-06,Chanel,1892795,1525,2026-06-05,93,10
2026-09-06,Chanel,1895572,6455,2026-06-08,90,10
2026-09-06,Chanel,1901627,2025,2026-06-09,89,10
2026-09-06,Chanel,1901716,2375,2026-06-09,89,10
2026-09-06,Chanel,1902237,3055,2026-06-10,88,10
2026-09-06,Chanel,1903780,2715,2026-06-12,86,10
2026-09-06,Chanel,1903968,1895,2026-06-12,86,10
2026-09-06,Chanel,1907338,1295,2026-06-23,75,10
2026-09-06,Chanel,1907906,4375,2026-06-17,81,10
2026-09-06,Chanel,1909621,3990,2026-06-19,79,10
2026-09-06,Chanel,1911738,11925,2026-06-23,75,10
2026-09-06,Chanel,1912463,2515,2026-07-01,67,10
2026-09-06,Chanel,1912700,3930,2026-07-10,58,10
2026-09-06,Chanel,1913205,3795,2026-06-20,78,10
2026-09-06,Chanel,1914286,5755,2026-06-23,75,10
2026-09-06,Chanel,1914650,3595,2026-07-23,45,6
2026-09-06,Chanel,1915707,4495,2026-07-02,66,10
2026-09-06,Chanel,1918355,1995,2026-06-30,68,9
2026-09-06,Chanel,1918884,6595,2026-07-10,58,2
2026-09-06,Chanel,1923006,1885,2026-07-11,57,10
2026-09-06,Chanel,1923713,5485,2026-07-08,60,10
2026-09-06,Chanel,1925327,9495,2026-07-15,53,10
2026-09-06,Chanel,1927542,9020,2026-07-22,46,10
2026-09-06,Chanel,1937344,2225,2026-07-20,48,6
2026-09-06,Chanel,1939778,4195,2026-08-05,32,4
2026-09-06,Chanel,1939927,2845,2026-07-31,37,10
2026-09-06,Chanel,1941395,2895,2026-08-04,33,10
2026-09-06,Chanel,1941485,3605,2026-08-05,32,1
2026-09-06,Chanel,1941703,7690,2026-07-29,39,1
2026-09-06,Chanel,1941885,5795,2026-07-30,38,10
2026-09-06,Chanel,1943398,4595,2026-08-04,33,10
2026-09-06,Chanel,1944667,6850,2026-08-11,26,10
2026-09-06,Chanel,1944923,7195,2026-07-31,37,10
2026-09-06,Chanel,1945221,12500,2026-07-28,40,10
2026-09-06,Chanel,1946871,5795,2026-08-07,30,10
2026-09-06,Chanel,1947786,4495,2026-08-11,26,10
2026-09-06,Chanel,1947889,3495,2026-08-08,29,10
2026-09-06,Chanel,1948246,4095,2026-08-08,29,10
2026-09-06,Chanel,1948561,1850,2026-08-08,29,10
2026-09-06,Chanel,1949015,2595,2026-08-06,31,10
2026-09-06,Chanel,1951615,4250,2026-08-22,15,10
2026-09-06,Chanel,1951957,3995,2026-08-08,29,8
2026-09-06,Chanel,1952189,5095,2026-08-08,29,10
2026-09-06,Chanel,1954085,3175,2026-08-14,23,10
2026-09-06,Chanel,1954109,9450,2026-08-21,16,1
2026-09-06,Chanel,1955657,5500,2026-08-14,23,10
2026-09-06,Chanel,1955870,13500,2026-08-18,19,9
2026-09-06,Chanel,1956339,9595,2026-08-24,13,10
2026-09-06,Chanel,1957543,3395,2026-08-25,12,10
2026-09-06,Chanel,1957750,5750,2026-08-25,12,5
2026-09-06,Chanel,1957966,10095,2026-08-22,15,10
2026-09-06,Chanel,1958309,2695,2026-09-01,5,5
2026-09-06,Chanel,1958641,9275,2026-08-26,11,10
2026-09-06,Chanel,1958719,3025,2026-08-26,11,10
2026-09-06,Chanel,1959044,2550,2026-08-26,11,10
2026-09-06,Chanel,1959558,7195,2026-08-21,16,10
2026-09-06,Chanel,1959903,5195,2026-08-22,15,3
2026-09-06,Chanel,1960275,8500,2026-08-24,13,10
2026-09-06,Chanel,1961303,7275,2026-08-27,10,10
2026-09-06,Chanel,1962960,4695,2026-08-27,10,6
2026-09-06,Chanel,1963714,2595,2026-09-01,5,5
2026-09-06,Chanel,1964023,3195,2026-08-28,9,9
2026-09-06,Chanel,1964028,8375,2026-09-01,5,5
2026-09-06,Chanel,1964747,2650,2026-09-02,4,4
2026-09-06,Chanel,1965224,1595,2026-09-04,2,2
2026-09-06,Chanel,1965739,5995,2026-09-04,2,2
2026-09-06,Chanel,1965935,8995,2026-09-01,5,5
2026-09-06,Chanel,1965945,8395,2026-09-01,5,5
2026-09-06,Chanel,1966268,3450,2026-09-05,1,1
2026-09-06,Chanel,1966482,8095,2026-09-05,1,1
2026-09-06,Chanel,1968366,2550,2026-09-05,1,1
2026-09-06,Louis Vuitton,1778826,2195,2026-07-20,48,10
2026-09-06,Louis Vuitton,1805618,2120,2026-03-10,180,10
2026-09-06,Louis Vuitton,1807290,900,2026-02-28,190,10
2026-09-06,Louis Vuitton,1810486,1000,2026-02-18,200,10
2026-09-06,Louis Vuitton,1826878,760,2026-05-15,114,10
2026-09-06,Louis Vuitton,1837373,715,2026-03-25,165,10
2026-09-06,Louis Vuitton,1838418,2155,2026-03-18,172,10
2026-09-06,Louis Vuitton,1843845,8195,2026-04-08,151,10
2026-09-06,Louis Vuitton,1845357,1095,2026-04-04,155,10
2026-09-06,Louis Vuitton,1845613,1295,2026-04-02,157,10
2026-09-06,Louis Vuitton,1846946,765,2026-04-24,135,4
2026-09-06,Louis Vuitton,1853129,950,2026-04-10,149,10
2026-09-06,Louis Vuitton,1860640,1470,2026-04-21,138,10
2026-09-06,Louis Vuitton,1867738,1230,2026-07-17,51,10
2026-09-06,Louis Vuitton,1870226,1795,2026-04-30,129,6
2026-09-06,Louis Vuitton,1870736,2395,2026-05-01,128,10
2026-09-06,Louis Vuitton,1871456,1035,2026-05-02,127,10
2026-09-06,Louis Vuitton,1872307,1195,2026-05-05,124,10
2026-09-06,Louis Vuitton,1874168,2650,2026-06-11,87,8
2026-09-06,Louis Vuitton,1874859,2465,2026-05-18,111,10
2026-09-06,Louis Vuitton,1876972,625,2026-06-01,97,10
2026-09-06,Louis Vuitton,1878084,1275,2026-05-21,108,10
2026-09-06,Louis Vuitton,1878187,1595,2026-05-16,113,10
2026-09-06,Louis Vuitton,1882162,2150,2026-05-16,113,10
2026-09-06,Louis Vuitton,1884338,1050,2026-05-23,106,10
2026-09-06,Louis Vuitton,1886759,1795,2026-06-12,86,10
2026-09-06,Louis Vuitton,1892141,1355,2026-06-04,94,10
2026-09-06,Louis Vuitton,1896097,1060,2026-06-08,90,10
2026-09-06,Louis Vuitton,1901982,1910,2026-06-10,88,8
2026-09-06,Louis Vuitton,1907125,1100,2026-06-22,76,10
2026-09-06,Louis Vuitton,1907462,945,2026-06-24,74,10
2026-09-06,Louis Vuitton,1907915,1485,2026-07-02,66,10
2026-09-06,Louis Vuitton,1908237,805,2026-07-02,66,10
2026-09-06,Louis Vuitton,1908330,765,2026-07-08,60,10
2026-09-06,Louis Vuitton,1908467,1615,2026-06-30,68,10
2026-09-06,Louis Vuitton,1909069,2995,2026-06-25,73,3
2026-09-06,Louis Vuitton,1910342,1325,2026-06-24,74,10
2026-09-06,Louis Vuitton,1913495,530,2026-06-23,75,6
2026-09-06,Louis Vuitton,1913698,1215,2026-06-27,71,10
2026-09-06,Louis Vuitton,1914411,855,2026-06-24,74,10
2026-09-06,Louis Vuitton,1915519,1215,2026-07-02,66,10
2026-09-06,Louis Vuitton,1915908,2515,2026-06-24,74,10
2026-09-06,Louis Vuitton,1918249,2195,2026-07-08,60,10
2026-09-06,Louis Vuitton,1918255,740,2026-06-27,71,10
2026-09-06,Louis Vuitton,1919234,1395,2026-07-14,54,10
2026-09-06,Louis Vuitton,1919791,2275,2026-07-08,60,10
2026-09-06,Louis Vuitton,1922060,995,2026-07-29,39,10
2026-09-06,Louis Vuitton,1922533,1495,2026-07-16,52,10
2026-09-06,Louis Vuitton,1923116,1040,2026-07-14,54,10
2026-09-06,Louis Vuitton,1923880,900,2026-07-15,53,10
2026-09-06,Louis Vuitton,1935013,850,2026-07-23,45,10
2026-09-06,Louis Vuitton,1935628,1795,2026-07-22,46,10
2026-09-06,Louis Vuitton,1935708,710,2026-07-25,43,10
2026-09-06,Louis Vuitton,1935842,945,2026-07-18,50,10
2026-09-06,Louis Vuitton,1936007,795,2026-08-07,30,10
2026-09-06,Louis Vuitton,1936243,1895,2026-09-03,3,3
2026-09-06,Louis Vuitton,1936377,1800,2026-07-23,45,10
2026-09-06,Louis Vuitton,1937248,2650,2026-08-01,36,10
2026-09-06,Louis Vuitton,1937904,2650,2026-08-05,32,10
2026-09-06,Louis Vuitton,1938000,1040,2026-07-29,39,10
2026-09-06,Louis Vuitton,1938614,9975,2026-07-22,46,10
2026-09-06,Louis Vuitton,1939184,805,2026-07-29,39,10
2026-09-06,Louis Vuitton,1939246,1610,2026-07-30,38,3
2026-09-06,Louis Vuitton,1939355,1230,2026-07-24,44,10
2026-09-06,Louis Vuitton,1941319,1395,2026-07-28,40,10
2026-09-06,Louis Vuitton,1942478,690,2026-07-31,37,10
2026-09-06,Louis Vuitton,1943517,2610,2026-07-31,37,10
2026-09-06,Louis Vuitton,1944931,1735,2026-07-31,37,10
2026-09-06,Louis Vuitton,1945519,3250,2026-08-14,23,10
2026-09-06,Louis Vuitton,1946541,895,2026-08-14,23,10
2026-09-06,Louis Vuitton,1947101,1095,2026-08-07,30,10
2026-09-06,Louis Vuitton,1947374,1795,2026-08-14,23,9
2026-09-06,Louis Vuitton,1947844,2750,2026-08-07,30,5
2026-09-06,Louis Vuitton,1947858,1375,2026-08-14,23,1
2026-09-06,Louis Vuitton,1948386,750,2026-08-11,26,10
2026-09-06,Louis Vuitton,1948449,1195,2026-08-11,26,10
2026-09-06,Louis Vuitton,1948689,875,2026-08-14,23,10
2026-09-06,Louis Vuitton,1949214,2150,2026-08-07,30,9
2026-09-06,Louis Vuitton,1949586,1695,2026-08-07,30,10
2026-09-06,Louis Vuitton,1949821,1350,2026-08-11,26,10
2026-09-06,Louis Vuitton,1949984,995,2026-08-11,26,10
2026-09-06,Louis Vuitton,1950533,695,2026-08-12,25,10
2026-09-06,Louis Vuitton,1951011,1195,2026-08-07,30,10
2026-09-06,Louis Vuitton,1951170,1995,2026-08-12,25,10
2026-09-06,Louis Vuitton,1951735,2195,2026-08-14,23,7
2026-09-06,Louis Vuitton,1951824,2195,2026-08-07,30,10
2026-09-06,Louis Vuitton,1952157,2195,2026-08-08,29,10
2026-09-06,Louis Vuitton,1952733,4050,2026-08-18,19,10
2026-09-06,Louis Vuitton,1953090,1450,2026-08-12,25,10
2026-09-06,Louis Vuitton,1954220,2995,2026-08-18,19,10
2026-09-06,Louis Vuitton,1954840,1195,2026-09-04,2,2
2026-09-06,Louis Vuitton,1955036,895,2026-08-15,22,10
2026-09-06,Louis Vuitton,1955196,2250,2026-08-22,15,4
2026-09-06,Louis Vuitton,1955299,2295,2026-08-13,24,10
2026-09-06,Louis Vuitton,1955603,1795,2026-08-19,18,10
2026-09-06,Louis Vuitton,1956696,1395,2026-08-27,10,10
2026-09-06,Louis Vuitton,1957259,3695,2026-08-27,10,10
2026-09-06,Louis Vuitton,1958512,1495,2026-08-21,16,10
2026-09-06,Louis Vuitton,1958941,1750,2026-09-01,5,5
2026-09-06,Louis Vuitton,1959091,995,2026-08-27,10,10
2026-09-06,Louis Vuitton,1959726,750,2026-08-20,17,9
2026-09-06,Louis Vuitton,1959750,2295,2026-09-01,5,5
2026-09-06,Louis Vuitton,1960159,1295,2026-08-27,10,10
2026-09-06,Louis Vuitton,1960171,2550,2026-08-27,10,10
2026-09-06,Louis Vuitton,1960248,985.5,2026-08-19,18,10
2026-09-06,Louis Vuitton,1960967,1850,2026-08-27,10,10
2026-09-06,Louis Vuitton,1961073,725,2026-08-27,10,10
2026-09-06,Louis Vuitton,1962393,1750,2026-08-28,9,1
2026-09-06,Louis Vuitton,1962794,1495,2026-09-04,2,2
2026-09-06,Louis Vuitton,1963151,1695,2026-08-25,12,4
2026-09-06,Louis Vuitton,1963176,1950,2026-08-25,12,10
2026-09-06,Louis Vuitton,1963254,850,2026-09-03,3,3
2026-09-06,Louis Vuitton,1963374,950,2026-08-29,8,8
2026-09-06,Louis Vuitton,1963392,2295,2026-09-03,3,3
2026-09-06,Louis Vuitton,1963465,1395,2026-09-01,5,5
2026-09-06,Louis Vuitton,1964089,1850,2026-09-03,3,3
2026-09-06,Louis Vuitton,1964469,1750,2026-09-04,2,2
2026-09-06,Louis Vuitton,1964545,595,2026-09-02,4,4
2026-09-06,Louis Vuitton,1964779,1795,2026-09-01,5,5
2026-09-06,Louis Vuitton,1965126,3595,2026-09-03,3,3
2026-09-06,Louis Vuitton,1965133,1495,2026-08-28,9,9
2026-09-06,Louis Vuitton,1965183,850,2026-09-03,3,3
2026-09-06,Louis Vuitton,1965570,1650,2026-08-28,9,9
2026-09-06,Louis Vuitton,1966006,2295,2026-09-02,4,1
2026-09-06,Louis Vuitton,1966102,1750,2026-09-01,5,5
2026-09-06,Louis Vuitton,1966114,1295,2026-09-04,2,2
2026-09-06,Louis Vuitton,1966451,11500,2026-08-29,8,8
2026-09-06,Louis Vuitton,1966455,1750,2026-09-05,1,1
2026-09-06,Louis Vuitton,1966686,1350,2026-09-04,2,2
2026-09-06,Louis Vuitton,1967162,1095,2026-09-04,2,2
2026-09-06,Louis Vuitton,1967308,1595,2026-09-05,1,1
2026-09-06,Louis Vuitton,1967648,1850,2026-09-04,2,2
2026-09-06,Louis Vuitton,1967981,625,2026-09-05,1,1
2026-09-06,Louis Vuitton,1968034,850,2026-09-04,2,2
2026-09-06,Louis Vuitton,1968455,2350,2026-09-04,2,2
2026-09-06,Louis Vuitton,1969028,850,2026-09-05,1,1
2026-09-06,Goyard,1869777,2620,2026-04-30,129,10
2026-09-06,Goyard,1910193,2785,2026-06-29,69,8
2026-09-06,Goyard,1928140,2275,2026-07-23,45,10
2026-09-06,Goyard,1943763,1950,2026-08-01,36,10
2026-09-06,Goyard,1950224,2595,2026-08-22,15,10
2026-09-06,Dior,1798707,1860,2026-01-21,228,10
2026-09-06,Dior,1839663,1625,2026-04-02,157,10
2026-09-06,Dior,1880467,785,2026-05-14,115,10
2026-09-06,Dior,1883886,1675,2026-05-18,111,10
2026-09-06,Dior,1901826,3495,2026-06-19,79,10
2026-09-06,Dior,1908851,1185,2026-06-18,80,10
2026-09-06,Dior,1917288,2965,2026-06-27,71,10
2026-09-06,Dior,1921841,3235,2026-07-08,60,10
2026-09-06,Dior,1922962,1435,2026-07-04,64,10
2026-09-06,Dior,1924720,2695,2026-07-10,58,10
2026-09-06,Dior,1927322,2465,2026-07-21,47,10
2026-09-06,Dior,1935426,2325,2026-07-28,40,10
2026-09-06,Dior,1940309,1895,2026-07-25,43,10
2026-09-06,Dior,1946739,795,2026-08-11,26,10
2026-09-06,Dior,1956783,1795,2026-08-21,16,3
2026-09-06,Dior,1956785,1695,2026-08-25,12,10
2026-09-06,Dior,1958809,2495,2026-08-24,13,10
2026-09-06,Dior,1961076,1850,2026-08-27,10,10
2026-09-06,Dior,1962734,1750,2026-08-27,10,10
2026-09-06,Dior,1963450,2395,2026-08-28,9,9
2026-09-06,Dior,1964444,3695,2026-09-04,2,2
2026-09-06,Dior,1965437,3295,2026-09-02,4,1
2026-09-06,Dior,1966109,2495,2026-09-05,1,1
2026-09-06,Dior,1966749,1295,2026-09-04,2,2
2026-09-06,Fendi,1839232,460,2026-03-31,159,10
2026-09-06,Fendi,1872382,1045,2026-05-04,125,10
2026-09-06,Fendi,1880415,1515,2026-05-15,114,10
2026-09-06,Fendi,1900423,590,2026-06-12,86,10
2026-09-06,Fendi,1905063,250,2026-06-13,85,2
2026-09-06,Fendi,1913175,675,2026-07-07,61,10
2026-09-06,Fendi,1924459,985,2026-07-09,59,10
2026-09-06,Fendi,1938385,1515,2026-07-28,40,10
2026-09-06,Fendi,1955120,1895,2026-08-21,16,10
2026-09-06,Fendi,1958658,2795,2026-08-27,10,10
2026-09-06,Fendi,1960138,1050,2026-09-02,4,4
2026-09-06,Fendi,1961855,1195,2026-08-28,9,9
2026-09-06,Fendi,1963456,1050,2026-09-02,4,4
2026-09-06,Fendi,1964679,1550,2026-09-02,4,4
2026-09-06,Fendi,1966410,1095,2026-09-05,1,1
2026-09-06,Fendi,1967891,4595,2026-09-04,2,2
2026-09-06,Fendi,1967894,7595,2026-09-05,1,1
2026-09-06,The Row,1817859,6485,2026-03-13,177,10
2026-09-06,The Row,1857593,3370,2026-04-15,144,10
2026-09-06,The Row,1862749,1755,2026-04-24,135,10
2026-09-06,The Row,1871864,1695,2026-05-05,124,10
2026-09-06,The Row,1877835,2085,2026-05-01,128,10
2026-09-06,The Row,1891518,1995,2026-06-01,97,10
2026-09-06,The Row,1914933,1425,2026-07-08,60,10
2026-09-06,The Row,1966282,1650,2026-09-04,2,2
2026-09-06,The Row,1967408,1795,2026-09-05,1,1
2026-09-06,Cartier,1715116,1675,2025-10-04,337,9
2026-09-06,Cartier,1840877,3685,2026-03-28,162,10
2026-09-06,Cartier,1876907,930,2026-06-12,86,10
2026-09-06,Cartier,1883907,1315,2026-06-12,86,10
2026-09-06,Cartier,1890971,2450,2026-06-11,87,10
2026-09-06,Cartier,1902942,1095,2026-06-17,81,10
2026-09-06,Cartier,1903820,1035,2026-06-24,74,10
2026-09-06,Cartier,1906961,5395,2026-07-04,64,10
2026-09-06,Cartier,1908675,1075,2026-06-27,71,10
2026-09-06,Cartier,1924107,1660,2026-07-28,40,10
2026-09-06,Cartier,1925338,8545,2026-07-28,40,10
2026-09-06,Cartier,1934968,7360,2026-07-29,39,10
2026-09-06,Cartier,1940525,4650,2026-08-20,17,10
2026-09-06,Cartier,1940531,7250,2026-08-12,25,10
2026-09-06,Cartier,1944022,1095,2026-08-20,17,10
2026-09-06,Cartier,1955433,11495,2026-08-29,8,8
2026-09-06,Cartier,1956202,1595,2026-08-29,8,8
2026-09-06,Cartier,1958801,6895,2026-08-29,8,8
2026-09-07,Hermès,1695794,10950,2025-08-16,387,10
2026-09-07,Hermès,1777070,4670,2025-12-16,265,11
2026-09-07,Hermès,1793470,3220,2026-01-13,237,11
2026-09-07,Hermès,1797787,14410,2026-01-17,233,11
2026-09-07,Hermès,1839182,2435,2026-03-20,171,11
2026-09-07,Hermès,1847717,4365,2026-04-17,143,11
2026-09-07,Hermès,1859662,2940,2026-08-26,12,11
2026-09-07,Hermès,1869858,3195,2026-05-13,117,11
2026-09-07,Hermès,1876744,8245,2026-05-11,119,11
2026-09-07,Hermès,1891886,4415,2026-06-12,87,11
2026-09-07,Hermès,1901949,28995,2026-06-09,90,11
2026-09-07,Hermès,1902339,3055,2026-06-10,89,11
2026-09-07,Hermès,1903224,3480,2026-06-11,88,11
2026-09-07,Hermès,1904818,14395,2026-06-29,70,11
2026-09-07,Hermès,1910648,8070,2026-06-19,80,11
2026-09-07,Hermès,1911228,7195,2026-07-01,68,11
2026-09-07,Hermès,1912060,8195,2026-06-22,77,3
2026-09-07,Hermès,1914445,15295,2026-07-04,65,1
2026-09-07,Hermès,1916870,3415,2026-07-09,60,11
2026-09-07,Hermès,1922420,2625,2026-07-04,65,11
2026-09-07,Hermès,1922926,2495,2026-07-10,59,11
2026-09-07,Hermès,1924391,3370,2026-07-22,47,11
2026-09-07,Hermès,1935387,5095,2026-07-18,51,11
2026-09-07,Hermès,1941880,2845,2026-07-29,40,7
2026-09-07,Hermès,1946502,1695,2026-08-19,19,11
2026-09-07,Hermès,1948839,3850,2026-08-08,30,11
2026-09-07,Hermès,1951130,4995,2026-08-12,26,11
2026-09-07,Hermès,1953353,1595,2026-08-18,20,11
2026-09-07,Hermès,1953711,1695,2026-08-27,11,11
2026-09-07,Hermès,1953836,28995,2026-08-19,19,11
2026-09-07,Hermès,1954001,11500,2026-08-22,16,11
2026-09-07,Hermès,1955178,9995,2026-08-14,24,6
2026-09-07,Hermès,1955713,13995,2026-08-19,19,11
2026-09-07,Hermès,1955950,2695,2026-08-18,20,4
2026-09-07,Hermès,1958844,38995,2026-08-20,18,11
2026-09-07,Hermès,1958845,20995,2026-08-26,12,11
2026-09-07,Hermès,1960184,3195,2026-08-27,11,11
2026-09-07,Hermès,1962052,6495,2026-08-29,9,9
2026-09-07,Hermès,1965013,35995,2026-08-29,9,9
2026-09-07,Hermès,1965722,6495,2026-08-29,9,9
2026-09-07,Hermès,1965997,3550,2026-09-04,3,3
2026-09-07,Hermès,1966225,24950,2026-09-04,3,3
2026-09-07,Hermès,1967411,4795,2026-09-05,2,2
2026-09-07,Chanel,1683104,595,2025-08-07,396,11
2026-09-07,Chanel,1706314,3195,2025-09-03,369,11
2026-09-07,Chanel,1738027,2750,2025-10-19,323,3
2026-09-07,Chanel,1752568,6595,2025-11-08,303,11
2026-09-07,Chanel,1757023,3775,2025-12-30,251,11
2026-09-07,Chanel,1780576,2995,2026-01-21,229,11
2026-09-07,Chanel,1790387,2325,2026-01-14,236,8
2026-09-07,Chanel,1800045,3495,2026-01-21,229,11
2026-09-07,Chanel,1802484,5890,2026-02-10,209,1
2026-09-07,Chanel,1805673,4200,2026-02-19,200,11
2026-09-07,Chanel,1810072,3415,2026-02-07,212,1
2026-09-07,Chanel,1814352,3250,2026-02-12,207,11
2026-09-07,Chanel,1823061,2645,2026-03-05,186,6
2026-09-07,Chanel,1829857,1390,2026-07-07,62,11
2026-09-07,Chanel,1845768,2135,2026-04-02,158,11
2026-09-07,Chanel,1848753,4265,2026-04-08,152,11
2026-09-07,Chanel,1856526,4650,2026-04-13,147,11
2026-09-07,Chanel,1859719,3495,2026-04-21,139,2
2026-09-07,Chanel,1863783,1795,2026-08-21,17,11
2026-09-07,Chanel,1864696,6645,2026-04-17,143,11
2026-09-07,Chanel,1865004,6455,2026-04-18,142,11
2026-09-07,Chanel,1866373,2995,2026-04-25,135,11
2026-09-07,Chanel,1867341,3605,2026-04-30,130,11
2026-09-07,Chanel,1870865,1420,2026-05-07,123,11
2026-09-07,Chanel,1871817,3650,2026-05-04,126,3
2026-09-07,Chanel,1874812,2375,2026-05-27,103,11
2026-09-07,Chanel,1878133,1995,2026-05-11,119,5
2026-09-07,Chanel,1878960,3595,2026-05-11,119,11
2026-09-07,Chanel,1881673,2295,2026-05-16,114,11
2026-09-07,Chanel,1881767,2750,2026-06-04,95,11
2026-09-07,Chanel,1883832,8545,2026-05-23,107,11
2026-09-07,Chanel,1885755,5800,2026-07-29,40,11
2026-09-07,Chanel,1887684,1705,2026-06-25,74,11
2026-09-07,Chanel,1887707,1420,2026-07-17,52,11
2026-09-07,Chanel,1895821,5945,2026-06-08,91,11
2026-09-07,Chanel,1899344,9975,2026-06-12,87,11
2026-09-07,Chanel,1902643,7900,2026-06-16,83,4
2026-09-07,Chanel,1902906,4650,2026-06-10,89,11
2026-09-07,Chanel,1903777,3395,2026-06-12,87,11
2026-09-07,Chanel,1903914,4595,2026-06-20,79,11
2026-09-07,Chanel,1908406,2550,2026-07-01,68,11
2026-09-07,Chanel,1908701,7995,2026-06-18,81,2
2026-09-07,Chanel,1909773,4855,2026-07-01,68,11
2026-09-07,Chanel,1916419,1595,2026-07-08,61,4
2026-09-07,Chanel,1918683,2925,2026-06-27,72,11
2026-09-07,Chanel,1919151,2050,2026-07-07,62,11
2026-09-07,Chanel,1920399,4745,2026-07-14,55,11
2026-09-07,Chanel,1921750,2095,2026-07-04,65,11
2026-09-07,Chanel,1925499,2500,2026-07-11,58,11
2026-09-07,Chanel,1928548,5695,2026-07-18,51,11
2026-09-07,Chanel,1935545,2655,2026-07-22,47,11
2026-09-07,Chanel,1936423,2180,2026-07-20,49,11
2026-09-07,Chanel,1937880,4250,2026-07-29,40,8
2026-09-07,Chanel,1942008,9450,2026-08-05,33,3
2026-09-07,Chanel,1943196,2295,2026-08-07,31,11
2026-09-07,Chanel,1944347,2595,2026-08-05,33,11
2026-09-07,Chanel,1944348,3395,2026-08-05,33,11
2026-09-07,Chanel,1946814,7500,2026-08-07,31,11
2026-09-07,Chanel,1947040,5980,2026-07-30,39,11
2026-09-07,Chanel,1947185,6295,2026-08-07,31,1
2026-09-07,Chanel,1947771,4595,2026-08-05,33,11
2026-09-07,Chanel,1947930,5250,2026-08-11,27,11
2026-09-07,Chanel,1948206,7525,2026-08-25,13,11
2026-09-07,Chanel,1949007,1595,2026-08-12,26,3
2026-09-07,Chanel,1949197,4750,2026-08-14,24,2
2026-09-07,Chanel,1951636,5595,2026-08-12,26,4
2026-09-07,Chanel,1952222,7695,2026-08-19,19,11
2026-09-07,Chanel,1954184,2895,2026-08-13,25,6
2026-09-07,Chanel,1954964,4595,2026-08-21,17,3
2026-09-07,Chanel,1956368,2775,2026-08-20,18,11
2026-09-07,Chanel,1956628,4950,2026-08-25,13,11
2026-09-07,Chanel,1958018,3475,2026-08-20,18,11
2026-09-07,Chanel,1958321,4395,2026-08-19,19,11
2026-09-07,Chanel,1961001,895,2026-09-05,2,1
2026-09-07,Chanel,1961770,7995,2026-08-25,13,6
2026-09-07,Chanel,1963098,2550,2026-09-02,5,3
2026-09-07,Chanel,1965436,3650,2026-09-01,6,6
2026-09-07,Chanel,1965456,9500,2026-09-03,4,4
2026-09-07,Chanel,1965859,1695,2026-08-31,7,7
2026-09-07,Chanel,1965870,2595,2026-09-03,4,1
2026-09-07,Chanel,1966152,6995,2026-09-01,6,6
2026-09-07,Chanel,1966626,1525,2026-09-05,2,2
2026-09-07,Chanel,1967832,5095,2026-09-05,2,2
2026-09-07,Louis Vuitton,1741121,670,2025-10-29,313,11
2026-09-07,Louis Vuitton,1788463,7535,2026-01-15,235,11
2026-09-07,Louis Vuitton,1788715,1595,2026-05-05,125,11
2026-09-07,Louis Vuitton,1796399,1060,2026-02-07,212,11
2026-09-07,Louis Vuitton,1800014,1950,2026-01-21,229,11
2026-09-07,Louis Vuitton,1819000,2250,2026-02-17,202,11
2026-09-07,Louis Vuitton,1821552,1715,2026-02-24,195,11
2026-09-07,Louis Vuitton,1821848,760,2026-03-06,185,11
2026-09-07,Louis Vuitton,1828715,2495,2026-03-25,166,11
2026-09-07,Louis Vuitton,1829733,1195,2026-07-07,62,11
2026-09-07,Louis Vuitton,1837698,2395,2026-03-18,173,4
2026-09-07,Louis Vuitton,1838432,1895,2026-03-17,174,11
2026-09-07,Louis Vuitton,1839588,1695,2026-03-26,165,11
2026-09-07,Louis Vuitton,1841352,2650,2026-04-15,145,11
2026-09-07,Louis Vuitton,1842452,795,2026-05-05,125,11
2026-09-07,Louis Vuitton,1844424,1505,2026-04-15,145,11
2026-09-07,Louis Vuitton,1847548,760,2026-04-23,137,11
2026-09-07,Louis Vuitton,1848854,1995,2026-04-16,144,11
2026-09-07,Louis Vuitton,1861043,1695,2026-04-23,137,8
2026-09-07,Louis Vuitton,1865149,535,2026-04-18,142,11
2026-09-07,Louis Vuitton,1868652,2395,2026-04-27,133,11
2026-09-07,Louis Vuitton,1869383,9595,2026-05-11,119,11
2026-09-07,Louis Vuitton,1874690,1800,2026-05-05,125,11
2026-09-07,Louis Vuitton,1876329,1565,2026-06-02,97,11
2026-09-07,Louis Vuitton,1879681,1615,2026-05-22,108,11
2026-09-07,Louis Vuitton,1883679,1295,2026-05-18,112,1
2026-09-07,Louis Vuitton,1884966,625,2026-06-02,97,11
2026-09-07,Louis Vuitton,1885078,950,2026-05-29,101,11
2026-09-07,Louis Vuitton,1888267,4950,2026-05-22,108,9
2026-09-07,Louis Vuitton,1889000,2155,2026-08-25,13,11
2026-09-07,Louis Vuitton,1890373,2080,2026-06-04,95,11
2026-09-07,Louis Vuitton,1890807,1295,2026-06-01,98,4
2026-09-07,Louis Vuitton,1891645,2495,2026-06-04,95,11
2026-09-07,Louis Vuitton,1892337,1995,2026-06-03,96,1
2026-09-07,Louis Vuitton,1893030,675,2026-06-06,93,11
2026-09-07,Louis Vuitton,1904279,1435,2026-06-24,75,11
2026-09-07,Louis Vuitton,1905128,1995,2026-06-13,86,11
2026-09-07,Louis Vuitton,1905229,975,2026-06-13,86,4
2026-09-07,Louis Vuitton,1906411,2715,2026-06-15,84,11
2026-09-07,Louis Vuitton,1906471,1950,2026-06-15,84,11
2026-09-07,Louis Vuitton,1907737,760,2026-06-17,82,11
2026-09-07,Louis Vuitton,1907870,1400,2026-06-17,82,11
2026-09-07,Louis Vuitton,1907924,1060,2026-06-18,81,11
2026-09-07,Louis Vuitton,1908244,2495,2026-06-17,82,11
2026-09-07,Louis Vuitton,1908323,715,2026-07-01,68,11
2026-09-07,Louis Vuitton,1909167,1440,2026-06-19,80,11
2026-09-07,Louis Vuitton,1910118,855,2026-06-19,80,11
2026-09-07,Louis Vuitton,1910129,2025,2026-07-02,67,11
2026-09-07,Louis Vuitton,1912344,1255,2026-06-29,70,11
2026-09-07,Louis Vuitton,1913046,1250,2026-07-30,39,11
2026-09-07,Louis Vuitton,1914322,1395,2026-06-24,75,11
2026-09-07,Louis Vuitton,1915527,625,2026-07-01,68,11
2026-09-07,Louis Vuitton,1916892,1435,2026-06-30,69,11
2026-09-07,Louis Vuitton,1917371,945,2026-06-29,70,11
2026-09-07,Louis Vuitton,1918167,1495,2026-06-29,70,11
2026-09-07,Louis Vuitton,1918481,3320,2026-07-11,58,11
2026-09-07,Louis Vuitton,1920085,2350,2026-07-01,68,1
2026-09-07,Louis Vuitton,1920695,895,2026-07-04,65,3
2026-09-07,Louis Vuitton,1921965,900,2026-07-23,46,11
2026-09-07,Louis Vuitton,1922081,1705,2026-07-21,48,11
2026-09-07,Louis Vuitton,1922216,3180,2026-07-20,49,11
2026-09-07,Louis Vuitton,1922491,2335,2026-07-04,65,11
2026-09-07,Louis Vuitton,1923393,1850,2026-07-14,55,11
2026-09-07,Louis Vuitton,1924032,1070,2026-07-30,39,11
2026-09-07,Louis Vuitton,1924601,950,2026-07-21,48,11
2026-09-07,Louis Vuitton,1926821,1050,2026-07-16,53,6
2026-09-07,Louis Vuitton,1927804,735,2026-07-17,52,11
2026-09-07,Louis Vuitton,1927941,3415,2026-07-17,52,11
2026-09-07,Louis Vuitton,1928061,2135,2026-07-17,52,11
2026-09-07,Louis Vuitton,1936682,1795,2026-07-21,48,11
2026-09-07,Louis Vuitton,1936883,1070,2026-07-23,46,11
2026-09-07,Louis Vuitton,1937235,1800,2026-07-20,49,11
2026-09-07,Louis Vuitton,1937324,850,2026-07-20,49,11
2026-09-07,Louis Vuitton,1937941,1095,2026-07-28,41,11
2026-09-07,Louis Vuitton,1939521,1895,2026-07-30,39,4
2026-09-07,Louis Vuitton,1940574,1800,2026-07-28,41,11
2026-09-07,Louis Vuitton,1940612,1800,2026-07-25,44,11
2026-09-07,Louis Vuitton,1941143,950,2026-08-21,17,11
2026-09-07,Louis Vuitton,1942306,695,2026-08-04,34,11
2026-09-07,Louis Vuitton,1942711,1135,2026-07-31,38,11
2026-09-07,Louis Vuitton,1944210,2595,2026-08-05,33,11
2026-09-07,Louis Vuitton,1944421,2495,2026-08-04,34,11
2026-09-07,Louis Vuitton,1944989,2695,2026-08-01,37,11
2026-09-07,Louis Vuitton,1947151,550,2026-08-19,19,11
2026-09-07,Louis Vuitton,1949210,1695,2026-08-05,33,11
2026-09-07,Louis Vuitton,1949318,1450,2026-08-18,20,1
2026-09-07,Louis Vuitton,1949361,2795,2026-08-11,27,11
2026-09-07,Louis Vuitton,1949380,1595,2026-08-11,27,8
2026-09-07,Louis Vuitton,1949469,1050,2026-08-11,27,11
2026-09-07,Louis Vuitton,1949948,2150,2026-08-18,20,6
2026-09-07,Louis Vuitton,1951156,1075,2026-08-13,25,11
2026-09-07,Louis Vuitton,1951376,3495,2026-08-13,25,11
2026-09-07,Louis Vuitton,1951673,2695,2026-08-12,26,11
2026-09-07,Louis Vuitton,1951704,3495,2026-08-07,31,11
2026-09-07,Louis Vuitton,1951793,1695,2026-08-12,26,11
2026-09-07,Louis Vuitton,1951980,1495,2026-08-12,26,2
2026-09-07,Louis Vuitton,1952386,1695,2026-08-19,19,11
2026-09-07,Louis Vuitton,1952789,1195,2026-08-12,26,11
2026-09-07,Louis Vuitton,1953556,2895,2026-08-18,20,7
2026-09-07,Louis Vuitton,1953610,2395,2026-08-12,26,11
2026-09-07,Louis Vuitton,1955051,1595,2026-08-13,25,11
2026-09-07,Louis Vuitton,1955840,1750,2026-08-14,24,11
2026-09-07,Louis Vuitton,1956015,995,2026-08-22,16,1
2026-09-07,Louis Vuitton,1956294,1250,2026-08-22,16,11
2026-09-07,Louis Vuitton,1956353,1655,2026-08-25,13,11
2026-09-07,Louis Vuitton,1956424,2695,2026-08-18,20,10
2026-09-07,Louis Vuitton,1957798,1995,2026-08-21,17,11
2026-09-07,Louis Vuitton,1957815,3595,2026-08-27,11,11
2026-09-07,Louis Vuitton,1958696,995,2026-08-24,14,5
2026-09-07,Louis Vuitton,1958743,1295,2026-08-26,12,11
2026-09-07,Louis Vuitton,1958944,450,2026-08-25,13,11
2026-09-07,Louis Vuitton,1959031,650,2026-08-27,11,11
2026-09-07,Louis Vuitton,1959710,1950,2026-08-24,14,11
2026-09-07,Louis Vuitton,1960188,1350,2026-08-25,13,2
2026-09-07,Louis Vuitton,1960466,1895,2026-09-03,4,4
2026-09-07,Louis Vuitton,1960716,750,2026-08-22,16,5
2026-09-07,Louis Vuitton,1961032,1695,2026-08-28,10,1
2026-09-07,Louis Vuitton,1961053,795,2026-08-27,11,5
2026-09-07,Louis Vuitton,1961214,1550,2026-08-29,9,9
2026-09-07,Louis Vuitton,1961246,1395,2026-08-28,10,10
2026-09-07,Louis Vuitton,1961976,1495,2026-08-26,12,11
2026-09-07,Louis Vuitton,1962115,1595,2026-08-27,11,11
2026-09-07,Louis Vuitton,1962618,1995,2026-08-26,12,11
2026-09-07,Louis Vuitton,1963117,1995,2026-09-05,2,2
2026-09-07,Louis Vuitton,1963273,595,2026-09-03,4,4
2026-09-07,Louis Vuitton,1964964,1495,2026-09-01,6,6
2026-09-07,Louis Vuitton,1965210,895,2026-09-04,3,3
2026-09-07,Louis Vuitton,1965239,1250,2026-09-04,3,3
2026-09-07,Louis Vuitton,1965893,1995,2026-09-04,3,3
2026-09-07,Louis Vuitton,1965979,1550,2026-09-01,6,6
2026-09-07,Louis Vuitton,1966343,1695,2026-09-04,3,3
2026-09-07,Louis Vuitton,1966346,1150,2026-09-05,2,2
2026-09-07,Louis Vuitton,1966452,750,2026-09-04,3,3
2026-09-07,Louis Vuitton,1966631,2450,2026-09-04,3,3
2026-09-07,Louis Vuitton,1966682,3295,2026-08-28,10,10
2026-09-07,Louis Vuitton,1966906,1450,2026-09-04,3,3
2026-09-07,Louis Vuitton,1967125,1195,2026-09-04,3,3
2026-09-07,Louis Vuitton,1967278,2250,2026-09-04,3,3
2026-09-07,Louis Vuitton,1967481,1195,2026-09-05,2,2
2026-09-07,Louis Vuitton,1967566,1450,2026-09-05,2,2
2026-09-07,Louis Vuitton,1967572,1850,2026-09-05,2,2
2026-09-07,Louis Vuitton,1967679,1950,2026-09-04,3,3
2026-09-07,Louis Vuitton,1967683,2395,2026-09-04,3,1
2026-09-07,Louis Vuitton,1968389,1150,2026-09-05,2,2
2026-09-07,Louis Vuitton,1968403,2150,2026-09-04,3,3
2026-09-07,Goyard,1828541,1750,2026-03-13,178,11
2026-09-07,Goyard,1909521,2560,2026-07-20,49,11
2026-09-07,Goyard,1951940,1950,2026-08-12,26,5
2026-09-07,Goyard,1953594,2250,2026-08-12,26,11
2026-09-07,Goyard,1953752,2595,2026-08-19,19,1
2026-09-07,Dior,1676446,3095,2025-08-29,374,11
2026-09-07,Dior,1767881,2370,2025-12-01,280,11
2026-09-07,Dior,1828879,2335,2026-03-05,186,11
2026-09-07,Dior,1836575,3145,2026-03-20,171,11
2026-09-07,Dior,1848938,1450,2026-04-16,144,11
2026-09-07,Dior,1873505,2195,2026-05-07,123,11
2026-09-07,Dior,1887738,1755,2026-05-28,102,11
2026-09-07,Dior,1892039,3995,2026-06-05,94,11
2026-09-07,Dior,1901271,1910,2026-06-09,90,11
2026-09-07,Dior,1902986,1095,2026-06-11,88,11
2026-09-07,Dior,1905006,2695,2026-06-13,86,3
2026-09-07,Dior,1909694,2385,2026-06-27,72,11
2026-09-07,Dior,1913419,4045,2026-07-01,68,11
2026-09-07,Dior,1928411,1895,2026-07-22,47,11
2026-09-07,Dior,1935653,975,2026-07-18,51,11
2026-09-07,Dior,1940383,3495,2026-08-18,20,11
2026-09-07,Dior,1946245,1750,2026-08-11,27,11
2026-09-07,Dior,1954900,1250,2026-08-22,16,11
2026-09-07,Dior,1956150,2295,2026-08-25,13,3
2026-09-07,Dior,1963488,2295,2026-09-02,5,2
2026-09-07,Dior,1965445,3195,2026-09-04,3,3
2026-09-07,Fendi,1824672,915,2026-03-03,188,11
2026-09-07,Fendi,1861235,3795,2026-04-22,138,11
2026-09-07,Fendi,1867991,2595,2026-04-27,133,11
2026-09-07,Fendi,1886179,795,2026-05-29,101,11
2026-09-07,Fendi,1887539,745,2026-05-27,103,11
2026-09-07,Fendi,1909372,2080,2026-06-27,72,2
2026-09-07,Fendi,1925120,615,2026-07-21,48,8
2026-09-07,Fendi,1928457,1195,2026-07-18,51,11
2026-09-07,Fendi,1931405,3890,2026-07-24,45,4
2026-09-07,Fendi,1958041,3695,2026-08-28,10,3
2026-09-07,Fendi,1960998,795,2026-08-27,11,11
2026-09-07,Fendi,1963720,3095,2026-09-01,6,6
2026-09-07,Fendi,1964455,1395,2026-09-03,4,4
2026-09-07,Fendi,1967619,1895,2026-09-04,3,3
2026-09-07,The Row,1936603,900,2026-07-24,45,11
2026-09-07,The Row,1950835,1095,2026-08-07,31,11
2026-09-07,The Row,1961289,1495,2026-08-28,10,10
2026-09-07,The Row,1963156,5495,2026-09-01,6,6
2026-09-07,The Row,1965549,1395,2026-09-02,5,5
2026-09-07,Cartier,1841330,2335,2026-04-08,152,11
2026-09-07,Cartier,1886835,1440,2026-06-10,89,11
2026-09-07,Cartier,1922259,1095,2026-08-11,27,11
2026-09-07,Cartier,1927589,1230,2026-07-29,40,11
2026-09-07,Cartier,1936823,5840,2026-07-29,40,11
2026-09-07,Cartier,1940693,3250,2026-08-06,32,11
2026-09-07,Cartier,1941685,4050,2026-08-11,27,11
2026-09-07,Cartier,1947178,1995,2026-09-05,2,2
2026-09-07,Cartier,1952799,895,2026-08-24,14,11
2026-09-08,Hermès,1773278,19500,2025-12-10,272,12
2026-09-08,Hermès,1813476,10995,2026-02-12,208,8
2026-09-08,Hermès,1814040,33915,2026-02-12,208,12
2026-09-08,Hermès,1821961,2835,2026-03-25,167,12
2026-09-08,Hermès,1827651,26995,2026-03-06,186,12
2026-09-08,Hermès,1833570,8795,2026-03-28,164,3
2026-09-08,Hermès,1835322,23995,2026-08-07,32,12
2026-09-08,Hermès,1844141,11995,2026-08-26,13,12
2026-09-08,Hermès,1845660,2250,2026-04-08,153,12
2026-09-08,Hermès,1847220,2375,2026-04-14,147,12
2026-09-08,Hermès,1848379,3845,2026-04-09,152,12
2026-09-08,Hermès,1854098,15950,2026-04-24,137,12
2026-09-08,Hermès,1855400,2420,2026-04-10,151,12
2026-09-08,Hermès,1856518,2895,2026-07-17,53,12
2026-09-08,Hermès,1862425,2965,2026-04-21,140,12
2026-09-08,Hermès,1868708,7845,2026-08-26,13,12
2026-09-08,Hermès,1875054,2295,2026-06-11,89,12
2026-09-08,Hermès,1875775,9995,2026-05-13,118,1
2026-09-08,Hermès,1877918,14595,2026-05-19,112,3
2026-09-08,Hermès,1881500,2165,2026-05-15,116,12
2026-09-08,Hermès,1884391,6410,2026-05-27,104,7
2026-09-08,Hermès,1885601,15295,2026-05-22,109,12
2026-09-08,Hermès,1886941,9450,2026-05-28,103,1
2026-09-08,Hermès,1887889,35995,2026-05-19,112,12
2026-09-08,Hermès,1890720,22055,2026-06-04,96,12
2026-09-08,Hermès,1893100,3205,2026-06-05,95,12
2026-09-08,Hermès,1905883,10195,2026-06-15,85,12
2026-09-08,Hermès,1907902,7915,2026-06-25,75,12
2026-09-08,Hermès,1908339,14035,2026-07-02,68,12
2026-09-08,Hermès,1908686,13045,2026-06-27,73,12
2026-09-08,Hermès,1909678,1885,2026-07-01,69,12
2026-09-08,Hermès,1916771,3525,2026-07-07,63,12
2026-09-08,Hermès,1922736,3130,2026-07-15,55,12
2026-09-08,Hermès,1926228,22320,2026-07-24,46,6
2026-09-08,Hermès,1926397,5980,2026-07-16,54,12
2026-09-08,Hermès,1935107,25600,2026-07-24,46,12
2026-09-08,Hermès,1935948,3700,2026-07-20,50,12
2026-09-08,Hermès,1936123,12950,2026-08-19,20,12
2026-09-08,Hermès,1938254,15195,2026-07-28,42,1
2026-09-08,Hermès,1938677,23275,2026-07-28,42,12
2026-09-08,Hermès,1940376,6595,2026-08-06,33,12
2026-09-08,Hermès,1944500,19395,2026-07-28,42,4
2026-09-08,Hermès,1945700,2125,2026-08-05,34,12
2026-09-08,Hermès,1953037,19550,2026-08-13,26,12
2026-09-08,Hermès,1953214,7995,2026-08-22,17,12
2026-09-08,Hermès,1956507,2895,2026-08-19,20,12
2026-09-08,Hermès,1957012,18995,2026-08-19,20,9
2026-09-08,Hermès,1957033,21550,2026-08-26,13,12
2026-09-08,Hermès,1959325,9895,2026-09-01,7,3
2026-09-08,Hermès,1960105,2795,2026-09-03,5,5
2026-09-08,Hermès,1960975,2795,2026-08-28,11,11
2026-09-08,Hermès,1962610,21995,2026-08-28,11,11
2026-09-08,Hermès,1963236,2795,2026-09-03,5,5
2026-09-08,Hermès,1965205,12995,2026-09-04,4,4
2026-09-08,Hermès,1965259,4395,2026-09-03,5,5
2026-09-08,Hermès,1967431,3825,2026-09-05,3,3
2026-09-08,Chanel,1647674,1705,2026-05-15,116,8
2026-09-08,Chanel,1678288,4895,2025-08-28,376,12
2026-09-08,Chanel,1700821,2610,2026-07-09,61,12
2026-09-08,Chanel,1706226,4250,2026-05-28,103,12
2026-09-08,Chanel,1710947,5995,2025-09-07,366,1
2026-09-08,Chanel,1714021,1450,2025-09-13,360,12
2026-09-08,Chanel,1714631,6250,2025-09-14,359,12
2026-09-08,Chanel,1724654,2050,2025-10-02,341,5
2026-09-08,Chanel,1741959,2250,2025-10-25,318,12
2026-09-08,Chanel,1773815,1585,2026-06-03,97,12
2026-09-08,Chanel,1780236,2150,2025-12-18,264,12
2026-09-08,Chanel,1797091,2695,2026-02-06,214,12
2026-09-08,Chanel,1802418,2695,2026-02-06,214,5
2026-09-08,Chanel,1802857,2845,2026-01-28,223,3
2026-09-08,Chanel,1806376,1265,2026-02-05,215,12
2026-09-08,Chanel,1811115,2315,2026-07-06,64,12
2026-09-08,Chanel,1811856,2220,2026-02-18,202,12
2026-09-08,Chanel,1817862,4785,2026-03-06,186,12
2026-09-08,Chanel,1819213,2995,2026-02-18,202,12
2026-09-08,Chanel,1826994,2425,2026-04-03,158,12
2026-09-08,Chanel,1829736,3250,2026-03-06,186,12
2026-09-08,Chanel,1833235,3450,2026-03-11,181,12
2026-09-08,Chanel,1833268,9015,2026-03-13,179,12
2026-09-08,Chanel,1833619,1355,2026-03-20,172,12
2026-09-08,Chanel,1835953,7010,2026-03-25,167,12
2026-09-08,Chanel,1837591,2795,2026-07-30,40,4
2026-09-08,Chanel,1841493,4745,2026-03-26,166,10
2026-09-08,Chanel,1842450,2465,2026-04-23,138,1
2026-09-08,Chanel,1842475,2895,2026-04-29,132,12
2026-09-08,Chanel,1845492,1995,2026-03-26,166,12
2026-09-08,Chanel,1848287,2950,2026-04-09,152,12
2026-09-08,Chanel,1848355,5395,2026-03-31,161,12
2026-09-08,Chanel,1849010,2095,2026-07-07,63,12
2026-09-08,Chanel,1854710,2170,2026-04-23,138,2
2026-09-08,Chanel,1856099,6995,2026-04-14,147,12
2026-09-08,Chanel,1861148,3050,2026-04-14,147,12
2026-09-08,Chanel,1864690,3295,2026-04-22,139,9
2026-09-08,Chanel,1865013,2195,2026-05-02,129,12
2026-09-08,Chanel,1865677,7500,2026-04-25,136,12
2026-09-08,Chanel,1866414,1025,2026-04-25,136,3
2026-09-08,Chanel,1869188,1695,2026-07-17,53,12
2026-09-08,Chanel,1869665,3250,2026-04-30,131,12
2026-09-08,Chanel,1870668,2095,2026-05-12,119,3
2026-09-08,Chanel,1874924,2495,2026-05-18,113,12
2026-09-08,Chanel,1878944,1595,2026-05-13,118,12
2026-09-08,Chanel,1883260,3755,2026-05-21,110,12
2026-09-08,Chanel,1884196,1650,2026-06-05,95,12
2026-09-08,Chanel,1885284,6295,2026-06-02,98,4
2026-09-08,Chanel,1886355,3605,2026-05-20,111,12
2026-09-08,Chanel,1887470,2795,2026-05-23,108,12
2026-09-08,Chanel,1888117,7675,2026-05-22,109,12
2026-09-08,Chanel,1888135,2695,2026-05-29,102,12
2026-09-08,Chanel,1891022,1595,2026-05-28,103,12
2026-09-08,Chanel,1892352,3150,2026-06-03,97,12
2026-09-08,Chanel,1895961,1725,2026-06-09,91,12
2026-09-08,Chanel,1901638,3550,2026-06-09,91,12
2026-09-08,Chanel,1902162,10195,2026-06-10,90,12
2026-09-08,Chanel,1902190,2555,2026-06-10,90,1
2026-09-08,Chanel,1902216,3795,2026-06-18,82,12
2026-09-08,Chanel,1902913,6995,2026-06-12,88,12
2026-09-08,Chanel,1903298,2695,2026-06-11,89,12
2026-09-08,Chanel,1903301,2395,2026-06-24,76,8
2026-09-08,Chanel,1903617,2295,2026-06-12,88,12
2026-09-08,Chanel,1903889,2885,2026-06-12,88,12
2026-09-08,Chanel,1904613,3395,2026-06-13,87,12
2026-09-08,Chanel,1905280,4160,2026-06-15,85,12
2026-09-08,Chanel,1905352,3750,2026-06-15,85,8
2026-09-08,Chanel,1905979,9975,2026-06-08,92,3
2026-09-08,Chanel,1906039,1060,2026-06-16,84,12
2026-09-08,Chanel,1906117,1695,2026-06-20,80,12
2026-09-08,Chanel,1906183,3450,2026-06-16,84,12
2026-09-08,Chanel,1906356,2095,2026-06-18,82,2
2026-09-08,Chanel,1907960,4245,2026-06-17,83,12
2026-09-08,Chanel,1908524,2095,2026-06-24,76,12
2026-09-08,Chanel,1909442,8095,2026-06-25,75,12
2026-09-08,Chanel,1909558,2995,2026-06-25,75,8
2026-09-08,Chanel,1909560,4500,2026-06-27,73,6
2026-09-08,Chanel,1909854,6295,2026-06-24,76,12
2026-09-08,Chanel,1910316,6995,2026-06-20,80,12
2026-09-08,Chanel,1912121,4250,2026-06-27,73,12
2026-09-08,Chanel,1913656,11925,2026-06-25,75,12
2026-09-08,Chanel,1913782,3605,2026-07-22,48,12
2026-09-08,Chanel,1914034,4995,2026-06-23,77,7
2026-09-08,Chanel,1914718,4080,2026-07-23,47,11
2026-09-08,Chanel,1915224,3285,2026-07-04,66,12
2026-09-08,Chanel,1915242,4295,2026-06-25,75,12
2026-09-08,Chanel,1917227,1525,2026-06-27,73,12
2026-09-08,Chanel,1917739,5795,2026-07-04,66,12
2026-09-08,Chanel,1918076,6475,2026-06-27,73,12
2026-09-08,Chanel,1918197,2205,2026-06-30,70,2
2026-09-08,Chanel,1918305,7690,2026-07-02,68,12
2026-09-08,Chanel,1920633,3895,2026-07-04,66,12
2026-09-08,Chanel,1921453,13775,2026-07-14,56,12
2026-09-08,Chanel,1921793,2335,2026-07-08,62,12
2026-09-08,Chanel,1921830,3595,2026-07-04,66,2
2026-09-08,Chanel,1921940,3415,2026-07-07,63,12
2026-09-08,Chanel,1922925,16145,2026-07-14,56,2
2026-09-08,Chanel,1923031,6565,2026-07-10,60,12
2026-09-08,Chanel,1923186,3865,2026-07-08,62,12
2026-09-08,Chanel,1925557,4135,2026-07-15,55,1
2026-09-08,Chanel,1925674,3440,2026-07-09,61,12
2026-09-08,Chanel,1926080,3225,2026-07-31,39,12
2026-09-08,Chanel,1926167,2500,2026-08-11,28,12
2026-09-08,Chanel,1926963,6895,2026-07-11,59,2
2026-09-08,Chanel,1927604,3795,2026-07-22,48,12
2026-09-08,Chanel,1927814,5695,2026-07-17,53,12
2026-09-08,Chanel,1928507,2695,2026-07-18,52,12
2026-09-08,Chanel,1928509,2595,2026-07-23,47,3
2026-09-08,Chanel,1928513,2195,2026-07-18,52,4
2026-09-08,Chanel,1928641,8545,2026-07-18,52,1
2026-09-08,Chanel,1935786,5440,2026-07-24,46,12
2026-09-08,Chanel,1936455,5980,2026-07-20,50,12
2026-09-08,Chanel,1936578,7595,2026-09-01,7,7
2026-09-08,Chanel,1937376,1705,2026-07-23,47,12
2026-09-08,Chanel,1938685,4890,2026-07-24,46,12
2026-09-08,Chanel,1939772,2085,2026-07-25,45,12
2026-09-08,Chanel,1939793,4095,2026-08-04,35,12
2026-09-08,Chanel,1941499,7500,2026-07-25,45,12
2026-09-08,Chanel,1941814,795,2026-07-31,39,12
2026-09-08,Chanel,1942291,4175,2026-08-01,38,12
2026-09-08,Chanel,1942467,5695,2026-07-29,41,12
2026-09-08,Chanel,1942701,5315,2026-07-31,39,12
2026-09-08,Chanel,1942795,2595,2026-08-05,34,12
2026-09-08,Chanel,1944377,6250,2026-08-14,25,12
2026-09-08,Chanel,1944737,4595,2026-08-06,33,12
2026-09-08,Chanel,1944793,5790,2026-07-31,39,12
2026-09-08,Chanel,1945058,7995,2026-08-01,38,5
2026-09-08,Chanel,1945068,3415,2026-07-31,39,12
2026-09-08,Chanel,1945748,3595,2026-08-05,34,12
2026-09-08,Chanel,1946704,2695,2026-08-05,34,12
2026-09-08,Chanel,1947078,550,2026-08-05,34,12
2026-09-08,Chanel,1947644,8545,2026-08-05,34,2
2026-09-08,Chanel,1947754,4840,2026-08-05,34,1
2026-09-08,Chanel,1947863,7595,2026-08-11,28,12
2026-09-08,Chanel,1947948,8395,2026-08-11,28,12
2026-09-08,Chanel,1948920,14495,2026-08-05,34,12
2026-09-08,Chanel,1948990,5295,2026-08-07,32,12
2026-09-08,Chanel,1949292,4995,2026-08-26,13,12
2026-09-08,Chanel,1949625,2595,2026-08-19,20,12
2026-09-08,Chanel,1950793,1795,2026-08-07,32,11
2026-09-08,Chanel,1951635,2845,2026-08-12,27,2
2026-09-08,Chanel,1953059,8250,2026-08-25,14,12
2026-09-08,Chanel,1953181,2195,2026-08-20,19,12
2026-09-08,Chanel,1953223,2925,2026-08-13,26,12
2026-09-08,Chanel,1954059,3395,2026-08-18,21,3
2026-09-08,Chanel,1954076,6595,2026-08-13,26,12
2026-09-08,Chanel,1954312,5995,2026-08-18,21,3
2026-09-08,Chanel,1954540,7450,2026-08-20,19,12
2026-09-08,Chanel,1955966,1495,2026-08-18,21,12
2026-09-08,Chanel,1956339,9595,2026-08-24,15,1
2026-09-08,Chanel,1956384,5495,2026-08-18,21,12
2026-09-08,Chanel,1956674,4595,2026-08-20,19,12
2026-09-08,Chanel,1957532,8595,2026-08-26,13,12
2026-09-08,Chanel,1957680,4250,2026-08-26,13,12
2026-09-08,Chanel,1957982,3895,2026-08-19,20,12
2026-09-08,Chanel,1958250,3195,2026-08-21,18,12
2026-09-08,Chanel,1959147,2350,2026-08-25,14,12
2026-09-08,Chanel,1959227,3195,2026-09-03,5,5
2026-09-08,Chanel,1959829,4795,2026-08-20,19,12
2026-09-08,Chanel,1960225,3595,2026-08-22,17,12
2026-09-08,Chanel,1960253,5995,2026-08-24,15,12
2026-09-08,Chanel,1960445,4295,2026-08-26,13,3
2026-09-08,Chanel,1960645,7595,2026-08-27,12,12
2026-09-08,Chanel,1960674,9995,2026-08-26,13,12
2026-09-08,Chanel,1960695,9595,2026-08-24,15,12
2026-09-08,Chanel,1960805,3095,2026-08-27,12,12
2026-09-08,Chanel,1961156,6550,2026-08-28,11,11
2026-09-08,Chanel,1961710,3925,2026-08-26,13,12
2026-09-08,Chanel,1962960,4695,2026-08-27,12,1
2026-09-08,Chanel,1963324,9275,2026-09-03,5,5
2026-09-08,Chanel,1963432,6695,2026-09-01,7,7
2026-09-08,Chanel,1963543,2875,2026-08-26,13,12
2026-09-08,Chanel,1963815,8195,2026-08-28,11,11
2026-09-08,Chanel,1963897,4495,2026-08-28,11,11
2026-09-08,Chanel,1964039,7495,2026-09-01,7,2
2026-09-08,Chanel,1964654,8695,2026-08-29,10,10
2026-09-08,Chanel,1965161,4595,2026-09-03,5,5
2026-09-08,Chanel,1965186,4595,2026-09-03,5,5
2026-09-08,Chanel,1965243,3595,2026-09-04,4,4
2026-09-08,Chanel,1965458,7495,2026-09-04,4,4
2026-09-08,Chanel,1965565,9895,2026-09-03,5,5
2026-09-08,Chanel,1965641,1795,2026-09-04,4,4
2026-09-08,Chanel,1965830,3595,2026-09-01,7,7
2026-09-08,Chanel,1965945,8395,2026-09-01,7,1
2026-09-08,Chanel,1965950,9150,2026-09-01,7,7
2026-09-08,Chanel,1966223,3195,2026-09-05,3,3
2026-09-08,Chanel,1966886,6195,2026-09-04,4,4
2026-09-08,Chanel,1967139,1450,2026-09-05,3,3
2026-09-08,Chanel,1967364,4395,2026-09-02,6,6
2026-09-08,Chanel,1967401,4095,2026-09-04,4,2
2026-09-08,Chanel,1967402,3595,2026-09-05,3,2
2026-09-08,Chanel,1967483,1595,2026-09-05,3,3
2026-09-08,Chanel,1967495,8995,2026-09-04,4,4
2026-09-08,Chanel,1967531,695,2026-09-05,3,3
2026-09-08,Chanel,1967960,6995,2026-09-05,3,3
2026-09-08,Chanel,1969113,2295,2026-09-05,3,3
2026-09-08,Louis Vuitton,1733899,1895,2025-10-12,331,12
2026-09-08,Louis Vuitton,1785343,3495,2026-01-19,232,12
2026-09-08,Louis Vuitton,1802042,2010,2026-07-31,39,12
2026-09-08,Louis Vuitton,1802928,1095,2026-07-20,50,12
2026-09-08,Louis Vuitton,1806198,795,2026-08-11,28,12
2026-09-08,Louis Vuitton,1806330,1605,2026-07-31,39,12
2026-09-08,Louis Vuitton,1807503,3995,2026-02-04,216,12
2026-09-08,Louis Vuitton,1811120,2335,2026-02-19,201,5
2026-09-08,Louis Vuitton,1811122,1910,2026-07-18,52,12
2026-09-08,Louis Vuitton,1811146,1585,2026-08-06,33,12
2026-09-08,Louis Vuitton,1815587,5335,2026-02-14,206,12
2026-09-08,Louis Vuitton,1816316,1225,2026-02-18,202,12
2026-09-08,Louis Vuitton,1816389,875,2026-02-19,201,12
2026-09-08,Louis Vuitton,1816991,630,2026-07-17,53,12
2026-09-08,Louis Vuitton,1817121,555,2026-03-11,181,12
2026-09-08,Louis Vuitton,1817160,695,2026-08-11,28,12
2026-09-08,Louis Vuitton,1817846,1095,2026-02-25,195,6
2026-09-08,Louis Vuitton,1818522,1940,2026-02-17,203,12
2026-09-08,Louis Vuitton,1820299,1695,2026-02-19,201,11
2026-09-08,Louis Vuitton,1821466,2795,2026-03-14,178,12
2026-09-08,Louis Vuitton,1824546,2230,2026-03-04,188,12
2026-09-08,Louis Vuitton,1825871,2010,2026-07-18,52,12
2026-09-08,Louis Vuitton,1826256,1230,2026-06-15,85,12
2026-09-08,Louis Vuitton,1826868,1165,2026-03-26,166,12
2026-09-08,Louis Vuitton,1826927,2995,2026-03-27,165,11
2026-09-08,Louis Vuitton,1829748,1595,2026-07-18,52,12
2026-09-08,Louis Vuitton,1834507,3600,2026-03-12,180,12
2026-09-08,Louis Vuitton,1836766,1850,2026-07-17,53,12
2026-09-08,Louis Vuitton,1841095,2180,2026-06-30,70,12
2026-09-08,Louis Vuitton,1845184,2370,2026-07-17,53,12
2026-09-08,Louis Vuitton,1845610,625,2026-03-27,165,12
2026-09-08,Louis Vuitton,1846824,1535,2026-07-07,63,12
2026-09-08,Louis Vuitton,1847511,975,2026-07-07,63,12
2026-09-08,Louis Vuitton,1847628,1355,2026-04-16,145,12
2026-09-08,Louis Vuitton,1847847,1185,2026-07-06,64,12
2026-09-08,Louis Vuitton,1848945,1695,2026-07-17,53,12
2026-09-08,Louis Vuitton,1848952,950,2026-04-24,137,12
2026-09-08,Louis Vuitton,1849848,2095,2026-07-06,64,12
2026-09-08,Louis Vuitton,1850695,1350,2026-04-14,147,12
2026-09-08,Louis Vuitton,1853818,5595,2026-04-16,145,12
2026-09-08,Louis Vuitton,1853842,710,2026-07-18,52,12
2026-09-08,Louis Vuitton,1856087,1610,2026-04-13,148,12
2026-09-08,Louis Vuitton,1856169,1950,2026-05-06,125,12
2026-09-08,Louis Vuitton,1856294,3235,2026-04-14,147,12
2026-09-08,Louis Vuitton,1856892,3395,2026-04-17,144,12
2026-09-08,Louis Vuitton,1857206,415,2026-07-07,63,12
2026-09-08,Louis Vuitton,1857642,1885,2026-04-14,147,12
2026-09-08,Louis Vuitton,1859389,1595,2026-05-12,119,3
2026-09-08,Louis Vuitton,1859398,1800,2026-05-12,119,12
2026-09-08,Louis Vuitton,1859558,1035,2026-05-18,113,12
2026-09-08,Louis Vuitton,1859559,1095,2026-05-06,125,7
2026-09-08,Louis Vuitton,1859567,1935,2026-05-12,119,12
2026-09-08,Louis Vuitton,1861608,820,2026-05-07,124,12
2026-09-08,Louis Vuitton,1861820,1610,2026-07-18,52,12
2026-09-08,Louis Vuitton,1862446,1195,2026-04-28,133,12
2026-09-08,Louis Vuitton,1863952,1095,2026-07-07,63,12
2026-09-08,Louis Vuitton,1865218,895,2026-05-09,122,12
2026-09-08,Louis Vuitton,1865797,1495,2026-05-07,124,12
2026-09-08,Louis Vuitton,1866020,4995,2026-05-05,126,12
2026-09-08,Louis Vuitton,1866102,2395,2026-05-01,130,9
2026-09-08,Louis Vuitton,1867669,1115,2026-07-18,52,12
2026-09-08,Louis Vuitton,1869143,595,2026-05-01,130,12
2026-09-08,Louis Vuitton,1870476,1050,2026-05-01,130,11
2026-09-08,Louis Vuitton,1873628,1610,2026-05-21,110,10
2026-09-08,Louis Vuitton,1874165,2120,2026-06-17,83,12
2026-09-08,Louis Vuitton,1874871,950,2026-07-30,40,12
2026-09-08,Louis Vuitton,1874963,1420,2026-05-21,110,12
2026-09-08,Louis Vuitton,1876327,520,2026-05-13,118,12
2026-09-08,Louis Vuitton,1876523,820,2026-05-11,120,12
2026-09-08,Louis Vuitton,1877267,1935,2026-06-09,91,12
2026-09-08,Louis Vuitton,1877627,930,2026-05-11,120,12
2026-09-08,Louis Vuitton,1878637,1795,2026-05-11,120,12
2026-09-08,Louis Vuitton,1878699,1615,2026-05-16,115,12
2026-09-08,Louis Vuitton,1879470,1695,2026-05-16,115,7
2026-09-08,Louis Vuitton,1879917,1850,2026-05-12,119,12
2026-09-08,Louis Vuitton,1880867,1275,2026-05-19,112,12
2026-09-08,Louis Vuitton,1882018,2695,2026-05-19,112,7
2026-09-08,Louis Vuitton,1882968,1230,2026-08-12,27,12
2026-09-08,Louis Vuitton,1884666,1270,2026-06-06,94,12
2026-09-08,Louis Vuitton,1884928,680,2026-06-02,98,12
2026-09-08,Louis Vuitton,1884969,950,2026-06-06,94,12
2026-09-08,Louis Vuitton,1884987,715,2026-08-12,27,12
2026-09-08,Louis Vuitton,1885021,920,2026-06-01,99,12
2026-09-08,Louis Vuitton,1885044,1095,2026-06-01,99,12
2026-09-08,Louis Vuitton,1886062,2195,2026-06-11,89,9
2026-09-08,Louis Vuitton,1886810,1040,2026-05-29,102,12
2026-09-08,Louis Vuitton,1888090,1650,2026-05-21,110,12
2026-09-08,Louis Vuitton,1889088,1000,2026-06-02,98,12
2026-09-08,Louis Vuitton,1889768,1035,2026-05-30,101,12
2026-09-08,Louis Vuitton,1890563,795,2026-05-30,101,12
2026-09-08,Louis Vuitton,1891354,1695,2026-06-09,91,12
2026-09-08,Louis Vuitton,1891480,1515,2026-05-28,103,12
2026-09-08,Louis Vuitton,1891843,895,2026-08-12,27,12
2026-09-08,Louis Vuitton,1891973,975,2026-06-04,96,12
2026-09-08,Louis Vuitton,1892914,1525,2026-06-11,89,12
2026-09-08,Louis Vuitton,1892989,805,2026-06-09,91,12
2026-09-08,Louis Vuitton,1893035,805,2026-06-08,92,12
2026-09-08,Louis Vuitton,1893038,595,2026-06-09,91,12
2026-09-08,Louis Vuitton,1893854,1610,2026-06-06,94,12
2026-09-08,Louis Vuitton,1894001,1595,2026-06-06,94,7
2026-09-08,Louis Vuitton,1894121,2195,2026-05-28,103,12
2026-09-08,Louis Vuitton,1894345,595,2026-06-06,94,12
2026-09-08,Louis Vuitton,1895508,1035,2026-06-08,92,12
2026-09-08,Louis Vuitton,1895588,1185,2026-06-08,92,5
2026-09-08,Louis Vuitton,1896163,1015,2026-06-23,77,12
2026-09-08,Louis Vuitton,1901310,710,2026-06-22,78,12
2026-09-08,Louis Vuitton,1901320,675,2026-06-22,78,12
2026-09-08,Louis Vuitton,1901389,1795,2026-06-09,91,2
2026-09-08,Louis Vuitton,1901503,1885,2026-06-11,89,12
2026-09-08,Louis Vuitton,1901851,805,2026-06-16,84,12
2026-09-08,Louis Vuitton,1902060,2195,2026-06-11,89,3
2026-09-08,Louis Vuitton,1902582,2995,2026-06-22,78,7
2026-09-08,Louis Vuitton,1902782,1705,2026-06-11,89,12
2026-09-08,Louis Vuitton,1903230,2115,2026-06-11,89,12
2026-09-08,Louis Vuitton,1903421,825,2026-06-26,74,7
2026-09-08,Louis Vuitton,1903432,995,2026-06-12,88,6
2026-09-08,Louis Vuitton,1903459,895,2026-06-22,78,12
2026-09-08,Louis Vuitton,1904174,1995,2026-06-13,87,12
2026-09-08,Louis Vuitton,1904754,995,2026-06-15,85,7
2026-09-08,Louis Vuitton,1905750,2940,2026-07-01,69,12
2026-09-08,Louis Vuitton,1905963,1095,2026-06-15,85,4
2026-09-08,Louis Vuitton,1906287,1515,2026-07-17,53,12
2026-09-08,Louis Vuitton,1907376,1165,2026-06-24,76,12
2026-09-08,Louis Vuitton,1907713,1485,2026-06-18,82,12
2026-09-08,Louis Vuitton,1908289,895,2026-06-23,77,12
2026-09-08,Louis Vuitton,1908295,1515,2026-06-23,77,12
2026-09-08,Louis Vuitton,1908357,1075,2026-07-01,69,12
2026-09-08,Louis Vuitton,1908562,2395,2026-06-23,77,8
2026-09-08,Louis Vuitton,1908769,1100,2026-06-18,82,12
2026-09-08,Louis Vuitton,1908801,1075,2026-06-18,82,12
2026-09-08,Louis Vuitton,1908921,1610,2026-06-18,82,12
2026-09-08,Louis Vuitton,1909948,1910,2026-06-24,76,12
2026-09-08,Louis Vuitton,1909991,1035,2026-06-27,73,12
2026-09-08,Louis Vuitton,1910880,1420,2026-06-19,81,6
2026-09-08,Louis Vuitton,1911452,1450,2026-06-19,81,12
2026-09-08,Louis Vuitton,1911464,890,2026-06-22,78,12
2026-09-08,Louis Vuitton,1911466,1525,2026-06-22,78,12
2026-09-08,Louis Vuitton,1911604,1575,2026-06-24,76,12
2026-09-08,Louis Vuitton,1912338,1750,2026-06-20,80,5
2026-09-08,Louis Vuitton,1912663,1165,2026-06-22,78,12
2026-09-08,Louis Vuitton,1912686,1885,2026-06-29,71,12
2026-09-08,Louis Vuitton,1913210,2565,2026-07-09,61,12
2026-09-08,Louis Vuitton,1913361,2695,2026-06-27,73,12
2026-09-08,Louis Vuitton,1914019,1595,2026-06-22,78,12
2026-09-08,Louis Vuitton,1914591,2295,2026-06-24,76,12
2026-09-08,Louis Vuitton,1914723,1185,2026-07-28,42,9
2026-09-08,Louis Vuitton,1914726,1090,2026-07-23,47,12
2026-09-08,Louis Vuitton,1914843,1305,2026-07-01,69,12
2026-09-08,Louis Vuitton,1914844,1185,2026-06-23,77,12
2026-09-08,Louis Vuitton,1914877,1075,2026-06-27,73,12
2026-09-08,Louis Vuitton,1915331,2180,2026-06-23,77,1
2026-09-08,Louis Vuitton,1915649,2495,2026-06-26,74,12
2026-09-08,Louis Vuitton,1915825,850,2026-07-01,69,12
2026-09-08,Louis Vuitton,1916447,1795,2026-07-09,61,12
2026-09-08,Louis Vuitton,1916996,2515,2026-07-07,63,12
2026-09-08,Louis Vuitton,1917192,1165,2026-07-01,69,3
2026-09-08,Louis Vuitton,1917305,2115,2026-06-26,74,12
2026-09-08,Louis Vuitton,1917695,945,2026-06-29,71,12
2026-09-08,Louis Vuitton,1917785,1075,2026-06-27,73,12
2026-09-08,Louis Vuitton,1918135,1075,2026-06-27,73,12
2026-09-08,Louis Vuitton,1918633,1420,2026-06-27,73,12
2026-09-08,Louis Vuitton,1919268,1755,2026-06-29,71,12
2026-09-08,Louis Vuitton,1919278,1125,2026-06-29,71,12
2026-09-08,Louis Vuitton,1920086,1525,2026-07-01,69,12
2026-09-08,Louis Vuitton,1920732,2635,2026-07-22,48,12
2026-09-08,Louis Vuitton,1921968,695,2026-07-15,55,12
2026-09-08,Louis Vuitton,1922501,3595,2026-07-04,66,2
2026-09-08,Louis Vuitton,1923277,2195,2026-07-09,61,4
2026-09-08,Louis Vuitton,1925803,1375,2026-07-15,55,12
2026-09-08,Louis Vuitton,1927231,1450,2026-07-23,47,5
2026-09-08,Louis Vuitton,1927370,1420,2026-07-17,53,12
2026-09-08,Louis Vuitton,1928099,2420,2026-07-25,45,12
2026-09-08,Louis Vuitton,1928186,1230,2026-07-21,49,12
2026-09-08,Louis Vuitton,1928399,1250,2026-07-18,52,12
2026-09-08,Louis Vuitton,1928713,1195,2026-07-18,52,12
2026-09-08,Louis Vuitton,1928770,2450,2026-08-11,28,12
2026-09-08,Louis Vuitton,1931248,2845,2026-07-22,48,12
2026-09-08,Louis Vuitton,1935370,2655,2026-07-18,52,12
2026-09-08,Louis Vuitton,1935904,2095,2026-07-25,45,12
2026-09-08,Louis Vuitton,1938540,850,2026-07-22,48,12
2026-09-08,Louis Vuitton,1939196,1280,2026-07-29,41,12
2026-09-08,Louis Vuitton,1939258,945,2026-07-24,46,12
2026-09-08,Louis Vuitton,1939358,2845,2026-07-24,46,12
2026-09-08,Louis Vuitton,1939518,2845,2026-07-25,45,4
2026-09-08,Louis Vuitton,1939523,1280,2026-07-24,46,12
2026-09-08,Louis Vuitton,1940412,1450,2026-08-04,35,12
2026-09-08,Louis Vuitton,1940456,1595,2026-08-08,31,12
2026-09-08,Louis Vuitton,1941100,850,2026-08-20,19,12
2026-09-08,Louis Vuitton,1941219,2180,2026-08-01,38,12
2026-09-08,Louis Vuitton,1941914,2705,2026-07-31,39,12
2026-09-08,Louis Vuitton,1942304,2660,2026-07-31,39,2
2026-09-08,Louis Vuitton,1942591,2275,2026-07-29,41,12
2026-09-08,Louis Vuitton,1942718,1705,2026-08-01,38,12
2026-09-08,Louis Vuitton,1944091,1195,2026-08-27,12,12
2026-09-08,Louis Vuitton,1944254,2495,2026-08-04,35,4
2026-09-08,Louis Vuitton,1944367,1995,2026-08-05,34,12
2026-09-08,Louis Vuitton,1944704,620,2026-08-01,38,12
2026-09-08,Louis Vuitton,1945443,2495,2026-08-06,33,10
2026-09-08,Louis Vuitton,1945489,1795,2026-08-07,32,12
2026-09-08,Louis Vuitton,1945501,2595,2026-08-05,34,12
2026-09-08,Louis Vuitton,1946256,1850,2026-08-04,35,12
2026-09-08,Louis Vuitton,1947818,1850,2026-08-11,28,12
2026-09-08,Louis Vuitton,1947846,2995,2026-08-12,27,12
2026-09-08,Louis Vuitton,1948481,1195,2026-08-11,28,12
2026-09-08,Louis Vuitton,1948482,495,2026-08-11,28,4
2026-09-08,Louis Vuitton,1948846,850,2026-08-13,26,12
2026-09-08,Louis Vuitton,1949074,1995,2026-08-11,28,12
2026-09-08,Louis Vuitton,1949336,995,2026-08-18,21,12
2026-09-08,Louis Vuitton,1949644,2295,2026-08-19,20,12
2026-09-08,Louis Vuitton,1950748,1350,2026-08-25,14,12
2026-09-08,Louis Vuitton,1951157,1095,2026-08-27,12,12
2026-09-08,Louis Vuitton,1951251,1095,2026-08-08,31,12
2026-09-08,Louis Vuitton,1951488,750,2026-08-18,21,12
2026-09-08,Louis Vuitton,1951676,1895,2026-08-15,24,10
2026-09-08,Louis Vuitton,1951708,1650,2026-08-12,27,12
2026-09-08,Louis Vuitton,1951985,1450,2026-08-12,27,12
2026-09-08,Louis Vuitton,1952060,1395,2026-08-12,27,9
2026-09-08,Louis Vuitton,1952240,825,2026-08-18,21,12
2026-09-08,Louis Vuitton,1952341,1250,2026-08-13,26,12
2026-09-08,Louis Vuitton,1952419,1495,2026-08-14,25,8
2026-09-08,Louis Vuitton,1952878,2450,2026-08-12,27,12
2026-09-08,Louis Vuitton,1952980,1795,2026-08-29,10,10
2026-09-08,Louis Vuitton,1953160,2795,2026-08-14,25,12
2026-09-08,Louis Vuitton,1953490,2795,2026-08-12,27,5
2026-09-08,Louis Vuitton,1953637,1895,2026-08-15,24,12
2026-09-08,Louis Vuitton,1953693,1950,2026-08-14,25,12
2026-09-08,Louis Vuitton,1953804,2095,2026-08-15,24,12
2026-09-08,Louis Vuitton,1954132,1495,2026-08-13,26,12
2026-09-08,Louis Vuitton,1954292,1350,2026-08-19,20,12
2026-09-08,Louis Vuitton,1955293,1495,2026-08-18,21,12
2026-09-08,Louis Vuitton,1955587,3195,2026-08-20,19,12
2026-09-08,Louis Vuitton,1955841,1650,2026-08-26,13,12
2026-09-08,Louis Vuitton,1956240,2250,2026-08-24,15,12
2026-09-08,Louis Vuitton,1957951,1295,2026-08-22,17,12
2026-09-08,Louis Vuitton,1958163,1395,2026-08-21,18,12
2026-09-08,Louis Vuitton,1958736,2775,2026-08-26,13,12
2026-09-08,Louis Vuitton,1958853,2750,2026-08-24,15,12
2026-09-08,Louis Vuitton,1958974,1350,2026-09-01,7,4
2026-09-08,Louis Vuitton,1959048,2250,2026-08-29,10,10
2026-09-08,Louis Vuitton,1959109,1250,2026-08-26,13,12
2026-09-08,Louis Vuitton,1959204,2050,2026-09-03,5,5
2026-09-08,Louis Vuitton,1959351,2050,2026-08-27,12,12
2026-09-08,Louis Vuitton,1959379,2250,2026-08-26,13,12
2026-09-08,Louis Vuitton,1960056,895,2026-09-03,5,5
2026-09-08,Louis Vuitton,1960115,1595,2026-09-03,5,5
2026-09-08,Louis Vuitton,1960455,2395,2026-08-27,12,12
2026-09-08,Louis Vuitton,1960521,1495,2026-08-24,15,12
2026-09-08,Louis Vuitton,1961409,2195,2026-08-24,15,8
2026-09-08,Louis Vuitton,1961662,1595,2026-08-26,13,12
2026-09-08,Louis Vuitton,1961724,850,2026-08-28,11,11
2026-09-08,Louis Vuitton,1961730,1495,2026-08-27,12,12
2026-09-08,Louis Vuitton,1962142,2095,2026-08-28,11,11
2026-09-08,Louis Vuitton,1962436,1495,2026-08-29,10,5
2026-09-08,Louis Vuitton,1962749,825,2026-09-03,5,5
2026-09-08,Louis Vuitton,1963184,1550,2026-09-02,6,6
2026-09-08,Louis Vuitton,1963610,1395,2026-09-03,5,5
2026-09-08,Louis Vuitton,1963823,1995,2026-09-03,5,5
2026-09-08,Louis Vuitton,1963894,1495,2026-08-28,11,11
2026-09-08,Louis Vuitton,1963909,2450,2026-09-03,5,5
2026-09-08,Louis Vuitton,1963967,2095,2026-08-29,10,10
2026-09-08,Louis Vuitton,1964451,1195,2026-09-04,4,4
2026-09-08,Louis Vuitton,1964826,850,2026-09-03,5,5
2026-09-08,Louis Vuitton,1964883,725,2026-09-02,6,6
2026-09-08,Louis Vuitton,1965135,795,2026-09-01,7,7
2026-09-08,Louis Vuitton,1965506,2195,2026-09-02,6,6
2026-09-08,Louis Vuitton,1965656,2250,2026-09-03,5,5
2026-09-08,Louis Vuitton,1966021,2495,2026-09-02,6,6
2026-09-08,Louis Vuitton,1966360,2995,2026-09-04,4,4
2026-09-08,Louis Vuitton,1966407,2595,2026-09-04,4,4
2026-09-08,Louis Vuitton,1966444,1895,2026-09-05,3,3
2026-09-08,Louis Vuitton,1966510,1750,2026-09-01,7,7
2026-09-08,Louis Vuitton,1966553,2350,2026-09-04,4,4
2026-09-08,Louis Vuitton,1966756,1650,2026-09-05,3,3
2026-09-08,Louis Vuitton,1967323,2695,2026-09-04,4,4
2026-09-08,Louis Vuitton,1967397,895,2026-09-05,3,3
2026-09-08,Louis Vuitton,1967463,1295,2026-09-05,3,3
2026-09-08,Louis Vuitton,1967491,1750,2026-09-05,3,3
2026-09-08,Louis Vuitton,1967555,495,2026-09-05,3,3
2026-09-08,Louis Vuitton,1967638,1695,2026-09-04,4,4
2026-09-08,Louis Vuitton,1967702,2150,2026-09-04,4,4
2026-09-08,Louis Vuitton,1967807,1395,2026-09-05,3,3
2026-09-08,Louis Vuitton,1968185,2150,2026-09-05,3,3
2026-09-08,Louis Vuitton,1968304,1550,2026-09-05,3,3
2026-09-08,Louis Vuitton,1968379,1750,2026-09-04,4,4
2026-09-08,Louis Vuitton,1968414,950,2026-09-04,4,4
2026-09-08,Louis Vuitton,1968796,2450,2026-09-04,4,4
2026-09-08,Louis Vuitton,1968963,1250,2026-09-05,3,3
2026-09-08,Louis Vuitton,1968967,1895,2026-09-04,4,4
2026-09-08,Goyard,1850641,2850,2026-04-08,153,12
2026-09-08,Goyard,1870750,2350,2026-05-01,130,12
2026-09-08,Goyard,1887917,3195,2026-05-22,109,12
2026-09-08,Goyard,1912742,2695,2026-06-22,78,12
2026-09-08,Goyard,1928325,1800,2026-07-31,39,12
2026-09-08,Goyard,1940014,1750,2026-07-25,45,8
2026-09-08,Goyard,1941425,3095,2026-08-07,32,12
2026-09-08,Goyard,1942522,2655,2026-07-30,40,12
2026-09-08,Goyard,1947885,2995,2026-08-27,12,12
2026-09-08,Goyard,1950998,1350,2026-08-21,18,12
2026-09-08,Goyard,1954441,1350,2026-08-21,18,12
2026-09-08,Goyard,1955787,2795,2026-08-27,12,12
2026-09-08,Goyard,1963407,2495,2026-09-03,5,5
2026-09-08,Goyard,1965351,2795,2026-09-02,6,6
2026-09-08,Goyard,1965428,3295,2026-09-02,6,6
2026-09-08,Goyard,1966113,2650,2026-09-05,3,3
2026-09-08,Goyard,1967608,3150,2026-09-04,4,4
2026-09-08,Goyard,1968799,3250,2026-09-05,3,3
2026-09-08,Dior,1817707,1185,2026-02-14,206,12
2026-09-08,Dior,1825581,2290,2026-03-03,189,12
2026-09-08,Dior,1834690,3175,2026-03-18,174,7
2026-09-08,Dior,1838756,1230,2026-03-24,168,12
2026-09-08,Dior,1840992,1850,2026-04-11,150,3
2026-09-08,Dior,1845590,1250,2026-04-01,160,2
2026-09-08,Dior,1852161,945,2026-07-18,52,12
2026-09-08,Dior,1857926,2205,2026-04-13,148,12
2026-09-08,Dior,1860000,1325,2026-05-01,130,12
2026-09-08,Dior,1861616,2195,2026-05-07,124,12
2026-09-08,Dior,1863798,3225,2026-04-17,144,12
2026-09-08,Dior,1864202,2285,2026-04-28,133,12
2026-09-08,Dior,1864683,520,2026-07-07,63,12
2026-09-08,Dior,1875983,2495,2026-05-13,118,12
2026-09-08,Dior,1877440,2270,2026-05-09,122,4
2026-09-08,Dior,1880228,1275,2026-05-16,115,12
2026-09-08,Dior,1883943,1995,2026-05-18,113,1
2026-09-08,Dior,1885548,2555,2026-05-19,112,12
2026-09-08,Dior,1892470,3295,2026-06-05,95,4
2026-09-08,Dior,1894109,2175,2026-06-11,89,12
2026-09-08,Dior,1894440,4295,2026-06-10,90,2
2026-09-08,Dior,1901587,2630,2026-06-09,91,12
2026-09-08,Dior,1902985,1035,2026-06-27,73,12
2026-09-08,Dior,1904649,1650,2026-06-25,75,12
2026-09-08,Dior,1904686,330,2026-06-18,82,12
2026-09-08,Dior,1904688,1040,2026-06-15,85,5
2026-09-08,Dior,1905467,850,2026-06-20,80,12
2026-09-08,Dior,1907258,1325,2026-06-24,76,12
2026-09-08,Dior,1907800,3905,2026-06-18,82,11
2026-09-08,Dior,1908367,2425,2026-07-02,68,12
2026-09-08,Dior,1908564,3395,2026-06-18,82,6
2026-09-08,Dior,1909758,2465,2026-06-27,73,12
2026-09-08,Dior,1909800,2795,2026-06-19,81,4
2026-09-08,Dior,1911979,1255,2026-06-25,75,12
2026-09-08,Dior,1918763,1345,2026-06-27,73,12
2026-09-08,Dior,1920407,3215,2026-07-04,66,11
2026-09-08,Dior,1927108,1550,2026-07-17,53,8
2026-09-08,Dior,1940458,2845,2026-07-31,39,12
2026-09-08,Dior,1943095,2275,2026-07-31,39,12
2026-09-08,Dior,1944944,2180,2026-07-30,40,12
2026-09-08,Dior,1951132,3595,2026-08-08,31,12
2026-09-08,Dior,1952642,2995,2026-08-12,27,12
2026-09-08,Dior,1954279,3295,2026-08-26,13,12
2026-09-08,Dior,1958014,2295,2026-08-29,10,10
2026-09-08,Dior,1959097,995,2026-08-27,12,12
2026-09-08,Dior,1961211,950,2026-09-01,7,7
2026-09-08,Dior,1961495,3550,2026-08-28,11,11
2026-09-08,Dior,1962470,3295,2026-08-25,14,12
2026-09-08,Dior,1962849,2395,2026-08-26,13,12
2026-09-08,Dior,1965911,1295,2026-09-01,7,7
2026-09-08,Dior,1967934,1350,2026-09-05,3,3
2026-09-08,Fendi,1748807,1045,2025-11-07,305,4
2026-09-08,Fendi,1778007,1765,2025-12-18,264,12
2026-09-08,Fendi,1845259,1090,2026-04-02,159,12
2026-09-08,Fendi,1873784,1495,2026-05-08,123,12
2026-09-08,Fendi,1889267,1705,2026-05-30,101,12
2026-09-08,Fendi,1893628,1350,2026-06-05,95,12
2026-09-08,Fendi,1908230,2295,2026-06-18,82,8
2026-09-08,Fendi,1908511,850,2026-06-23,77,1
2026-09-08,Fendi,1908938,1230,2026-06-17,83,12
2026-09-08,Fendi,1909638,700,2026-06-19,81,12
2026-09-08,Fendi,1916638,4295,2026-07-08,62,1
2026-09-08,Fendi,1918307,2655,2026-06-29,71,12
2026-09-08,Fendi,1918839,2135,2026-07-15,55,12
2026-09-08,Fendi,1920523,3295,2026-07-02,68,7
2026-09-08,Fendi,1923833,1395,2026-07-30,40,12
2026-09-08,Fendi,1936397,755,2026-07-20,50,12
2026-09-08,Fendi,1940379,525,2026-08-07,32,12
2026-09-08,Fendi,1947481,1695,2026-08-05,34,12
2026-09-08,Fendi,1947550,2595,2026-08-14,25,12
2026-09-08,Fendi,1947587,1395,2026-08-14,25,12
2026-09-08,Fendi,1947663,995,2026-08-07,32,9
2026-09-08,Fendi,1950843,1150,2026-08-13,26,12
2026-09-08,Fendi,1952581,450,2026-08-19,20,12
2026-09-08,Fendi,1954778,695,2026-09-01,7,7
2026-09-08,Fendi,1958751,3095,2026-09-02,6,6
2026-09-08,Fendi,1959178,850,2026-09-03,5,5
2026-09-08,Fendi,1961604,2350,2026-09-04,4,4
2026-09-08,Fendi,1961716,1795,2026-08-29,10,10
2026-09-08,Fendi,1963010,875,2026-09-04,4,4
2026-09-08,Fendi,1963319,3750,2026-09-01,7,7
2026-09-08,Fendi,1963965,1495,2026-09-01,7,5
2026-09-08,Fendi,1964456,1395,2026-09-03,5,5
2026-09-08,Fendi,1970041,1395,2026-09-03,5,5
2026-09-08,The Row,1828932,1375,2026-03-10,182,12
2026-09-08,The Row,1909140,855,2026-06-19,81,12
2026-09-08,The Row,1919133,4595,2026-07-08,62,4
2026-09-08,The Row,1924312,1275,2026-07-15,55,12
2026-09-08,The Row,1946683,2750,2026-08-07,32,12
2026-09-08,The Row,1966275,5495,2026-09-04,4,4
2026-09-08,Cartier,1888542,11675,2026-06-02,98,2
2026-09-08,Cartier,1920747,1565,2026-07-24,46,12
2026-09-08,Cartier,1936604,1250,2026-07-30,40,6
2026-09-08,Cartier,1937489,3995,2026-08-12,27,4
2026-09-08,Cartier,1938891,5995,2026-08-06,33,12
2026-09-08,Cartier,1940250,7995,2026-08-25,14,3
2026-09-08,Cartier,1940619,4995,2026-07-31,39,12
2026-09-08,Cartier,1941691,1350,2026-08-12,27,12
2026-09-08,Cartier,1942126,25950,2026-09-05,3,3
2026-09-08,Cartier,1954195,6295,2026-08-28,11,11
2026-09-08,Cartier,1954409,1295,2026-08-28,11,11
2026-09-08,Cartier,1955445,1495,2026-08-29,10,10
2026-09-08,Cartier,1957226,1650,2026-08-29,10,10
2026-09-09,Hermès,1759866,2420,2025-12-18,265,13
2026-09-09,Hermès,1787681,18915,2026-01-13,239,13
2026-09-09,Hermès,1791450,3915,2026-01-10,242,13
2026-09-09,Hermès,1795251,23800,2026-01-16,236,13
2026-09-09,Hermès,1820910,2420,2026-02-24,197,13
2026-09-09,Hermès,1823781,35240,2026-03-12,181,13
2026-09-09,Hermès,1846459,18395,2026-04-08,154,12
2026-09-09,Hermès,1862700,4315,2026-05-07,125,13
2026-09-09,Hermès,1863247,3750,2026-05-01,131,13
2026-09-09,Hermès,1869321,6740,2026-04-30,132,13
2026-09-09,Hermès,1869691,2605,2026-04-30,132,13
2026-09-09,Hermès,1880344,3495,2026-05-20,112,13
2026-09-09,Hermès,1887715,2845,2026-07-16,55,13
2026-09-09,Hermès,1892950,4160,2026-06-10,91,13
2026-09-09,Hermès,1893067,11995,2026-06-05,96,13
2026-09-09,Hermès,1902408,6370,2026-06-16,85,13
2026-09-09,Hermès,1902939,2995,2026-06-11,90,13
2026-09-09,Hermès,1905900,8650,2026-06-15,86,13
2026-09-09,Hermès,1911967,11895,2026-06-23,78,13
2026-09-09,Hermès,1913243,22495,2026-06-23,78,13
2026-09-09,Hermès,1917261,14295,2026-06-30,71,13
2026-09-09,Hermès,1920017,3675,2026-07-09,62,13
2026-09-09,Hermès,1921297,3275,2026-07-15,56,13
2026-09-09,Hermès,1923516,21595,2026-07-16,55,5
2026-09-09,Hermès,1923680,26995,2026-07-09,62,13
2026-09-09,Hermès,1926471,13295,2026-07-29,42,3
2026-09-09,Hermès,1927706,17950,2026-07-28,43,9
2026-09-09,Hermès,1928479,17950,2026-08-14,26,8
2026-09-09,Hermès,1935407,3415,2026-07-30,41,13
2026-09-09,Hermès,1941114,2795,2026-08-27,13,13
2026-09-09,Hermès,1941239,1595,2026-08-12,28,13
2026-09-09,Hermès,1941743,4395,2026-08-12,28,13
2026-09-09,Hermès,1942262,44995,2026-08-04,36,13
2026-09-09,Hermès,1943788,8640,2026-07-29,42,1
2026-09-09,Hermès,1944976,3605,2026-07-31,40,13
2026-09-09,Hermès,1953018,2795,2026-08-19,21,13
2026-09-09,Hermès,1953467,4295,2026-08-21,19,13
2026-09-09,Hermès,1957713,21995,2026-08-27,13,6
2026-09-09,Hermès,1960938,8450,2026-08-27,13,13
2026-09-09,Hermès,1961030,13995,2026-09-03,6,6
2026-09-09,Hermès,1962606,7795,2026-09-01,8,8
2026-09-09,Hermès,1962998,3495,2026-09-02,7,7
2026-09-09,Hermès,1963730,7695,2026-09-01,8,8
2026-09-09,Hermès,1965562,9550,2026-09-02,7,7
2026-09-09,Hermès,1967814,17500,2026-09-05,4,4
2026-09-09,Chanel,1728512,4000,2025-10-04,340,13
2026-09-09,Chanel,1763129,1895,2025-11-22,291,3
2026-09-09,Chanel,1786485,2500,2026-01-14,238,13
2026-09-09,Chanel,1792007,5960,2026-01-09,243,4
2026-09-09,Chanel,1797018,1330,2026-02-18,203,13
2026-09-09,Chanel,1811850,2950,2026-02-18,203,13
2026-09-09,Chanel,1813992,6250,2026-02-20,201,1
2026-09-09,Chanel,1818391,4295,2026-02-20,201,13
2026-09-09,Chanel,1823888,2995,2026-03-04,189,9
2026-09-09,Chanel,1830030,2450,2026-07-06,65,13
2026-09-09,Chanel,1831324,4595,2026-03-14,179,13
2026-09-09,Chanel,1837582,1995,2026-08-13,27,13
2026-09-09,Chanel,1838837,3450,2026-03-18,175,13
2026-09-09,Chanel,1841681,6390,2026-03-24,169,13
2026-09-09,Chanel,1849163,5995,2026-04-02,160,13
2026-09-09,Chanel,1852689,7495,2026-04-11,151,13
2026-09-09,Chanel,1857645,6795,2026-04-16,146,13
2026-09-09,Chanel,1859571,2050,2026-05-18,114,13
2026-09-09,Chanel,1865198,4945,2026-04-25,137,13
2026-09-09,Chanel,1866524,3450,2026-04-25,137,13
2026-09-09,Chanel,1870335,1950,2026-05-01,131,13
2026-09-09,Chanel,1870399,2350,2026-05-01,131,13
2026-09-09,Chanel,1872402,7095,2026-05-11,121,13
2026-09-09,Chanel,1872494,3295,2026-05-04,128,13
2026-09-09,Chanel,1873172,1325,2026-05-07,125,13
2026-09-09,Chanel,1874502,3050,2026-05-13,119,13
2026-09-09,Chanel,1876111,2695,2026-05-12,120,13
2026-09-09,Chanel,1876453,3450,2026-05-09,123,9
2026-09-09,Chanel,1881197,3970,2026-05-16,116,1
2026-09-09,Chanel,1887065,4450,2026-05-22,110,7
2026-09-09,Chanel,1888643,2895,2026-05-22,110,13
2026-09-09,Chanel,1890687,3995,2026-06-04,97,5
2026-09-09,Chanel,1892530,5995,2026-06-04,97,13
2026-09-09,Chanel,1893349,3450,2026-06-03,98,13
2026-09-09,Chanel,1893402,5695,2026-06-18,83,13
2026-09-09,Chanel,1893684,4245,2026-06-09,92,13
2026-09-09,Chanel,1893927,2750,2026-06-06,95,13
2026-09-09,Chanel,1901284,3035,2026-07-17,54,13
2026-09-09,Chanel,1901783,8995,2026-06-11,90,13
2026-09-09,Chanel,1903310,7645,2026-06-11,90,13
2026-09-09,Chanel,1903867,4595,2026-06-23,78,13
2026-09-09,Chanel,1906309,6795,2026-06-20,81,13
2026-09-09,Chanel,1906675,2800,2026-06-16,85,13
2026-09-09,Chanel,1906802,1950,2026-06-16,85,13
2026-09-09,Chanel,1909262,5030,2026-06-19,82,13
2026-09-09,Chanel,1910407,5485,2026-06-20,81,13
2026-09-09,Chanel,1911749,4595,2026-06-25,76,13
2026-09-09,Chanel,1914514,4765,2026-06-27,74,13
2026-09-09,Chanel,1914657,8025,2026-07-28,43,13
2026-09-09,Chanel,1915165,3395,2026-06-24,77,10
2026-09-09,Chanel,1915480,1332,2026-06-23,78,13
2026-09-09,Chanel,1917937,12995,2026-06-27,74,2
2026-09-09,Chanel,1917939,4295,2026-06-29,72,8
2026-09-09,Chanel,1918049,14395,2026-07-01,70,13
2026-09-09,Chanel,1919683,1095,2026-07-15,56,1
2026-09-09,Chanel,1919757,2420,2026-07-02,69,13
2026-09-09,Chanel,1920913,11995,2026-07-21,50,7
2026-09-09,Chanel,1924130,7595,2026-07-10,61,13
2026-09-09,Chanel,1925606,9995,2026-07-07,64,5
2026-09-09,Chanel,1926652,2940,2026-07-16,55,13
2026-09-09,Chanel,1926941,3995,2026-07-21,50,13
2026-09-09,Chanel,1927048,4840,2026-07-16,55,13
2026-09-09,Chanel,1928912,8495,2026-07-22,49,13
2026-09-09,Chanel,1929068,3890,2026-07-23,48,13
2026-09-09,Chanel,1935742,5495,2026-07-21,50,13
2026-09-09,Chanel,1937285,2750,2026-07-20,51,13
2026-09-09,Chanel,1940178,4320,2026-08-01,39,13
2026-09-09,Chanel,1942069,9995,2026-07-29,42,13
2026-09-09,Chanel,1942508,5995,2026-08-07,33,13
2026-09-09,Chanel,1942849,14950,2026-07-28,43,5
2026-09-09,Chanel,1945079,2675,2026-08-01,39,13
2026-09-09,Chanel,1945146,7995,2026-08-13,27,6
2026-09-09,Chanel,1945534,7120,2026-08-01,39,13
2026-09-09,Chanel,1945651,1995,2026-08-04,36,10
2026-09-09,Chanel,1947007,7695,2026-08-20,20,13
2026-09-09,Chanel,1947008,2550,2026-08-26,14,13
2026-09-09,Chanel,1947782,3995,2026-08-12,28,13
2026-09-09,Chanel,1948178,5095,2026-08-13,27,13
2026-09-09,Chanel,1948682,14995,2026-08-14,26,13
2026-09-09,Chanel,1950193,5995,2026-08-06,34,13
2026-09-09,Chanel,1950968,4445,2026-08-12,28,13
2026-09-09,Chanel,1951267,4995,2026-08-12,28,13
2026-09-09,Chanel,1951524,3995,2026-08-24,16,13
2026-09-09,Chanel,1951800,3995,2026-08-07,33,13
2026-09-09,Chanel,1951805,8495,2026-08-27,13,8
2026-09-09,Chanel,1953078,8995,2026-08-12,28,13
2026-09-09,Chanel,1953465,3195,2026-08-27,13,13
2026-09-09,Chanel,1953774,2295,2026-08-14,26,13
2026-09-09,Chanel,1954165,7295,2026-08-21,19,6
2026-09-09,Chanel,1954549,3395,2026-08-22,18,13
2026-09-09,Chanel,1954626,16995,2026-08-14,26,1
2026-09-09,Chanel,1955392,5795,2026-08-24,16,13
2026-09-09,Chanel,1956858,3395,2026-08-20,20,13
2026-09-09,Chanel,1957335,15995,2026-08-21,19,6
2026-09-09,Chanel,1958138,8995,2026-08-22,18,13
2026-09-09,Chanel,1958274,3195,2026-08-26,14,13
2026-09-09,Chanel,1958298,5195,2026-08-21,19,13
2026-09-09,Chanel,1958355,5795,2026-08-25,15,13
2026-09-09,Chanel,1958460,9950,2026-08-27,13,13
2026-09-09,Chanel,1958555,4825,2026-09-04,5,5
2026-09-09,Chanel,1958643,5450,2026-08-27,13,13
2026-09-09,Chanel,1959203,2195,2026-09-03,6,6
2026-09-09,Chanel,1960205,4995,2026-08-22,18,4
2026-09-09,Chanel,1960319,7500,2026-08-27,13,9
2026-09-09,Chanel,1960349,8595,2026-08-24,16,5
2026-09-09,Chanel,1960356,2895,2026-08-26,14,13
2026-09-09,Chanel,1961660,4595,2026-08-29,11,11
2026-09-09,Chanel,1962440,3495,2026-08-27,13,3
2026-09-09,Chanel,1963029,8150,2026-09-03,6,6
2026-09-09,Chanel,1963187,5995,2026-09-03,6,6
2026-09-09,Chanel,1963504,15995,2026-09-05,4,4
2026-09-09,Chanel,1965213,6995,2026-09-04,5,5
2026-09-09,Chanel,1965219,3050,2026-09-03,6,6
2026-09-09,Chanel,1965231,4595,2026-09-04,5,5
2026-09-09,Chanel,1965977,2495,2026-08-29,11,11
2026-09-09,Chanel,1966235,2295,2026-09-04,5,5
2026-09-09,Chanel,1966371,7995,2026-09-04,5,5
2026-09-09,Chanel,1967897,4995,2026-09-04,5,5
2026-09-09,The Row,1881527,1435,2026-05-21,111,13
2026-09-09,The Row,1901276,1175,2026-06-09,92,13
2026-09-09,The Row,1907725,1120,2026-06-24,77,13
2026-09-09,The Row,1919349,3850,2026-07-04,67,2
2026-09-09,The Row,1937766,1150,2026-08-18,22,13
2026-09-09,The Row,1962054,5995,2026-08-27,13,2
2026-09-09,The Row,1965476,4050,2026-09-03,6,6
2026-09-09,The Row,1968527,2250,2026-09-05,4,4
2026-09-09,Louis Vuitton,1728572,2395,2025-10-03,341,13
2026-09-09,Louis Vuitton,1728581,1895,2025-10-04,340,13
2026-09-09,Louis Vuitton,1793721,1950,2026-06-15,86,13
2026-09-09,Louis Vuitton,1797037,1755,2026-02-06,215,13
2026-09-09,Louis Vuitton,1800453,740,2026-01-24,228,13
2026-09-09,Louis Vuitton,1802212,855,2026-02-26,195,13
2026-09-09,Louis Vuitton,1807898,4035,2026-01-31,221,13
2026-09-09,Louis Vuitton,1812185,3280,2026-02-07,214,13
2026-09-09,Louis Vuitton,1817031,525,2026-03-11,182,13
2026-09-09,Louis Vuitton,1820072,985,2026-02-20,201,13
2026-09-09,Louis Vuitton,1824282,2990,2026-03-12,181,3
2026-09-09,Louis Vuitton,1827325,2770,2026-03-04,189,13
2026-09-09,Louis Vuitton,1832597,1350,2026-03-19,174,13
2026-09-09,Louis Vuitton,1835034,1755,2026-03-28,165,13
2026-09-09,Louis Vuitton,1836927,1895,2026-03-19,174,13
2026-09-09,Louis Vuitton,1838186,1800,2026-03-20,173,13
2026-09-09,Louis Vuitton,1848957,1435,2026-04-04,158,13
2026-09-09,Louis Vuitton,1849853,2295,2026-04-14,148,13
2026-09-09,Louis Vuitton,1852649,895,2026-04-09,153,13
2026-09-09,Louis Vuitton,1853929,1895,2026-07-30,41,13
2026-09-09,Louis Vuitton,1855370,2205,2026-04-14,148,13
2026-09-09,Louis Vuitton,1857288,2095,2026-05-06,126,13
2026-09-09,Louis Vuitton,1858215,2465,2026-04-17,145,13
2026-09-09,Louis Vuitton,1859812,1895,2026-04-17,145,13
2026-09-09,Louis Vuitton,1860068,2065,2026-04-15,147,13
2026-09-09,Louis Vuitton,1863107,1975,2026-04-21,141,13
2026-09-09,Louis Vuitton,1864220,635,2026-07-07,64,13
2026-09-09,Louis Vuitton,1864606,1375,2026-04-25,137,13
2026-09-09,Louis Vuitton,1866235,875,2026-05-01,131,13
2026-09-09,Louis Vuitton,1874936,1895,2026-05-18,114,13
2026-09-09,Louis Vuitton,1879248,1295,2026-05-13,119,11
2026-09-09,Louis Vuitton,1881100,1995,2026-05-27,105,13
2026-09-09,Louis Vuitton,1883356,1665,2026-05-18,114,13
2026-09-09,Louis Vuitton,1884979,895,2026-06-01,100,1
2026-09-09,Louis Vuitton,1893721,2970,2026-06-05,96,13
2026-09-09,Louis Vuitton,1896036,2025,2026-06-08,93,13
2026-09-09,Louis Vuitton,1901982,1800,2026-06-10,91,1
2026-09-09,Louis Vuitton,1905522,1895,2026-06-15,86,13
2026-09-09,Louis Vuitton,1907603,4135,2026-06-18,83,13
2026-09-09,Louis Vuitton,1908397,805,2026-07-01,70,13
2026-09-09,Louis Vuitton,1910741,845,2026-06-19,82,13
2026-09-09,Louis Vuitton,1911780,785,2026-06-24,77,13
2026-09-09,Louis Vuitton,1913562,1040,2026-07-15,56,13
2026-09-09,Louis Vuitton,1914707,945,2026-07-23,48,13
2026-09-09,Louis Vuitton,1915540,950,2026-07-01,70,13
2026-09-09,Louis Vuitton,1915861,1075,2026-06-24,77,13
2026-09-09,Louis Vuitton,1916539,2595,2026-06-27,74,9
2026-09-09,Louis Vuitton,1918548,1660,2026-07-14,57,13
2026-09-09,Louis Vuitton,1918831,1795,2026-07-04,67,13
2026-09-09,Louis Vuitton,1918951,2795,2026-06-27,74,4
2026-09-09,Louis Vuitton,1920079,1395,2026-07-04,67,13
2026-09-09,Louis Vuitton,1920353,1975,2026-07-07,64,13
2026-09-09,Louis Vuitton,1921625,985,2026-07-11,60,13
2026-09-09,Louis Vuitton,1922038,850,2026-07-31,40,13
2026-09-09,Louis Vuitton,1922900,1125,2026-07-10,61,13
2026-09-09,Louis Vuitton,1923904,850,2026-07-21,50,13
2026-09-09,Louis Vuitton,1926510,1705,2026-07-16,55,13
2026-09-09,Louis Vuitton,1926985,2370,2026-07-23,48,13
2026-09-09,Louis Vuitton,1927355,1420,2026-07-25,46,13
2026-09-09,Louis Vuitton,1927686,2275,2026-07-22,49,13
2026-09-09,Louis Vuitton,1927929,850,2026-07-17,54,13
2026-09-09,Louis Vuitton,1936131,3595,2026-08-11,29,13
2026-09-09,Louis Vuitton,1936206,565,2026-07-30,41,13
2026-09-09,Louis Vuitton,1939938,1230,2026-07-25,46,13
2026-09-09,Louis Vuitton,1940239,565,2026-07-29,42,13
2026-09-09,Louis Vuitton,1940429,2795,2026-08-04,36,13
2026-09-09,Louis Vuitton,1941321,1895,2026-07-25,46,6
2026-09-09,Louis Vuitton,1942909,850,2026-07-31,40,13
2026-09-09,Louis Vuitton,1943152,1895,2026-08-01,39,13
2026-09-09,Louis Vuitton,1944202,1650,2026-08-05,35,13
2026-09-09,Louis Vuitton,1944231,2995,2026-08-04,36,13
2026-09-09,Louis Vuitton,1944550,495,2026-08-04,36,2
2026-09-09,Louis Vuitton,1944764,1350,2026-08-06,34,13
2026-09-09,Louis Vuitton,1946389,1895,2026-08-05,35,13
2026-09-09,Louis Vuitton,1946530,750,2026-08-11,29,13
2026-09-09,Louis Vuitton,1947064,2095,2026-08-08,32,13
2026-09-09,Louis Vuitton,1947337,2695,2026-08-05,35,5
2026-09-09,Louis Vuitton,1947715,1495,2026-08-08,32,13
2026-09-09,Louis Vuitton,1947749,1495,2026-08-12,28,13
2026-09-09,Louis Vuitton,1948474,895,2026-08-11,29,13
2026-09-09,Louis Vuitton,1948783,1895,2026-08-05,35,2
2026-09-09,Louis Vuitton,1948877,2550,2026-08-12,28,13
2026-09-09,Louis Vuitton,1949473,795,2026-08-11,29,13
2026-09-09,Louis Vuitton,1949621,1525,2026-08-18,22,13
2026-09-09,Louis Vuitton,1949757,1750,2026-08-11,29,13
2026-09-09,Louis Vuitton,1950035,1495,2026-08-29,11,5
2026-09-09,Louis Vuitton,1952058,1495,2026-08-25,15,13
2026-09-09,Louis Vuitton,1952819,550,2026-08-12,28,13
2026-09-09,Louis Vuitton,1953432,1195,2026-08-12,28,13
2026-09-09,Louis Vuitton,1953445,795,2026-08-13,27,7
2026-09-09,Louis Vuitton,1954944,2795,2026-08-26,14,13
2026-09-09,Louis Vuitton,1954997,1995,2026-08-22,18,13
2026-09-09,Louis Vuitton,1955215,2095,2026-08-21,19,13
2026-09-09,Louis Vuitton,1955525,2150,2026-08-13,27,13
2026-09-09,Louis Vuitton,1956017,2395,2026-08-26,14,13
2026-09-09,Louis Vuitton,1956048,2850,2026-08-15,25,13
2026-09-09,Louis Vuitton,1956599,1450,2026-08-25,15,6
2026-09-09,Louis Vuitton,1956626,1995,2026-08-27,13,13
2026-09-09,Louis Vuitton,1956952,1550,2026-08-24,16,13
2026-09-09,Louis Vuitton,1957487,1650,2026-08-20,20,13
2026-09-09,Louis Vuitton,1957681,2395,2026-08-22,18,13
2026-09-09,Louis Vuitton,1957801,2695,2026-08-29,11,4
2026-09-09,Louis Vuitton,1957824,795,2026-09-02,7,7
2026-09-09,Louis Vuitton,1958283,2195,2026-08-25,15,5
2026-09-09,Louis Vuitton,1958631,995,2026-08-27,13,13
2026-09-09,Louis Vuitton,1958781,1850,2026-08-20,20,5
2026-09-09,Louis Vuitton,1959292,1295,2026-08-27,13,13
2026-09-09,Louis Vuitton,1959706,2095,2026-08-22,18,13
2026-09-09,Louis Vuitton,1959728,1995,2026-08-24,16,13
2026-09-09,Louis Vuitton,1959900,795,2026-08-25,15,13
2026-09-09,Louis Vuitton,1959934,1895,2026-08-22,18,13
2026-09-09,Louis Vuitton,1960322,2495,2026-08-26,14,13
2026-09-09,Louis Vuitton,1960593,1250,2026-08-25,15,13
2026-09-09,Louis Vuitton,1960679,2095,2026-08-27,13,13
2026-09-09,Louis Vuitton,1961532,2150,2026-08-27,13,4
2026-09-09,Louis Vuitton,1961697,2395,2026-08-28,12,12
2026-09-09,Louis Vuitton,1962057,1350,2026-08-28,12,12
2026-09-09,Louis Vuitton,1962076,2795,2026-08-26,14,13
2026-09-09,Louis Vuitton,1962653,2450,2026-08-28,12,4
2026-09-09,Louis Vuitton,1962741,4295,2026-08-25,15,11
2026-09-09,Louis Vuitton,1963162,1095,2026-09-02,7,7
2026-09-09,Louis Vuitton,1963261,895,2026-09-03,6,6
2026-09-09,Louis Vuitton,1963281,795,2026-09-03,6,6
2026-09-09,Louis Vuitton,1963436,1595,2026-08-27,13,13
2026-09-09,Louis Vuitton,1963817,1350,2026-09-02,7,7
2026-09-09,Louis Vuitton,1964044,2095,2026-09-02,7,7
2026-09-09,Louis Vuitton,1964411,595,2026-09-03,6,6
2026-09-09,Louis Vuitton,1964461,1095,2026-09-03,6,6
2026-09-09,Louis Vuitton,1964477,1595,2026-09-04,5,5
2026-09-09,Louis Vuitton,1965160,1350,2026-09-01,8,8
2026-09-09,Louis Vuitton,1965282,995,2026-09-03,6,6
2026-09-09,Louis Vuitton,1965468,1195,2026-09-04,5,5
2026-09-09,Louis Vuitton,1965852,1550,2026-09-03,6,6
2026-09-09,Louis Vuitton,1966063,1550,2026-08-31,9,9
2026-09-09,Louis Vuitton,1966449,495,2026-09-04,5,5
2026-09-09,Louis Vuitton,1966650,1495,2026-09-05,4,4
2026-09-09,Louis Vuitton,1966759,1250,2026-09-04,5,5
2026-09-09,Louis Vuitton,1966768,1995,2026-09-05,4,4
2026-09-09,Louis Vuitton,1967252,1250,2026-09-04,5,5
2026-09-09,Louis Vuitton,1967466,895,2026-09-05,4,4
2026-09-09,Louis Vuitton,1967470,1795,2026-09-05,4,4
2026-09-09,Louis Vuitton,1967551,995,2026-09-05,4,4
2026-09-09,Louis Vuitton,1968084,950,2026-09-04,5,5
2026-09-09,Louis Vuitton,1968174,1750,2026-09-04,5,5
2026-09-09,Louis Vuitton,1968240,1050,2026-09-05,4,4
2026-09-09,Louis Vuitton,1968321,4850,2026-09-04,5,4
2026-09-09,Goyard,1803296,2150,2026-02-18,203,13
2026-09-09,Goyard,1839901,2550,2026-03-18,175,13
2026-09-09,Goyard,1853582,2850,2026-04-17,145,5
2026-09-09,Goyard,1879103,2250,2026-05-12,120,8
2026-09-09,Goyard,1879704,2335,2026-05-22,110,11
2026-09-09,Goyard,1904163,2085,2026-06-13,88,13
2026-09-09,Goyard,1912172,3095,2026-07-01,70,2
2026-09-09,Goyard,1955013,5095,2026-08-26,14,13
2026-09-09,Goyard,1965338,2495,2026-09-03,6,6
2026-09-09,Goyard,1966416,3195,2026-09-04,5,5
2026-09-09,Goyard,1966696,2995,2026-09-05,4,4
2026-09-09,Dior,1729212,3415,2026-07-09,62,13
2026-09-09,Dior,1894314,2035,2026-06-06,95,13
2026-09-09,Dior,1901370,2395,2026-06-10,91,13
2026-09-09,Dior,1903482,1610,2026-06-12,89,6
2026-09-09,Dior,1917432,1895,2026-06-30,71,13
2026-09-09,Dior,1918213,4270,2026-07-15,56,13
2026-09-09,Dior,1925861,1895,2026-07-16,55,13
2026-09-09,Dior,1929070,3035,2026-07-23,48,13
2026-09-09,Dior,1941119,2995,2026-08-07,33,13
2026-09-09,Dior,1943503,2655,2026-08-01,39,13
2026-09-09,Dior,1943594,1850,2026-07-29,42,13
2026-09-09,Dior,1945776,4395,2026-08-05,35,13
2026-09-09,Dior,1946864,5195,2026-08-11,29,13
2026-09-09,Dior,1949322,3395,2026-09-01,8,8
2026-09-09,Dior,1956189,4995,2026-08-21,19,13
2026-09-09,Dior,1960495,2650,2026-08-26,14,13
2026-09-09,Dior,1961438,3295,2026-08-26,14,13
2026-09-09,Dior,1961863,4350,2026-09-01,8,7
2026-09-09,Dior,1962524,1750,2026-09-04,5,5
2026-09-09,Dior,1963062,1695,2026-09-03,6,6
2026-09-09,Dior,1963266,3195,2026-09-03,6,6
2026-09-09,Dior,1964693,2495,2026-09-01,8,8
2026-09-09,Dior,1965409,2595,2026-09-02,7,7
2026-09-09,Dior,1966542,2595,2026-09-04,5,5
2026-09-09,Dior,1968088,2895,2026-09-04,5,5
2026-09-09,Dior,1969196,1895,2026-09-05,4,4
2026-09-09,Cartier,1851564,955,2026-04-16,146,13
2026-09-09,Cartier,1928316,1195,2026-08-04,36,13
2026-09-09,Cartier,1937269,550,2026-07-31,40,13
2026-09-09,Cartier,1941905,6995,2026-08-11,29,13
2026-09-09,Cartier,1943642,8975,2026-07-30,41,13
2026-09-09,Cartier,1945438,1250,2026-08-25,15,13
2026-09-09,Cartier,1949202,1995,2026-08-21,19,13
2026-09-09,Cartier,1949923,3695,2026-08-20,20,13
2026-09-09,Cartier,1951799,1395,2026-08-24,16,13
2026-09-09,Cartier,1955295,895,2026-08-24,16,13
2026-09-09,Cartier,1957993,9595,2026-08-28,12,12
2026-09-10,Hermès,1776916,17950,2026-07-20,52,14
2026-09-10,Hermès,1792551,10810,2026-01-16,237,14
2026-09-10,Hermès,1811010,24325,2026-02-07,215,14
2026-09-10,Hermès,1811810,7840,2026-03-11,183,14
2026-09-10,Hermès,1819837,27895,2026-02-21,201,4
2026-09-10,Hermès,1832851,5480,2026-03-14,180,14
2026-09-10,Hermès,1834308,20030,2026-03-17,177,14
2026-09-10,Hermès,1841228,12595,2026-03-25,169,9
2026-09-10,Hermès,1849483,6075,2026-04-03,160,6
2026-09-10,Hermès,1860251,3890,2026-05-01,132,14
2026-09-10,Hermès,1867731,2020,2026-04-27,136,14
2026-09-10,Hermès,1876229,3275,2026-05-09,124,14
2026-09-10,Hermès,1879230,11995,2026-06-04,98,14
2026-09-10,Hermès,1881757,6395,2026-05-22,111,14
2026-09-10,Hermès,1884673,18995,2026-05-28,105,14
2026-09-10,Hermès,1888228,28795,2026-05-29,104,14
2026-09-10,Hermès,1892640,17995,2026-06-22,80,1
2026-09-10,Hermès,1904616,14530,2026-06-13,89,14
2026-09-10,Hermès,1905401,2545,2026-06-23,79,14
2026-09-10,Hermès,1913903,10350,2026-07-04,68,14
2026-09-10,Hermès,1914659,20895,2026-07-21,51,5
2026-09-10,Hermès,1914697,3795,2026-07-21,51,14
2026-09-10,Hermès,1917388,16695,2026-06-29,73,14
2026-09-10,Hermès,1920977,17545,2026-07-01,71,14
2026-09-10,Hermès,1924223,7910,2026-07-23,49,14
2026-09-10,Hermès,1925194,7645,2026-07-11,61,14
2026-09-10,Hermès,1925300,3510,2026-07-31,41,14
2026-09-10,Hermès,1935043,23995,2026-07-22,50,1
2026-09-10,Hermès,1939061,2795,2026-07-24,48,14
2026-09-10,Hermès,1942061,3595,2026-08-05,36,14
2026-09-10,Hermès,1943216,8295,2026-08-07,34,1
2026-09-10,Hermès,1944049,13950,2026-09-01,9,9
2026-09-10,Hermès,1944190,13995,2026-08-06,35,14
2026-09-10,Hermès,1950450,7250,2026-08-21,20,7
2026-09-10,Hermès,1951920,31995,2026-08-21,20,14
2026-09-10,Hermès,1952033,15395,2026-08-15,26,8
2026-09-10,Hermès,1953025,8050,2026-08-14,27,14
2026-09-10,Hermès,1955316,13995,2026-08-15,26,6
2026-09-10,Hermès,1958272,19995,2026-08-21,20,14
2026-09-10,Hermès,1958829,1795,2026-08-24,17,6
2026-09-10,Hermès,1962539,32995,2026-08-25,16,12
2026-09-10,Hermès,1963292,1995,2026-09-03,7,7
2026-09-10,Hermès,1964014,22995,2026-09-03,7,7
2026-09-10,Hermès,1965655,1595,2026-09-05,5,5
2026-09-10,Hermès,1965709,10395,2026-09-03,7,7
2026-09-10,Hermès,1965793,3095,2026-09-02,8,8
2026-09-10,Hermès,1967166,16995,2026-09-05,5,5
2026-09-10,Chanel,1714164,3795,2025-09-30,345,14
2026-09-10,Chanel,1719303,2895,2025-09-20,355,14
2026-09-10,Chanel,1724906,2590,2025-10-04,341,14
2026-09-10,Chanel,1755774,8495,2025-11-12,302,14
2026-09-10,Chanel,1767998,7735,2025-12-02,282,3
2026-09-10,Chanel,1786752,6265,2026-01-05,248,14
2026-09-10,Chanel,1787872,4595,2026-01-02,251,14
2026-09-10,Chanel,1788165,6595,2026-01-08,245,8
2026-09-10,Chanel,1794888,2010,2026-01-13,240,14
2026-09-10,Chanel,1805454,2995,2026-02-10,212,14
2026-09-10,Chanel,1808569,7250,2026-02-04,218,14
2026-09-10,Chanel,1809585,2250,2026-02-18,204,14
2026-09-10,Chanel,1817929,6355,2026-02-18,204,14
2026-09-10,Chanel,1818548,15315,2026-02-19,203,14
2026-09-10,Chanel,1822978,8535,2026-02-28,194,14
2026-09-10,Chanel,1823990,3070,2026-02-25,197,14
2026-09-10,Chanel,1827099,2655,2026-03-04,190,14
2026-09-10,Chanel,1827530,2385,2026-08-12,29,5
2026-09-10,Chanel,1831594,5995,2026-03-10,184,14
2026-09-10,Chanel,1833519,7690,2026-03-11,183,14
2026-09-10,Chanel,1837408,2395,2026-04-01,162,14
2026-09-10,Chanel,1846395,2795,2026-04-29,134,1
2026-09-10,Chanel,1849705,5995,2026-04-03,160,14
2026-09-10,Chanel,1851340,6295,2026-04-11,152,14
2026-09-10,Chanel,1860350,5595,2026-04-17,146,14
2026-09-10,Chanel,1864772,6455,2026-04-17,146,14
2026-09-10,Chanel,1869730,3150,2026-04-30,133,14
2026-09-10,Chanel,1875033,1395,2026-06-11,91,1
2026-09-10,Chanel,1878226,3150,2026-05-16,117,14
2026-09-10,Chanel,1885940,3750,2026-05-20,113,14
2026-09-10,Chanel,1890773,4595,2026-06-01,101,14
2026-09-10,Chanel,1891007,6265,2026-06-12,90,14
2026-09-10,Chanel,1891747,3595,2026-06-01,101,14
2026-09-10,Chanel,1893977,5505,2026-06-06,96,14
2026-09-10,Chanel,1903097,3820,2026-06-11,91,14
2026-09-10,Chanel,1904420,3610,2026-06-13,89,14
2026-09-10,Chanel,1908639,7195,2026-06-12,90,14
2026-09-10,Chanel,1908673,5665,2026-06-24,78,14
2026-09-10,Chanel,1910768,6525,2026-06-19,83,14
2026-09-10,Chanel,1912702,12500,2026-06-20,82,14
2026-09-10,Chanel,1914811,7495,2026-07-01,71,10
2026-09-10,Chanel,1915776,7735,2026-07-01,71,14
2026-09-10,Chanel,1918975,5295,2026-07-01,71,13
2026-09-10,Chanel,1920535,11995,2026-07-07,65,1
2026-09-10,Chanel,1920633,3895,2026-07-04,68,1
2026-09-10,Chanel,1920677,2450,2026-07-10,62,14
2026-09-10,Chanel,1921313,4080,2026-07-17,55,14
2026-09-10,Chanel,1923190,4695,2026-08-04,37,14
2026-09-10,Chanel,1924573,7595,2026-07-15,57,10
2026-09-10,Chanel,1926235,4630,2026-07-16,56,14
2026-09-10,Chanel,1927167,5735,2026-07-16,56,14
2026-09-10,Chanel,1928751,9395,2026-08-07,34,14
2026-09-10,Chanel,1935056,6325,2026-07-31,41,9
2026-09-10,Chanel,1937926,1375,2026-07-22,50,14
2026-09-10,Chanel,1938022,1705,2026-07-25,47,14
2026-09-10,Chanel,1940943,7495,2026-07-25,47,14
2026-09-10,Chanel,1941356,8545,2026-07-31,41,2
2026-09-10,Chanel,1942291,4175,2026-08-01,40,1
2026-09-10,Chanel,1944088,5595,2026-08-27,14,14
2026-09-10,Chanel,1944737,4365,2026-08-06,35,1
2026-09-10,Chanel,1944866,4080,2026-08-01,40,14
2026-09-10,Chanel,1944968,6295,2026-08-07,34,3
2026-09-10,Chanel,1946386,7995,2026-08-13,28,9
2026-09-10,Chanel,1947074,5295,2026-08-05,36,14
2026-09-10,Chanel,1948115,9250,2026-08-20,21,5
2026-09-10,Chanel,1948265,4995,2026-08-05,36,14
2026-09-10,Chanel,1951951,2495,2026-08-18,23,14
2026-09-10,Chanel,1954169,9095,2026-08-14,27,6
2026-09-10,Chanel,1954379,7495,2026-08-20,21,10
2026-09-10,Chanel,1956025,4395,2026-08-29,12,9
2026-09-10,Chanel,1958065,2695,2026-09-03,7,7
2026-09-10,Chanel,1958121,2495,2026-08-21,20,1
2026-09-10,Chanel,1958549,2095,2026-09-02,8,8
2026-09-10,Chanel,1959643,1150,2026-09-04,6,6
2026-09-10,Chanel,1960692,2595,2026-08-22,19,14
2026-09-10,Chanel,1960992,5995,2026-09-03,7,7
2026-09-10,Chanel,1961625,1050,2026-08-28,13,13
2026-09-10,Chanel,1961904,2795,2026-09-02,8,8
2026-09-10,Chanel,1962476,2795,2026-08-25,16,14
2026-09-10,Chanel,1962699,13995,2026-09-04,6,6
2026-09-10,Chanel,1964743,3995,2026-09-04,6,6
2026-09-10,Chanel,1965700,14995,2026-09-03,7,7
2026-09-10,Chanel,1967588,3595,2026-09-09,1,1
2026-09-10,Chanel,1968499,8195,2026-09-09,1,1
2026-09-10,The Row,1867412,1990,2026-04-28,135,14
2026-09-10,The Row,1940948,2845,2026-07-25,47,2
2026-09-10,The Row,1951616,5250,2026-08-12,29,6
2026-09-10,The Row,1952759,4995,2026-08-25,16,14
2026-09-10,Louis Vuitton,1739042,1150,2025-10-20,325,2
2026-09-10,Louis Vuitton,1754198,2075,2026-09-09,1,1
2026-09-10,Louis Vuitton,1782638,930,2026-01-16,237,14
2026-09-10,Louis Vuitton,1785407,675,2026-07-07,65,14
2026-09-10,Louis Vuitton,1786890,1915,2026-01-02,251,14
2026-09-10,Louis Vuitton,1796742,735,2026-01-24,229,1
2026-09-10,Louis Vuitton,1799782,2705,2026-01-21,232,14
2026-09-10,Louis Vuitton,1806202,895,2026-08-11,30,14
2026-09-10,Louis Vuitton,1818286,1900,2026-02-18,204,14
2026-09-10,Louis Vuitton,1826249,2350,2026-03-04,190,14
2026-09-10,Louis Vuitton,1832853,2085,2026-03-19,175,14
2026-09-10,Louis Vuitton,1835349,1115,2026-03-17,177,14
2026-09-10,Louis Vuitton,1836158,585,2026-04-06,157,14
2026-09-10,Louis Vuitton,1840139,1185,2026-04-09,154,14
2026-09-10,Louis Vuitton,1842296,1660,2026-04-07,156,14
2026-09-10,Louis Vuitton,1844653,1480,2026-03-26,168,14
2026-09-10,Louis Vuitton,1855550,945,2026-04-10,153,14
2026-09-10,Louis Vuitton,1856338,2940,2026-04-17,146,14
2026-09-10,Louis Vuitton,1859676,995,2026-05-05,128,14
2026-09-10,Louis Vuitton,1868230,1250,2026-05-11,122,14
2026-09-10,Louis Vuitton,1869844,1040,2026-05-18,115,14
2026-09-10,Louis Vuitton,1870220,2060,2026-04-30,133,14
2026-09-10,Louis Vuitton,1871461,5195,2026-05-02,131,4
2026-09-10,Louis Vuitton,1872664,1295,2026-05-04,129,14
2026-09-10,Louis Vuitton,1873373,395,2026-05-11,122,14
2026-09-10,Louis Vuitton,1876242,1515,2026-05-11,122,14
2026-09-10,Louis Vuitton,1876925,1115,2026-05-29,104,14
2026-09-10,Louis Vuitton,1878506,2230,2026-05-15,118,14
2026-09-10,Louis Vuitton,1878990,1420,2026-05-21,112,14
2026-09-10,Louis Vuitton,1882838,2715,2026-05-27,106,14
2026-09-10,Louis Vuitton,1888080,1565,2026-05-19,114,14
2026-09-10,Louis Vuitton,1892126,1440,2026-06-06,96,14
2026-09-10,Louis Vuitton,1903381,930,2026-06-12,90,1
2026-09-10,Louis Vuitton,1903515,1325,2026-07-17,55,14
2026-09-10,Louis Vuitton,1905205,2795,2026-06-22,80,14
2026-09-10,Louis Vuitton,1907791,550,2026-06-17,85,14
2026-09-10,Louis Vuitton,1908176,1400,2026-06-17,85,12
2026-09-10,Louis Vuitton,1908474,535,2026-06-30,72,14
2026-09-10,Louis Vuitton,1908789,1750,2026-06-18,84,14
2026-09-10,Louis Vuitton,1909851,855,2026-06-30,72,14
2026-09-10,Louis Vuitton,1914652,1135,2026-07-22,50,14
2026-09-10,Louis Vuitton,1916000,2515,2026-07-04,68,14
2026-09-10,Louis Vuitton,1917676,1420,2026-07-08,64,14
2026-09-10,Louis Vuitton,1918795,1040,2026-06-30,72,14
2026-09-10,Louis Vuitton,1919360,1595,2026-07-15,57,5
2026-09-10,Louis Vuitton,1920356,1515,2026-07-01,71,14
2026-09-10,Louis Vuitton,1921863,3105,2026-07-04,68,14
2026-09-10,Louis Vuitton,1921945,700,2026-07-30,42,14
2026-09-10,Louis Vuitton,1922108,945,2026-07-21,51,14
2026-09-10,Louis Vuitton,1922261,895,2026-07-30,42,14
2026-09-10,Louis Vuitton,1922474,2245,2026-07-04,68,14
2026-09-10,Louis Vuitton,1922675,2750,2026-07-04,68,5
2026-09-10,Louis Vuitton,1922763,1515,2026-07-16,56,14
2026-09-10,Louis Vuitton,1923910,1515,2026-07-21,51,14
2026-09-10,Louis Vuitton,1924098,1280,2026-07-14,58,14
2026-09-10,Louis Vuitton,1924761,1990,2026-07-16,56,14
2026-09-10,Louis Vuitton,1925252,1895,2026-07-14,58,14
2026-09-10,Louis Vuitton,1926367,2180,2026-07-17,55,14
2026-09-10,Louis Vuitton,1935902,640,2026-07-18,54,14
2026-09-10,Louis Vuitton,1935905,1660,2026-07-23,49,14
2026-09-10,Louis Vuitton,1936270,1040,2026-07-23,49,14
2026-09-10,Louis Vuitton,1937450,2750,2026-07-28,44,14
2026-09-10,Louis Vuitton,1937709,1325,2026-07-31,41,14
2026-09-10,Louis Vuitton,1938484,1040,2026-07-24,48,14
2026-09-10,Louis Vuitton,1938494,1800,2026-07-24,48,14
2026-09-10,Louis Vuitton,1938544,2420,2026-07-24,48,14
2026-09-10,Louis Vuitton,1939123,690,2026-07-24,48,14
2026-09-10,Louis Vuitton,1939359,805,2026-07-24,48,14
2026-09-10,Louis Vuitton,1939406,1230,2026-07-24,48,14
2026-09-10,Louis Vuitton,1939502,2705,2026-07-24,48,14
2026-09-10,Louis Vuitton,1939967,1295,2026-08-06,35,14
2026-09-10,Louis Vuitton,1940015,3130,2026-07-25,47,14
2026-09-10,Louis Vuitton,1940023,1755,2026-07-29,43,14
2026-09-10,Louis Vuitton,1940209,1755,2026-07-25,47,14
2026-09-10,Louis Vuitton,1940231,755,2026-07-25,47,14
2026-09-10,Louis Vuitton,1940489,2750,2026-07-25,47,14
2026-09-10,Louis Vuitton,1940565,1470,2026-07-25,47,14
2026-09-10,Louis Vuitton,1941011,1250,2026-08-25,16,14
2026-09-10,Louis Vuitton,1941285,5410,2026-07-25,47,14
2026-09-10,Louis Vuitton,1942009,1095,2026-08-04,37,14
2026-09-10,Louis Vuitton,1942302,2940,2026-07-28,44,14
2026-09-10,Louis Vuitton,1944139,1395,2026-08-13,28,14
2026-09-10,Louis Vuitton,1946488,2695,2026-08-06,35,8
2026-09-10,Louis Vuitton,1946940,750,2026-08-06,35,14
2026-09-10,Louis Vuitton,1947691,950,2026-08-05,36,14
2026-09-10,Louis Vuitton,1948539,1995,2026-08-11,30,14
2026-09-10,Louis Vuitton,1949541,550,2026-08-12,29,6
2026-09-10,Louis Vuitton,1950275,895,2026-08-12,29,14
2026-09-10,Louis Vuitton,1950460,1250,2026-08-22,19,14
2026-09-10,Louis Vuitton,1950756,2095,2026-08-13,28,14
2026-09-10,Louis Vuitton,1950813,2195,2026-08-13,28,14
2026-09-10,Louis Vuitton,1950983,1925,2026-08-18,23,14
2026-09-10,Louis Vuitton,1951436,2995,2026-08-13,28,14
2026-09-10,Louis Vuitton,1951599,2795,2026-08-19,22,14
2026-09-10,Louis Vuitton,1952465,1195,2026-08-21,20,14
2026-09-10,Louis Vuitton,1952755,2195,2026-08-12,29,14
2026-09-10,Louis Vuitton,1955044,850,2026-08-19,22,14
2026-09-10,Louis Vuitton,1956086,2295,2026-08-25,16,14
2026-09-10,Louis Vuitton,1956092,1695,2026-08-21,20,14
2026-09-10,Louis Vuitton,1956374,1250,2026-08-15,26,14
2026-09-10,Louis Vuitton,1956587,1295,2026-08-26,15,14
2026-09-10,Louis Vuitton,1956929,1250,2026-08-21,20,14
2026-09-10,Louis Vuitton,1957823,9595,2026-08-18,23,10
2026-09-10,Louis Vuitton,1958280,2550,2026-08-25,16,14
2026-09-10,Louis Vuitton,1959009,795,2026-08-29,12,12
2026-09-10,Louis Vuitton,1959607,1095,2026-08-25,16,14
2026-09-10,Louis Vuitton,1959830,795,2026-08-25,16,14
2026-09-10,Louis Vuitton,1959884,2095,2026-08-25,16,14
2026-09-10,Louis Vuitton,1960083,1295,2026-09-09,1,1
2026-09-10,Louis Vuitton,1961139,1495,2026-09-04,6,6
2026-09-10,Louis Vuitton,1962749,825,2026-09-03,7,1
2026-09-10,Louis Vuitton,1963080,2795,2026-09-03,7,7
2026-09-10,Louis Vuitton,1963485,1895,2026-08-28,13,13
2026-09-10,Louis Vuitton,1963847,825,2026-09-09,1,1
2026-09-10,Louis Vuitton,1963853,1425,2026-08-26,15,6
2026-09-10,Louis Vuitton,1964168,1195,2026-09-09,1,1
2026-09-10,Louis Vuitton,1964257,795,2026-09-09,1,1
2026-09-10,Louis Vuitton,1964670,1350,2026-08-29,12,12
2026-09-10,Louis Vuitton,1964735,1495,2026-09-04,6,6
2026-09-10,Louis Vuitton,1965230,1150,2026-09-04,6,6
2026-09-10,Louis Vuitton,1965339,2495,2026-09-02,8,8
2026-09-10,Louis Vuitton,1965451,1450,2026-09-04,6,6
2026-09-10,Louis Vuitton,1965880,2095,2026-09-05,5,5
2026-09-10,Louis Vuitton,1966004,1895,2026-09-05,5,5
2026-09-10,Louis Vuitton,1966852,2195,2026-09-05,5,5
2026-09-10,Louis Vuitton,1967107,2195,2026-09-04,6,6
2026-09-10,Louis Vuitton,1967182,1695,2026-09-04,6,6
2026-09-10,Louis Vuitton,1967195,1750,2026-09-05,5,5
2026-09-10,Louis Vuitton,1967995,3995,2026-09-09,1,1
2026-09-10,Louis Vuitton,1968195,995,2026-09-05,5,5
2026-09-10,Louis Vuitton,1968485,2250,2026-09-04,6,6
2026-09-10,Louis Vuitton,1968762,2295,2026-09-05,5,5
2026-09-10,Goyard,1838294,3750,2026-03-24,170,9
2026-09-10,Goyard,1854325,2895,2026-06-15,87,14
2026-09-10,Goyard,1864479,2875,2026-04-25,138,14
2026-09-10,Goyard,1870750,2230,2026-05-01,132,1
2026-09-10,Goyard,1875604,2095,2026-05-08,125,14
2026-09-10,Goyard,1878485,2275,2026-05-11,122,14
2026-09-10,Goyard,1938787,4365,2026-07-24,48,14
2026-09-10,Goyard,1939594,2230,2026-07-24,48,14
2026-09-10,Goyard,1939740,2560,2026-07-25,47,14
2026-09-10,Goyard,1951432,2795,2026-08-14,27,14
2026-09-10,Goyard,1961334,1750,2026-08-26,15,14
2026-09-10,Goyard,1961511,2995,2026-08-25,16,6
2026-09-10,Dior,1756430,4435,2025-11-19,295,14
2026-09-10,Dior,1845980,3035,2026-04-09,154,14
2026-09-10,Dior,1883943,1995,2026-05-18,115,1
2026-09-10,Dior,1915561,1215,2026-06-24,78,14
2026-09-10,Dior,1918627,875,2026-07-08,64,1
2026-09-10,Dior,1938304,850,2026-07-25,47,14
2026-09-10,Dior,1938493,1545,2026-07-24,48,14
2026-09-10,Dior,1939139,2180,2026-07-24,48,13
2026-09-10,Dior,1941315,2370,2026-07-25,47,14
2026-09-10,Dior,1941413,2695,2026-08-07,34,3
2026-09-10,Dior,1950448,1695,2026-08-27,14,14
2026-09-10,Dior,1957807,3595,2026-08-21,20,13
2026-09-10,Dior,1965023,1695,2026-09-05,5,5
2026-09-10,Dior,1965075,1295,2026-08-28,13,13
2026-09-10,Dior,1966093,3195,2026-09-09,1,1
2026-09-10,Cartier,1840867,8995,2026-04-04,159,13
2026-09-10,Cartier,1892716,2250,2026-06-24,78,8
2026-09-10,Cartier,1901362,1665,2026-06-18,84,14
2026-09-10,Cartier,1905300,1325,2026-07-17,55,14
2026-09-10,Cartier,1922258,950,2026-08-11,30,14
2026-09-10,Cartier,1925937,1595,2026-08-11,30,14
2026-09-10,Cartier,1944520,2795,2026-09-03,7,7
2026-09-10,Cartier,1947572,2595,2026-09-04,6,6
2026-09-10,Cartier,1953142,4725,2026-09-09,1,1
2026-09-10,Prada,1744023,550,2025-10-27,318,1
2026-09-10,Prada,1763351,1960,2026-06-15,87,1
2026-09-10,Prada,1804890,400,2026-02-16,206,1
2026-09-10,Prada,1806591,1265,2026-02-05,217,1
2026-09-10,Prada,1829739,665,2026-03-07,187,1
2026-09-10,Prada,1838324,950,2026-03-21,173,1
2026-09-10,Prada,1852451,1095,2026-04-09,154,1
2026-09-10,Prada,1856306,2090,2026-04-16,147,1
2026-09-10,Prada,1867229,1955,2026-05-06,127,1
2026-09-10,Prada,1880369,1995,2026-05-16,117,1
2026-09-10,Prada,1885740,2695,2026-05-19,114,1
2026-09-10,Prada,1903774,1400,2026-06-12,90,1
2026-09-10,Prada,1937378,985,2026-07-25,47,1
2026-09-10,Prada,1939448,695,2026-07-24,48,1
2026-09-10,Prada,1942642,2040,2026-08-11,30,1
2026-09-10,Prada,1946880,975,2026-08-07,34,1
2026-09-10,Prada,1962227,2995,2026-09-03,7,1
2026-09-10,Prada,1962509,1895,2026-08-26,15,1
2026-09-10,Prada,1966514,850,2026-09-09,1,1
2026-09-10,Prada,1966609,450,2026-09-09,1,1
2026-09-10,Prada,1966860,2050,2026-09-04,6,1
2026-09-10,Prada,1967766,2195,2026-09-09,1,1
2026-09-10,Bottega Veneta,1721678,695,2025-09-27,348,1
2026-09-10,Bottega Veneta,1806416,1480,2026-02-04,218,1
2026-09-10,Bottega Veneta,1811294,1250,2026-02-21,201,1
2026-09-10,Bottega Veneta,1848989,3415,2026-03-31,163,1
2026-09-10,Bottega Veneta,1853772,3445,2026-04-15,148,1
2026-09-10,Bottega Veneta,1868263,3310,2026-05-02,131,1
2026-09-10,Bottega Veneta,1873226,1835,2026-05-08,125,1
2026-09-10,Bottega Veneta,1877262,650,2026-05-09,124,1
2026-09-10,Bottega Veneta,1877956,820,2026-07-23,49,1
2026-09-10,Bottega Veneta,1880549,1495,2026-05-14,119,1
2026-09-10,Bottega Veneta,1883364,3445,2026-05-14,119,1
2026-09-10,Bottega Veneta,1887883,1550,2026-05-29,104,1
2026-09-10,Bottega Veneta,1889409,955,2026-05-30,103,1
2026-09-10,Bottega Veneta,1889867,1395,2026-05-27,106,1
2026-09-10,Bottega Veneta,1909731,3370,2026-07-01,71,1
2026-09-10,Bottega Veneta,1912598,1015,2026-06-22,80,1
2026-09-10,Bottega Veneta,1920845,1660,2026-07-11,61,1
2026-09-10,Bottega Veneta,1923272,1695,2026-07-29,43,1
2026-09-10,Bottega Veneta,1936731,895,2026-07-23,49,1
2026-09-10,Bottega Veneta,1939360,2515,2026-07-24,48,1
2026-09-10,Bottega Veneta,1940784,1895,2026-07-29,43,1
2026-09-10,Bottega Veneta,1940832,1610,2026-08-06,35,1
2026-09-10,Bottega Veneta,1943151,2370,2026-07-29,43,1
2026-09-10,Bottega Veneta,1946755,4080,2026-08-07,34,1
2026-09-10,Bottega Veneta,1952297,3370,2026-08-13,28,1
2026-09-10,Bottega Veneta,1957727,1595,2026-08-25,16,1
2026-09-10,Bottega Veneta,1959805,3395,2026-08-22,19,1
2026-09-10,Bottega Veneta,1964588,1695,2026-09-01,9,1
2026-09-10,Bottega Veneta,1964613,895,2026-09-02,8,1
2026-09-10,Bottega Veneta,1968325,1250,2026-09-05,5,1
2026-09-10,Celine,1732940,1015,2025-10-15,330,1
2026-09-10,Celine,1794923,1650,2026-01-16,237,1
2026-09-10,Celine,1880765,1075,2026-05-21,112,1
2026-09-10,Celine,1884631,2635,2026-05-19,114,1
2026-09-10,Celine,1885592,1075,2026-05-21,112,1
2026-09-10,Celine,1887219,745,2026-05-21,112,1
2026-09-10,Celine,1902843,1080,2026-06-12,90,1
2026-09-10,Celine,1903159,2875,2026-06-16,86,1
2026-09-10,Celine,1915837,760,2026-06-25,77,1
2026-09-10,Celine,1938582,2065,2026-07-22,50,1
2026-09-10,Celine,1938985,1305,2026-07-24,48,1
2026-09-10,Celine,1944636,2610,2026-08-08,33,1
2026-09-10,Celine,1948530,2845,2026-08-11,30,1
2026-09-10,Celine,1965843,1695,2026-09-03,7,1
2026-09-11,Hermès,1794354,18770,2026-01-23,231,15
2026-09-11,Hermès,1796282,9535,2026-01-29,225,15
2026-09-11,Hermès,1814040,33915,2026-02-12,211,2
2026-09-11,Hermès,1824456,5995,2026-06-06,97,7
2026-09-11,Hermès,1826804,2420,2026-03-24,171,15
2026-09-11,Hermès,1835324,33995,2026-08-07,35,4
2026-09-11,Hermès,1844169,25500,2026-03-31,164,15
2026-09-11,Hermès,1854576,3295,2026-04-15,149,15
2026-09-11,Hermès,1855881,4095,2026-04-24,140,11
2026-09-11,Hermès,1859526,405,2026-05-14,120,15
2026-09-11,Hermès,1860898,3070,2026-04-25,139,15
2026-09-11,Hermès,1883046,5455,2026-05-28,106,13
2026-09-11,Hermès,1886648,8595,2026-05-22,112,15
2026-09-11,Hermès,1887732,3890,2026-05-28,106,15
2026-09-11,Hermès,1891172,2845,2026-06-01,102,15
2026-09-11,Hermès,1901748,4295,2026-06-20,83,15
2026-09-11,Hermès,1910064,2995,2026-06-30,73,15
2026-09-11,Hermès,1911131,52995,2026-06-25,78,15
2026-09-11,Hermès,1912668,3995,2026-06-20,83,7
2026-09-11,Hermès,1914449,5595,2026-07-06,67,15
2026-09-11,Hermès,1914457,4995,2026-07-02,71,15
2026-09-11,Hermès,1919318,2995,2026-07-16,57,11
2026-09-11,Hermès,1919321,24695,2026-07-15,58,15
2026-09-11,Hermès,1924620,21375,2026-07-22,51,15
2026-09-11,Hermès,1925062,18895,2026-07-11,62,15
2026-09-11,Hermès,1926615,2420,2026-07-23,50,15
2026-09-11,Hermès,1938632,2775,2026-08-04,38,15
2026-09-11,Hermès,1939104,26995,2026-08-05,37,15
2026-09-11,Hermès,1939430,27995,2026-08-04,38,15
2026-09-11,Hermès,1939565,26595,2026-07-29,44,15
2026-09-11,Hermès,1940318,2675,2026-08-05,37,15
2026-09-11,Hermès,1942841,4080,2026-08-01,41,15
2026-09-11,Hermès,1944815,2845,2026-07-31,42,15
2026-09-11,Hermès,1946783,9495,2026-08-07,35,6
2026-09-11,Hermès,1947950,31995,2026-08-05,37,9
2026-09-11,Hermès,1951054,4095,2026-08-19,23,15
2026-09-11,Hermès,1951684,5995,2026-08-12,30,9
2026-09-11,Hermès,1956319,15500,2026-08-20,22,15
2026-09-11,Hermès,1957185,19995,2026-09-03,8,8
2026-09-11,Hermès,1958305,3995,2026-08-18,24,15
2026-09-11,Hermès,1958344,3895,2026-08-25,17,15
2026-09-11,Hermès,1959166,20500,2026-08-27,15,15
2026-09-11,Hermès,1959868,8995,2026-09-02,9,9
2026-09-11,Hermès,1960801,16250,2026-08-26,16,15
2026-09-11,Hermès,1960951,5995,2026-08-27,15,15
2026-09-11,Hermès,1962870,23995,2026-09-01,10,4
2026-09-11,Hermès,1962956,6795,2026-09-04,7,7
2026-09-11,Hermès,1963227,9795,2026-08-27,15,15
2026-09-11,Hermès,1963570,11250,2026-09-03,8,8
2026-09-11,Hermès,1965081,4395,2026-09-10,1,1
2026-09-11,Hermès,1965661,1525,2026-09-04,7,7
2026-09-11,Hermès,1966375,4995,2026-09-10,1,1
2026-09-11,Hermès,1967268,17995,2026-09-10,1,1
2026-09-11,Hermès,1967540,6025,2026-09-05,6,6
2026-09-11,Hermès,1968818,3650,2026-09-10,1,1
2026-09-11,Hermès,1969440,24995,2026-09-10,1,1
2026-09-11,Chanel,1656262,3350,2026-06-15,88,15
2026-09-11,Chanel,1698230,5995,2025-08-25,382,15
2026-09-11,Chanel,1733823,4460,2025-10-12,334,15
2026-09-11,Chanel,1734263,2895,2026-07-09,64,15
2026-09-11,Chanel,1736730,2225,2025-10-18,328,15
2026-09-11,Chanel,1742323,4195,2026-07-20,53,15
2026-09-11,Chanel,1744927,4545,2025-10-29,317,15
2026-09-11,Chanel,1755903,1995,2025-11-14,301,15
2026-09-11,Chanel,1763529,7205,2025-11-23,292,15
2026-09-11,Chanel,1766796,5935,2025-12-01,284,15
2026-09-11,Chanel,1769321,2855,2026-01-23,231,15
2026-09-11,Chanel,1773503,3300,2026-02-11,212,15
2026-09-11,Chanel,1798421,5400,2026-01-20,234,15
2026-09-11,Chanel,1800148,2195,2026-03-11,184,15
2026-09-11,Chanel,1801147,8535,2026-01-23,231,15
2026-09-11,Chanel,1804604,5945,2026-02-03,220,15
2026-09-11,Chanel,1810742,6265,2026-02-07,216,15
2026-09-11,Chanel,1813397,6095,2026-02-25,198,15
2026-09-11,Chanel,1823495,2850,2026-03-19,176,15
2026-09-11,Chanel,1825489,4295,2026-02-28,195,15
2026-09-11,Chanel,1828842,1995,2026-05-15,119,15
2026-09-11,Chanel,1829729,10170,2026-03-07,188,9
2026-09-11,Chanel,1833321,3295,2026-03-04,191,15
2026-09-11,Chanel,1837404,2295,2026-04-02,162,15
2026-09-11,Chanel,1837425,1432,2026-04-02,162,15
2026-09-11,Chanel,1837480,2495,2026-04-01,163,15
2026-09-11,Chanel,1839836,4495,2026-03-20,175,8
2026-09-11,Chanel,1840164,3495,2026-04-09,155,12
2026-09-11,Chanel,1841532,3250,2026-07-06,67,15
2026-09-11,Chanel,1842536,2995,2026-07-18,55,15
2026-09-11,Chanel,1843084,1995,2026-07-03,70,15
2026-09-11,Chanel,1844283,2795,2026-04-23,141,15
2026-09-11,Chanel,1844809,2250,2026-03-31,164,15
2026-09-11,Chanel,1845785,3695,2026-04-08,156,7
2026-09-11,Chanel,1846013,4095,2026-04-16,148,15
2026-09-11,Chanel,1846238,6495,2026-03-28,167,14
2026-09-11,Chanel,1847038,5695,2026-07-17,56,15
2026-09-11,Chanel,1847155,2495,2026-07-07,66,15
2026-09-11,Chanel,1847402,2150,2026-04-17,147,15
2026-09-11,Chanel,1847519,2595,2026-04-17,147,15
2026-09-11,Chanel,1847673,2450,2026-04-16,148,15
2026-09-11,Chanel,1847677,2125,2026-04-16,148,15
2026-09-11,Chanel,1847720,3795,2026-04-07,157,8
2026-09-11,Chanel,1850814,2560,2026-05-05,129,15
2026-09-11,Chanel,1855818,1705,2026-07-17,56,15
2026-09-11,Chanel,1857001,6195,2026-04-22,142,15
2026-09-11,Chanel,1858322,1885,2026-07-06,67,15
2026-09-11,Chanel,1859511,2895,2026-05-12,122,15
2026-09-11,Chanel,1859653,2450,2026-05-27,107,15
2026-09-11,Chanel,1860059,2025,2026-04-22,142,15
2026-09-11,Chanel,1861021,9095,2026-04-17,147,4
2026-09-11,Chanel,1863182,4340,2026-07-18,55,15
2026-09-11,Chanel,1865343,2075,2026-05-18,116,15
2026-09-11,Chanel,1866475,1975,2026-05-06,128,15
2026-09-11,Chanel,1867753,2295,2026-04-27,137,15
2026-09-11,Chanel,1868610,1295,2026-05-06,128,15
2026-09-11,Chanel,1868621,1645,2026-05-02,132,15
2026-09-11,Chanel,1869175,2850,2026-04-30,134,7
2026-09-11,Chanel,1869948,2235,2026-05-18,116,15
2026-09-11,Chanel,1870212,2295,2026-05-12,122,10
2026-09-11,Chanel,1871100,2120,2026-05-02,132,15
2026-09-11,Chanel,1871933,3970,2026-05-04,130,2
2026-09-11,Chanel,1872861,3250,2026-06-04,99,15
2026-09-11,Chanel,1874171,2625,2026-06-09,94,15
2026-09-11,Chanel,1874502,2895,2026-05-13,121,1
2026-09-11,Chanel,1874806,2075,2026-05-27,107,15
2026-09-11,Chanel,1874972,2460,2026-05-22,112,15
2026-09-11,Chanel,1875531,3595,2026-05-07,127,14
2026-09-11,Chanel,1875755,6250,2026-05-14,120,15
2026-09-11,Chanel,1875849,2995,2026-05-08,126,15
2026-09-11,Chanel,1881537,3795,2026-05-20,114,15
2026-09-11,Chanel,1884119,3595,2026-05-22,112,15
2026-09-11,Chanel,1886801,2395,2026-05-29,105,15
2026-09-11,Chanel,1887466,6300,2026-05-22,112,15
2026-09-11,Chanel,1887723,4365,2026-07-17,56,15
2026-09-11,Chanel,1890424,3695,2026-05-27,107,15
2026-09-11,Chanel,1890462,2895,2026-06-09,94,10
2026-09-11,Chanel,1890586,3345,2026-06-02,101,15
2026-09-11,Chanel,1891296,4745,2026-06-04,99,7
2026-09-11,Chanel,1893301,4080,2026-06-05,98,15
2026-09-11,Chanel,1895572,6075,2026-06-08,95,2
2026-09-11,Chanel,1902631,4245,2026-06-10,93,15
2026-09-11,Chanel,1902914,4270,2026-06-11,92,5
2026-09-11,Chanel,1903301,2395,2026-06-24,79,2
2026-09-11,Chanel,1904068,4365,2026-06-12,91,15
2026-09-11,Chanel,1904468,1895,2026-06-14,89,15
2026-09-11,Chanel,1905402,3450,2026-06-20,83,15
2026-09-11,Chanel,1905603,2375,2026-06-17,86,15
2026-09-11,Chanel,1905644,7995,2026-06-15,88,4
2026-09-11,Chanel,1908575,3995,2026-07-01,72,15
2026-09-11,Chanel,1908598,2550,2026-06-18,85,7
2026-09-11,Chanel,1908956,2290,2026-06-18,85,15
2026-09-11,Chanel,1909605,2965,2026-06-29,74,15
2026-09-11,Chanel,1909659,3595,2026-06-19,84,15
2026-09-11,Chanel,1909733,4295,2026-06-25,78,15
2026-09-11,Chanel,1911573,2610,2026-06-27,76,6
2026-09-11,Chanel,1911744,13775,2026-06-20,83,7
2026-09-11,Chanel,1912447,2245,2026-07-06,67,15
2026-09-11,Chanel,1913052,2705,2026-07-22,51,15
2026-09-11,Chanel,1913095,8500,2026-06-30,73,12
2026-09-11,Chanel,1917070,5335,2026-07-04,69,15
2026-09-11,Chanel,1917716,4350,2026-07-09,64,15
2026-09-11,Chanel,1917857,3325,2026-07-07,66,15
2026-09-11,Chanel,1918515,4745,2026-07-14,59,15
2026-09-11,Chanel,1918690,7285,2026-07-08,65,15
2026-09-11,Chanel,1919265,4595,2026-07-14,59,11
2026-09-11,Chanel,1919356,4745,2026-07-15,58,15
2026-09-11,Chanel,1920975,4095,2026-07-09,64,2
2026-09-11,Chanel,1921043,3450,2026-07-14,59,15
2026-09-11,Chanel,1921099,5500,2026-08-11,31,15
2026-09-11,Chanel,1921847,6565,2026-07-11,62,15
2026-09-11,Chanel,1922304,5600,2026-07-14,59,15
2026-09-11,Chanel,1922508,4250,2026-07-11,62,15
2026-09-11,Chanel,1923710,4585,2026-07-08,65,15
2026-09-11,Chanel,1924420,5695,2026-08-01,41,15
2026-09-11,Chanel,1924713,3095,2026-07-15,58,15
2026-09-11,Chanel,1924797,2605,2026-07-10,63,15
2026-09-11,Chanel,1925736,4555,2026-07-28,45,15
2026-09-11,Chanel,1926086,2375,2026-07-31,42,7
2026-09-11,Chanel,1926105,4325,2026-07-16,57,2
2026-09-11,Chanel,1927122,4630,2026-07-16,57,15
2026-09-11,Chanel,1927362,3320,2026-07-23,50,15
2026-09-11,Chanel,1927562,4475,2026-08-05,37,15
2026-09-11,Chanel,1927821,4495,2026-07-21,52,2
2026-09-11,Chanel,1928990,4555,2026-07-30,43,7
2026-09-11,Chanel,1934805,4195,2026-08-04,38,15
2026-09-11,Chanel,1935254,2525,2026-08-07,35,15
2026-09-11,Chanel,1935632,3895,2026-07-14,59,15
2026-09-11,Chanel,1937878,3225,2026-07-29,44,14
2026-09-11,Chanel,1938014,4295,2026-07-20,53,15
2026-09-11,Chanel,1939007,2995,2026-07-24,49,7
2026-09-11,Chanel,1939791,3700,2026-07-25,48,15
2026-09-11,Chanel,1939793,3890,2026-08-04,38,2
2026-09-11,Chanel,1939892,1895,2026-08-05,37,15
2026-09-11,Chanel,1940005,4080,2026-07-29,44,15
2026-09-11,Chanel,1940329,3750,2026-08-07,35,15
2026-09-11,Chanel,1940483,4080,2026-07-25,48,11
2026-09-11,Chanel,1940732,3795,2026-07-29,44,15
2026-09-11,Chanel,1941247,3035,2026-07-30,43,15
2026-09-11,Chanel,1942024,4395,2026-08-04,38,15
2026-09-11,Chanel,1942269,4555,2026-07-28,45,15
2026-09-11,Chanel,1942366,4425,2026-08-07,35,15
2026-09-11,Chanel,1942706,2750,2026-07-31,42,15
2026-09-11,Chanel,1942849,14950,2026-07-28,45,1
2026-09-11,Chanel,1943001,7195,2026-08-04,38,15
2026-09-11,Chanel,1943243,3035,2026-07-31,42,15
2026-09-11,Chanel,1943355,2560,2026-07-29,44,15
2026-09-11,Chanel,1944059,2295,2026-08-25,17,15
2026-09-11,Chanel,1945448,3825,2026-08-05,37,15
2026-09-11,Chanel,1945942,4575,2026-08-05,37,15
2026-09-11,Chanel,1945964,3295,2026-08-04,38,15
2026-09-11,Chanel,1946217,2750,2026-08-06,36,15
2026-09-11,Chanel,1946312,3995,2026-08-06,36,15
2026-09-11,Chanel,1946800,4395,2026-08-05,37,15
2026-09-11,Chanel,1946890,3395,2026-08-05,37,6
2026-09-11,Chanel,1947120,4095,2026-08-06,36,15
2026-09-11,Chanel,1947159,3995,2026-08-05,37,15
2026-09-11,Chanel,1947354,6265,2026-08-07,35,1
2026-09-11,Chanel,1947949,6595,2026-08-05,37,15
2026-09-11,Chanel,1948556,3395,2026-08-05,37,15
2026-09-11,Chanel,1949002,2795,2026-08-07,35,15
2026-09-11,Chanel,1949459,3395,2026-08-11,31,15
2026-09-11,Chanel,1951918,17995,2026-08-12,30,2
2026-09-11,Chanel,1951957,3795,2026-08-08,34,4
2026-09-11,Chanel,1952900,3675,2026-08-15,27,15
2026-09-11,Chanel,1954113,3395,2026-08-13,29,5
2026-09-11,Chanel,1954606,2095,2026-08-28,14,14
2026-09-11,Chanel,1958975,1095,2026-08-29,13,13
2026-09-11,Chanel,1959807,4095,2026-08-22,20,15
2026-09-11,Chanel,1961050,2850,2026-09-09,2,2
2026-09-11,Chanel,1961257,16795,2026-09-03,8,8
2026-09-11,Chanel,1961867,1995,2026-08-28,14,14
2026-09-11,Chanel,1961961,14995,2026-08-29,13,13
2026-09-11,Chanel,1963469,15995,2026-09-04,7,7
2026-09-11,Chanel,1963897,4495,2026-08-28,14,2
2026-09-11,Chanel,1963904,1950,2026-09-03,8,8
2026-09-11,Chanel,1966112,5995,2026-09-10,1,1
2026-09-11,Chanel,1966826,8550,2026-09-04,7,7
2026-09-11,Chanel,1967483,1595,2026-09-05,6,2
2026-09-11,Chanel,1967790,8850,2026-09-10,1,1
2026-09-11,Chanel,1968243,3895,2026-09-10,1,1
2026-09-11,Chanel,1969084,2495,2026-09-10,1,1
2026-09-11,Chanel,1969245,2150,2026-09-10,1,1
2026-09-11,Chanel,1969679,6295,2026-09-10,1,1
2026-09-11,Chanel,1969991,2950,2026-09-10,1,1
2026-09-11,The Row,1890973,2595,2026-06-03,100,15
2026-09-11,The Row,1909834,1350,2026-06-30,73,15
2026-09-11,The Row,1927306,5495,2026-07-17,56,15
2026-09-11,The Row,1937335,5980,2026-07-22,51,15
2026-09-11,The Row,1962792,4695,2026-09-01,10,10
2026-09-11,The Row,1963737,2095,2026-09-05,6,6
2026-09-11,The Row,1968251,1750,2026-09-10,1,1
2026-09-11,The Row,1969709,3995,2026-09-10,1,1
2026-09-11,Louis Vuitton,1750708,2705,2026-07-09,64,15
2026-09-11,Louis Vuitton,1769299,900,2026-02-09,214,15
2026-09-11,Louis Vuitton,1793025,3845,2026-01-15,239,15
2026-09-11,Louis Vuitton,1798040,1765,2026-08-26,16,15
2026-09-11,Louis Vuitton,1799301,2140,2026-02-02,221,15
2026-09-11,Louis Vuitton,1821362,1705,2026-07-06,67,15
2026-09-11,Louis Vuitton,1821939,850,2026-08-24,18,15
2026-09-11,Louis Vuitton,1823755,2670,2026-03-03,192,15
2026-09-11,Louis Vuitton,1826141,3060,2026-03-13,182,15
2026-09-11,Louis Vuitton,1826232,585,2026-03-20,175,15
2026-09-11,Louis Vuitton,1826892,1125,2026-07-07,66,15
2026-09-11,Louis Vuitton,1828192,2135,2026-06-09,94,15
2026-09-11,Louis Vuitton,1828226,1035,2026-03-04,191,15
2026-09-11,Louis Vuitton,1829459,2490,2026-03-14,181,3
2026-09-11,Louis Vuitton,1833313,630,2026-08-21,21,15
2026-09-11,Louis Vuitton,1834099,2855,2026-03-12,183,9
2026-09-11,Louis Vuitton,1835528,930,2026-03-18,177,15
2026-09-11,Louis Vuitton,1835691,2325,2026-03-13,182,6
2026-09-11,Louis Vuitton,1836170,1195,2026-06-04,99,15
2026-09-11,Louis Vuitton,1837580,1615,2026-04-24,140,15
2026-09-11,Louis Vuitton,1841470,2245,2026-03-26,169,15
2026-09-11,Louis Vuitton,1842355,975,2026-04-07,157,15
2026-09-11,Louis Vuitton,1842513,1250,2026-07-07,66,3
2026-09-11,Louis Vuitton,1843552,1295,2026-05-15,119,15
2026-09-11,Louis Vuitton,1847270,2995,2026-04-01,163,12
2026-09-11,Louis Vuitton,1847636,850,2026-07-18,55,15
2026-09-11,Louis Vuitton,1847671,760,2026-04-16,148,15
2026-09-11,Louis Vuitton,1849826,1040,2026-05-05,129,15
2026-09-11,Louis Vuitton,1849990,5395,2026-04-08,156,15
2026-09-11,Louis Vuitton,1852675,465,2026-07-06,67,15
2026-09-11,Louis Vuitton,1854982,930,2026-04-14,150,15
2026-09-11,Louis Vuitton,1855241,1395,2026-04-16,148,15
2026-09-11,Louis Vuitton,1856888,1095,2026-04-22,142,1
2026-09-11,Louis Vuitton,1857553,1125,2026-04-14,150,15
2026-09-11,Louis Vuitton,1857862,1595,2026-04-14,150,15
2026-09-11,Louis Vuitton,1859587,1040,2026-07-18,55,15
2026-09-11,Louis Vuitton,1859862,1565,2026-07-18,55,15
2026-09-11,Louis Vuitton,1861594,785,2026-07-18,55,15
2026-09-11,Louis Vuitton,1861812,850,2026-07-18,55,15
2026-09-11,Louis Vuitton,1862757,1195,2026-04-23,141,15
2026-09-11,Louis Vuitton,1863474,3865,2026-04-17,147,15
2026-09-11,Louis Vuitton,1865056,1975,2026-04-25,139,15
2026-09-11,Louis Vuitton,1865251,895,2026-05-12,122,3
2026-09-11,Louis Vuitton,1865529,2470,2026-05-11,123,15
2026-09-11,Louis Vuitton,1865551,1550,2026-08-21,21,12
2026-09-11,Louis Vuitton,1865755,1935,2026-05-02,132,15
2026-09-11,Louis Vuitton,1866653,14595,2026-04-17,147,2
2026-09-11,Louis Vuitton,1866664,505,2026-05-05,129,15
2026-09-11,Louis Vuitton,1866953,1850,2026-05-11,123,15
2026-09-11,Louis Vuitton,1867665,1010,2026-05-02,132,15
2026-09-11,Louis Vuitton,1868242,945,2026-07-18,55,15
2026-09-11,Louis Vuitton,1868715,1750,2026-08-21,21,15
2026-09-11,Louis Vuitton,1869451,3195,2026-05-02,132,15
2026-09-11,Louis Vuitton,1869651,900,2026-07-18,55,15
2026-09-11,Louis Vuitton,1869888,2095,2026-05-13,121,15
2026-09-11,Louis Vuitton,1870183,2845,2026-05-14,120,15
2026-09-11,Louis Vuitton,1870562,585,2026-05-06,128,15
2026-09-11,Louis Vuitton,1871921,2495,2026-05-06,128,3
2026-09-11,Louis Vuitton,1871991,3070,2026-05-08,126,15
2026-09-11,Louis Vuitton,1872832,900,2026-05-19,115,15
2026-09-11,Louis Vuitton,1874911,1095,2026-05-18,116,9
2026-09-11,Louis Vuitton,1874925,1325,2026-05-21,113,15
2026-09-11,Louis Vuitton,1875149,2395,2026-07-24,49,15
2026-09-11,Louis Vuitton,1875672,845,2026-08-10,32,15
2026-09-11,Louis Vuitton,1876526,1315,2026-07-06,67,15
2026-09-11,Louis Vuitton,1876949,850,2026-05-30,104,15
2026-09-11,Louis Vuitton,1876953,955,2026-08-10,32,15
2026-09-11,Louis Vuitton,1877086,715,2026-08-10,32,15
2026-09-11,Louis Vuitton,1877120,1230,2026-06-17,86,15
2026-09-11,Louis Vuitton,1877543,1795,2026-08-26,16,15
2026-09-11,Louis Vuitton,1878156,1995,2026-07-18,55,10
2026-09-11,Louis Vuitton,1878448,1325,2026-05-13,121,15
2026-09-11,Louis Vuitton,1881926,1270,2026-05-27,107,15
2026-09-11,Louis Vuitton,1882981,1035,2026-05-27,107,15
2026-09-11,Louis Vuitton,1883807,600,2026-08-10,32,15
2026-09-11,Louis Vuitton,1884366,1295,2026-05-20,114,4
2026-09-11,Louis Vuitton,1885077,765,2026-05-29,105,15
2026-09-11,Louis Vuitton,1885091,2065,2026-05-29,105,15
2026-09-11,Louis Vuitton,1885864,1355,2026-05-27,107,15
2026-09-11,Louis Vuitton,1886369,1295,2026-05-19,115,15
2026-09-11,Louis Vuitton,1887028,1250,2026-05-23,111,15
2026-09-11,Louis Vuitton,1889171,1950,2026-05-22,112,15
2026-09-11,Louis Vuitton,1889767,920,2026-05-30,104,15
2026-09-11,Louis Vuitton,1889878,2795,2026-05-30,104,15
2026-09-11,Louis Vuitton,1890777,995,2026-06-01,102,15
2026-09-11,Louis Vuitton,1891888,2195,2026-07-22,51,15
2026-09-11,Louis Vuitton,1893033,900,2026-06-06,97,15
2026-09-11,Louis Vuitton,1901308,1435,2026-06-22,81,15
2026-09-11,Louis Vuitton,1901319,1185,2026-06-22,81,15
2026-09-11,Louis Vuitton,1902443,3595,2026-06-11,92,7
2026-09-11,Louis Vuitton,1902582,2995,2026-06-22,81,2
2026-09-11,Louis Vuitton,1902674,2995,2026-06-12,91,7
2026-09-11,Louis Vuitton,1903681,2195,2026-06-12,91,11
2026-09-11,Louis Vuitton,1904084,1185,2026-06-15,88,15
2026-09-11,Louis Vuitton,1904801,1255,2026-06-15,88,15
2026-09-11,Louis Vuitton,1905704,1755,2026-06-15,88,15
2026-09-11,Louis Vuitton,1906377,795,2026-06-18,85,15
2026-09-11,Louis Vuitton,1906450,2095,2026-06-17,86,6
2026-09-11,Louis Vuitton,1907467,805,2026-06-16,87,15
2026-09-11,Louis Vuitton,1909265,3595,2026-06-20,83,15
2026-09-11,Louis Vuitton,1911091,2095,2026-06-25,78,9
2026-09-11,Louis Vuitton,1911225,5350,2026-06-12,91,15
2026-09-11,Louis Vuitton,1911302,1935,2026-06-25,78,15
2026-09-11,Louis Vuitton,1911484,3795,2026-06-25,78,11
2026-09-11,Louis Vuitton,1912139,2495,2026-07-01,72,5
2026-09-11,Louis Vuitton,1912198,1485,2026-07-09,64,15
2026-09-11,Louis Vuitton,1912856,1040,2026-06-20,83,15
2026-09-11,Louis Vuitton,1913152,1615,2026-06-30,73,15
2026-09-11,Louis Vuitton,1913805,2275,2026-07-17,56,15
2026-09-11,Louis Vuitton,1914046,1185,2026-06-23,80,15
2026-09-11,Louis Vuitton,1914185,1470,2026-07-07,66,15
2026-09-11,Louis Vuitton,1917514,2565,2026-07-01,72,15
2026-09-11,Louis Vuitton,1917692,2750,2026-06-30,73,14
2026-09-11,Louis Vuitton,1917932,2585,2026-06-30,73,15
2026-09-11,Louis Vuitton,1919039,425,2026-07-14,59,15
2026-09-11,Louis Vuitton,1921367,1165,2026-07-08,65,15
2026-09-11,Louis Vuitton,1921587,2295,2026-07-04,69,15
2026-09-11,Louis Vuitton,1922580,805,2026-07-23,50,15
2026-09-11,Louis Vuitton,1922805,1755,2026-07-14,59,15
2026-09-11,Louis Vuitton,1923039,995,2026-07-30,43,15
2026-09-11,Louis Vuitton,1924150,3510,2026-07-16,57,15
2026-09-11,Louis Vuitton,1924214,1420,2026-07-23,50,15
2026-09-11,Louis Vuitton,1924730,1515,2026-07-17,56,15
2026-09-11,Louis Vuitton,1925095,1165,2026-07-09,64,15
2026-09-11,Louis Vuitton,1925907,3320,2026-07-15,58,15
2026-09-11,Louis Vuitton,1925980,2695,2026-07-08,65,9
2026-09-11,Louis Vuitton,1926892,830,2026-07-11,62,15
2026-09-11,Louis Vuitton,1926992,2450,2026-08-04,38,15
2026-09-11,Louis Vuitton,1927161,2695,2026-07-21,52,15
2026-09-11,Louis Vuitton,1927685,1040,2026-07-17,56,15
2026-09-11,Louis Vuitton,1928089,1895,2026-07-28,45,15
2026-09-11,Louis Vuitton,1928763,1850,2026-08-07,35,15
2026-09-11,Louis Vuitton,1929174,1150,2026-07-23,50,1
2026-09-11,Louis Vuitton,1935012,895,2026-08-26,16,15
2026-09-11,Louis Vuitton,1935209,2845,2026-07-21,52,15
2026-09-11,Louis Vuitton,1935392,1040,2026-07-25,48,15
2026-09-11,Louis Vuitton,1936105,750,2026-09-09,2,2
2026-09-11,Louis Vuitton,1936173,750,2026-09-09,2,2
2026-09-11,Louis Vuitton,1936240,595,2026-09-01,10,10
2026-09-11,Louis Vuitton,1937432,1705,2026-07-28,45,15
2026-09-11,Louis Vuitton,1937544,2610,2026-07-28,45,15
2026-09-11,Louis Vuitton,1937656,3605,2026-07-28,45,15
2026-09-11,Louis Vuitton,1937856,405,2026-07-31,42,15
2026-09-11,Louis Vuitton,1938607,1515,2026-07-22,51,15
2026-09-11,Louis Vuitton,1939135,1990,2026-08-01,41,15
2026-09-11,Louis Vuitton,1939191,805,2026-07-29,44,15
2026-09-11,Louis Vuitton,1939229,2550,2026-07-28,45,2
2026-09-11,Louis Vuitton,1939322,2895,2026-07-30,43,15
2026-09-11,Louis Vuitton,1940629,2845,2026-07-30,43,15
2026-09-11,Louis Vuitton,1941627,1995,2026-08-04,38,15
2026-09-11,Louis Vuitton,1941778,2305,2026-07-29,44,15
2026-09-11,Louis Vuitton,1941780,1895,2026-07-31,42,6
2026-09-11,Louis Vuitton,1942255,3550,2026-07-28,45,11
2026-09-11,Louis Vuitton,1942343,575,2026-08-06,36,14
2026-09-11,Louis Vuitton,1942450,1280,2026-08-01,41,15
2026-09-11,Louis Vuitton,1942595,765,2026-07-28,45,15
2026-09-11,Louis Vuitton,1942804,3370,2026-08-01,41,15
2026-09-11,Louis Vuitton,1944890,3795,2026-08-01,41,15
2026-09-11,Louis Vuitton,1945365,2295,2026-08-07,35,15
2026-09-11,Louis Vuitton,1945387,2550,2026-08-07,35,15
2026-09-11,Louis Vuitton,1945861,2250,2026-08-05,37,15
2026-09-11,Louis Vuitton,1946674,2075,2026-08-06,36,15
2026-09-11,Louis Vuitton,1946686,3395,2026-08-12,30,15
2026-09-11,Louis Vuitton,1946724,2295,2026-08-05,37,15
2026-09-11,Louis Vuitton,1947984,2995,2026-08-06,36,15
2026-09-11,Louis Vuitton,1948033,8595,2026-08-12,30,15
2026-09-11,Louis Vuitton,1948352,2195,2026-08-18,24,15
2026-09-11,Louis Vuitton,1948919,950,2026-08-05,37,15
2026-09-11,Louis Vuitton,1949355,750,2026-08-11,31,15
2026-09-11,Louis Vuitton,1949424,795,2026-08-11,31,2
2026-09-11,Louis Vuitton,1949468,895,2026-08-12,30,15
2026-09-11,Louis Vuitton,1949522,1550,2026-08-11,31,15
2026-09-11,Louis Vuitton,1949572,1395,2026-08-12,30,15
2026-09-11,Louis Vuitton,1951592,595,2026-08-18,24,15
2026-09-11,Louis Vuitton,1952208,2495,2026-08-14,28,15
2026-09-11,Louis Vuitton,1952285,2195,2026-08-18,24,15
2026-09-11,Louis Vuitton,1953791,1950,2026-08-22,20,8
2026-09-11,Louis Vuitton,1954679,795,2026-09-01,10,10
2026-09-11,Louis Vuitton,1954807,1395,2026-09-10,1,1
2026-09-11,Louis Vuitton,1954987,1295,2026-08-25,17,15
2026-09-11,Louis Vuitton,1955001,3195,2026-08-26,16,15
2026-09-11,Louis Vuitton,1955002,2095,2026-08-25,17,15
2026-09-11,Louis Vuitton,1956047,1450,2026-08-27,15,15
2026-09-11,Louis Vuitton,1956222,750,2026-08-19,23,15
2026-09-11,Louis Vuitton,1957050,650,2026-08-27,15,15
2026-09-11,Louis Vuitton,1957585,995,2026-08-25,17,15
2026-09-11,Louis Vuitton,1957624,1695,2026-08-27,15,15
2026-09-11,Louis Vuitton,1957706,1250,2026-08-26,16,15
2026-09-11,Louis Vuitton,1957743,2095,2026-08-25,17,15
2026-09-11,Louis Vuitton,1958431,2295,2026-08-26,16,15
2026-09-11,Louis Vuitton,1958488,775,2026-08-21,21,14
2026-09-11,Louis Vuitton,1958493,1995,2026-08-22,20,15
2026-09-11,Louis Vuitton,1958900,975,2026-08-28,14,14
2026-09-11,Louis Vuitton,1959813,1950,2026-08-25,17,15
2026-09-11,Louis Vuitton,1959960,1195,2026-09-10,1,1
2026-09-11,Louis Vuitton,1960163,1395,2026-08-27,15,15
2026-09-11,Louis Vuitton,1960842,1095,2026-08-28,14,3
2026-09-11,Louis Vuitton,1961038,695,2026-09-04,7,7
2026-09-11,Louis Vuitton,1961786,2050,2026-08-28,14,14
2026-09-11,Louis Vuitton,1961860,2395,2026-08-27,15,15
2026-09-11,Louis Vuitton,1962011,2495,2026-08-27,15,15
2026-09-11,Louis Vuitton,1962679,2995,2026-08-27,15,15
2026-09-11,Louis Vuitton,1963120,1395,2026-08-27,15,3
2026-09-11,Louis Vuitton,1963395,795,2026-09-09,2,2
2026-09-11,Louis Vuitton,1963743,950,2026-08-28,14,14
2026-09-11,Louis Vuitton,1964446,1095,2026-09-03,8,8
2026-09-11,Louis Vuitton,1965024,1395,2026-09-10,1,1
2026-09-11,Louis Vuitton,1965159,1750,2026-09-03,8,8
2026-09-11,Louis Vuitton,1965844,2095,2026-09-03,8,8
2026-09-11,Louis Vuitton,1965922,1195,2026-09-09,2,2
2026-09-11,Louis Vuitton,1965987,3095,2026-08-29,13,13
2026-09-11,Louis Vuitton,1966013,2395,2026-09-04,7,7
2026-09-11,Louis Vuitton,1966154,2850,2026-09-10,1,1
2026-09-11,Louis Vuitton,1966168,1595,2026-09-04,7,7
2026-09-11,Louis Vuitton,1966390,1395,2026-09-09,2,2
2026-09-11,Louis Vuitton,1966398,3395,2026-09-04,7,7
2026-09-11,Louis Vuitton,1966433,1695,2026-09-10,1,1
2026-09-11,Louis Vuitton,1966449,495,2026-09-04,7,1
2026-09-11,Louis Vuitton,1966496,650,2026-09-09,2,2
2026-09-11,Louis Vuitton,1966584,1350,2026-09-10,1,1
2026-09-11,Louis Vuitton,1967080,1595,2026-09-09,2,2
2026-09-11,Louis Vuitton,1967164,1095,2026-09-09,2,2
2026-09-11,Louis Vuitton,1967333,895,2026-09-10,1,1
2026-09-11,Louis Vuitton,1967466,895,2026-09-05,6,1
2026-09-11,Louis Vuitton,1967702,2150,2026-09-04,7,2
2026-09-11,Louis Vuitton,1967785,2350,2026-09-10,1,1
2026-09-11,Louis Vuitton,1967857,725,2026-09-09,2,2
2026-09-11,Louis Vuitton,1968022,1350,2026-09-04,7,7
2026-09-11,Louis Vuitton,1968097,1750,2026-09-04,7,7
2026-09-11,Louis Vuitton,1968130,12295,2026-09-10,1,1
2026-09-11,Louis Vuitton,1968202,525,2026-09-10,1,1
2026-09-11,Louis Vuitton,1968398,900,2026-09-05,6,6
2026-09-11,Louis Vuitton,1968729,1995,2026-09-10,1,1
2026-09-11,Louis Vuitton,1968945,1995,2026-09-10,1,1
2026-09-11,Louis Vuitton,1969087,995,2026-09-10,1,1
2026-09-11,Louis Vuitton,1969167,1925,2026-09-10,1,1
2026-09-11,Louis Vuitton,1969394,1250,2026-09-10,1,1
2026-09-11,Louis Vuitton,1969453,1650,2026-09-10,1,1
2026-09-11,Louis Vuitton,1969483,795,2026-09-10,1,1
2026-09-11,Louis Vuitton,1969699,895,2026-09-10,1,1
2026-09-11,Louis Vuitton,1970827,1095,2026-09-10,1,1
2026-09-11,Louis Vuitton,1970841,1295,2026-09-10,1,1
2026-09-11,Louis Vuitton,1970915,2095,2026-09-10,1,1
2026-09-11,Louis Vuitton,1971305,3695,2026-09-10,1,1
2026-09-11,Goyard,1781784,2220,2025-12-22,263,3
2026-09-11,Goyard,1847136,2195,2026-07-07,66,15
2026-09-11,Goyard,1886008,2545,2026-05-21,113,13
2026-09-11,Goyard,1887882,2715,2026-05-21,113,15
2026-09-11,Goyard,1902159,2545,2026-06-17,86,15
2026-09-11,Goyard,1906497,2005,2026-06-15,88,15
2026-09-11,Goyard,1912174,3325,2026-07-02,71,15
2026-09-11,Goyard,1922759,2450,2026-07-08,65,15
2026-09-11,Goyard,1934894,2465,2026-07-21,52,15
2026-09-11,Goyard,1939271,2995,2026-07-31,42,15
2026-09-11,Goyard,1944655,1950,2026-08-13,29,15
2026-09-11,Goyard,1945662,2595,2026-08-04,38,15
2026-09-11,Goyard,1950129,3995,2026-08-06,36,15
2026-09-11,Goyard,1958133,3995,2026-08-21,21,15
2026-09-11,Goyard,1959001,2195,2026-09-01,10,7
2026-09-11,Dior,1786712,4080,2026-01-13,241,15
2026-09-11,Dior,1797295,2750,2026-02-03,220,15
2026-09-11,Dior,1801994,715,2026-05-15,119,15
2026-09-11,Dior,1832970,1500,2026-03-12,183,15
2026-09-11,Dior,1836618,3195,2026-03-19,176,11
2026-09-11,Dior,1837131,2035,2026-03-14,181,15
2026-09-11,Dior,1839340,850,2026-04-07,157,4
2026-09-11,Dior,1842358,3995,2026-04-07,157,10
2026-09-11,Dior,1845783,2920,2026-03-27,168,15
2026-09-11,Dior,1846749,2895,2026-04-02,162,15
2026-09-11,Dior,1849949,1515,2026-07-18,55,15
2026-09-11,Dior,1850637,8750,2026-04-09,155,15
2026-09-11,Dior,1852558,3995,2026-04-04,160,14
2026-09-11,Dior,1857906,610,2026-04-18,146,15
2026-09-11,Dior,1861152,1120,2026-04-22,142,15
2026-09-11,Dior,1861499,2195,2026-04-21,143,1
2026-09-11,Dior,1863554,2025,2026-04-21,143,15
2026-09-11,Dior,1864677,1195,2026-07-17,56,15
2026-09-11,Dior,1865980,2545,2026-05-05,129,15
2026-09-11,Dior,1880349,4295,2026-05-15,119,15
2026-09-11,Dior,1881499,4245,2026-05-21,113,15
2026-09-11,Dior,1884304,2545,2026-05-19,115,15
2026-09-11,Dior,1885909,1695,2026-05-27,107,15
2026-09-11,Dior,1885953,985,2026-05-28,106,15
2026-09-11,Dior,1886694,2425,2026-05-18,116,15
2026-09-11,Dior,1888065,2630,2026-05-29,105,15
2026-09-11,Dior,1888456,2200,2026-05-26,108,15
2026-09-11,Dior,1890214,2555,2026-05-30,104,15
2026-09-11,Dior,1901826,3495,2026-06-19,84,3
2026-09-11,Dior,1903815,1665,2026-06-12,91,15
2026-09-11,Dior,1908566,2450,2026-06-18,85,2
2026-09-11,Dior,1914143,3595,2026-07-02,71,15
2026-09-11,Dior,1914561,1345,2026-06-23,80,15
2026-09-11,Dior,1918893,4495,2026-07-02,71,15
2026-09-11,Dior,1920868,1705,2026-07-15,58,15
2026-09-11,Dior,1921719,1705,2026-07-10,63,15
2026-09-11,Dior,1923878,2095,2026-07-30,43,15
2026-09-11,Dior,1936938,3195,2026-07-31,42,1
2026-09-11,Dior,1938792,2370,2026-07-31,42,15
2026-09-11,Dior,1941282,3795,2026-08-06,36,15
2026-09-11,Dior,1942022,2995,2026-08-04,38,14
2026-09-11,Dior,1947772,4295,2026-08-06,36,15
2026-09-11,Dior,1948294,3595,2026-08-07,35,15
2026-09-11,Dior,1952513,625,2026-08-22,20,15
2026-09-11,Dior,1956724,1450,2026-08-22,20,15
2026-09-11,Dior,1957944,3895,2026-08-24,18,15
2026-09-11,Dior,1962967,2095,2026-08-29,13,13
2026-09-11,Dior,1965206,2595,2026-09-04,7,7
2026-09-11,Dior,1967658,3650,2026-09-09,2,2
2026-09-11,Dior,1970643,1650,2026-09-10,1,1
2026-09-11,Cartier,1858100,1160,2026-04-28,136,15
2026-09-11,Cartier,1860563,950,2026-05-06,128,15
2026-09-11,Cartier,1865005,1565,2026-04-29,135,15
2026-09-11,Cartier,1914617,1090,2026-07-18,55,15
2026-09-11,Cartier,1916395,1035,2026-07-09,64,15
2026-09-11,Cartier,1916938,1090,2026-07-28,45,15
2026-09-11,Cartier,1917883,5695,2026-07-28,45,15
2026-09-11,Cartier,1918573,8545,2026-07-24,49,5
2026-09-11,Cartier,1919543,2395,2026-08-07,35,15
2026-09-11,Cartier,1919870,6265,2026-07-28,45,7
2026-09-11,Cartier,1923280,5295,2026-08-11,31,15
2026-09-11,Cartier,1924793,2230,2026-07-28,45,15
2026-09-11,Cartier,1925351,1280,2026-07-28,45,15
2026-09-11,Cartier,1937133,4695,2026-08-18,24,15
2026-09-11,Cartier,1937930,1185,2026-07-30,43,15
2026-09-11,Cartier,1938297,995,2026-08-13,29,15
2026-09-11,Cartier,1942485,6495,2026-08-20,22,2
2026-09-11,Cartier,1943166,8995,2026-08-24,18,15
2026-09-11,Cartier,1944439,1450,2026-09-09,2,2
2026-09-11,Cartier,1948252,1995,2026-08-29,13,13
2026-09-11,Cartier,1955433,11495,2026-08-29,13,2
2026-09-11,Prada,1773380,785,2026-07-18,55,2
2026-09-11,Prada,1803969,620,2026-07-18,55,2
2026-09-11,Prada,1804999,760,2026-07-17,56,2
2026-09-11,Prada,1820803,600,2026-07-17,56,2
2026-09-11,Prada,1851760,1395,2026-07-18,55,2
2026-09-11,Prada,1858775,895,2026-04-17,147,2
2026-09-11,Prada,1860888,1135,2026-04-22,142,2
2026-09-11,Prada,1865361,1225,2026-05-05,129,2
2026-09-11,Prada,1866075,1605,2026-05-01,133,1
2026-09-11,Prada,1871365,850,2026-05-05,129,2
2026-09-11,Prada,1887606,395,2026-06-01,102,2
2026-09-11,Prada,1890331,2095,2026-05-30,104,2
2026-09-11,Prada,1906494,1835,2026-06-16,87,2
2026-09-11,Prada,1909705,3595,2026-06-24,79,2
2026-09-11,Prada,1948764,750,2026-08-05,37,2
2026-09-11,Prada,1950155,510,2026-08-13,29,2
2026-09-11,Prada,1951183,850,2026-08-14,28,2
2026-09-11,Prada,1953244,1095,2026-08-22,20,2
2026-09-11,Prada,1956595,1495,2026-08-22,20,1
2026-09-11,Prada,1963794,995,2026-09-02,9,2
2026-09-11,Prada,1971616,995,2026-09-10,1,1
2026-09-11,Bottega Veneta,1778161,3385,2025-12-26,259,2
2026-09-11,Bottega Veneta,1826208,1020,2026-03-03,192,2
2026-09-11,Bottega Veneta,1831214,2915,2026-03-18,177,2
2026-09-11,Bottega Veneta,1835980,1465,2026-03-13,182,2
2026-09-11,Bottega Veneta,1852540,3495,2026-04-14,150,2
2026-09-11,Bottega Veneta,1882147,2595,2026-05-16,118,2
2026-09-11,Bottega Veneta,1892059,1320,2026-06-03,100,2
2026-09-11,Bottega Veneta,1893789,3495,2026-06-05,98,2
2026-09-11,Bottega Veneta,1917079,4195,2026-07-10,63,2
2026-09-11,Bottega Veneta,1917733,1470,2026-07-10,63,2
2026-09-11,Bottega Veneta,1918235,1695,2026-06-30,73,2
2026-09-11,Bottega Veneta,1919048,1435,2026-07-02,71,2
2026-09-11,Bottega Veneta,1920444,2850,2026-07-16,57,2
2026-09-11,Bottega Veneta,1920740,3685,2026-07-10,63,2
2026-09-11,Bottega Veneta,1921553,3180,2026-07-04,69,2
2026-09-11,Bottega Veneta,1923464,3795,2026-07-06,67,2
2026-09-11,Bottega Veneta,1927287,4295,2026-07-21,52,2
2026-09-11,Bottega Veneta,1935939,2655,2026-07-20,53,2
2026-09-11,Bottega Veneta,1938176,830,2026-07-22,51,2
2026-09-11,Bottega Veneta,1942827,2705,2026-08-06,36,2
2026-09-11,Bottega Veneta,1948942,2895,2026-08-07,35,2
2026-09-11,Bottega Veneta,1949227,1280,2026-08-11,31,2
2026-09-11,Bottega Veneta,1953079,1230,2026-08-12,30,2
2026-09-11,Bottega Veneta,1956185,650,2026-08-25,17,2
2026-09-11,Bottega Veneta,1957822,1250,2026-08-24,18,2
2026-09-11,Bottega Veneta,1958453,1195,2026-08-27,15,2
2026-09-11,Bottega Veneta,1961489,1195,2026-08-25,17,2
2026-09-11,Bottega Veneta,1963106,2895,2026-09-02,9,2
2026-09-11,Bottega Veneta,1963858,795,2026-09-02,9,2
2026-09-11,Bottega Veneta,1964914,1995,2026-09-03,8,2
2026-09-11,Bottega Veneta,1965386,1495,2026-09-02,9,2
2026-09-11,Bottega Veneta,1965882,2095,2026-09-05,6,2
2026-09-11,Bottega Veneta,1966094,1695,2026-09-10,1,1
2026-09-11,Bottega Veneta,1966118,1695,2026-09-01,10,2
2026-09-11,Bottega Veneta,1966903,1250,2026-09-09,2,2
2026-09-11,Bottega Veneta,1968852,595,2026-09-10,1,1
2026-09-11,Bottega Veneta,1969186,2795,2026-09-10,1,1
2026-09-11,Bottega Veneta,1969374,1895,2026-09-10,1,1
2026-09-11,Bottega Veneta,1970534,2395,2026-09-10,1,1
2026-09-11,Bottega Veneta,1970855,1395,2026-09-10,1,1
2026-09-11,Celine,1723760,2695,2025-10-03,343,2
2026-09-11,Celine,1829016,755,2026-07-20,53,2
2026-09-11,Celine,1829122,3595,2026-03-20,175,2
2026-09-11,Celine,1863965,695,2026-07-06,67,2
2026-09-11,Celine,1869822,2620,2026-05-13,121,2
2026-09-11,Celine,1869934,785,2026-05-11,123,2
2026-09-11,Celine,1875363,975,2026-05-07,127,2
2026-09-11,Celine,1877642,2795,2026-05-12,122,2
2026-09-11,Celine,1881098,955,2026-05-15,119,2
2026-09-11,Celine,1909453,505,2026-06-30,73,2
2026-09-11,Celine,1921455,2995,2026-07-04,69,2
2026-09-11,Celine,1938406,690,2026-08-06,36,2
2026-09-11,Celine,1939755,1755,2026-07-29,44,2
2026-09-11,Celine,1939814,3130,2026-08-04,38,2
2026-09-11,Celine,1947193,2750,2026-08-12,30,2
2026-09-11,Celine,1950878,1325,2026-08-12,30,2
2026-09-11,Celine,1957023,1150,2026-08-25,17,2
2026-09-11,Celine,1963668,1295,2026-08-28,14,2
2026-09-11,Celine,1965028,950,2026-09-04,7,2
2026-09-11,Celine,1967134,650,2026-09-02,9,2
2026-09-11,Celine,1968459,1250,2026-09-05,6,2
2026-09-11,Celine,1970423,950,2026-09-10,1,1
2026-09-11,Celine,1970910,1095,2026-09-10,1,1
